1088 4875
9400 1065
16703 4875
46243 4875
52168 4875
61920 4875
66787 4875
68290 4875
73701 4875
91941 4875
92492 4875
93919 4875
94702 2916
95460 4875
94703 2916
66788 4875
101965 1065
103184 4875
106427 4875
107015 4875
61921 4875
115236 4875
114312 1065
129729 4875
130079 4875
132187 4875
93920 4875
141490 4875
142892 4875
114313 1065
144104 4875
68291 4875
157128 2916
157656 4875
106428 4875
95461 4875
158385 4875
158896 4875
159648 4875
167135 2916
170716 4875
106083 1828
176463 1065
177525 4875
132188 4875
184429 1065
187362 3807
1089 4875
191028 4875
191601 4802
195471 4875
158386 4875
196544 4875
52169 4875
197375 3807
92493 4875
198733 4875
106084 1828
208317 1065
210704 1065
68292 4875
114314 1065
91942 4875
215113 4875
221544 4875
95467 1065
225852 4875
183181 4875
226965 4875
228450 4875
229361 4875
229948 4875
233514 4875
234088 4875
237522 4875
238004 4875
187363 3807
238813 4875
240367 4875
240916 4875
241409 4875
16704 4875
138074 4875
244477 1828
244531 2916
245048 1065
245123 4875
240917 4875
253598 4875
171695 1828
66789 4875
91943 4875
259727 4875
207148 1828
66790 4875
264107 1065
101967 1065
68293 4875
265720 4875
264108 1065
68294 4875
262642 1828
73702 4875
275567 4875
277497 4875
66791 4875
279835 4875
281722 4875
282434 4875
46244 4875
283044 2916
283161 4875
184430 1065
61922 4875
208318 1065
285274 4875
256903 4875
144693 4875
286047 4875
66792 4875
208319 1065
115237 4875
138075 4875
290715 4875
291184 4875
183182 4875
244532 2916
170717 4875
197173 4875
187364 3807
215114 4875
293971 1828
244478 1828
284988 4875
66793 4875
298407 4875
298729 4875
94704 2916
115238 4875
157129 2916
259728 4875
187365 3807
158060 4875
114315 2916
300206 1065
106429 4875
303840 4875
66794 4875
115239 4875
234089 4875
157130 2916
282435 4875
225853 4875
167136 1065
240918 4875
287417 4875
167137 1065
300207 2916
196020 4978
66795 4875
66796 4875
214165 4875
256904 4875
315440 1065
300645 4875
293972 1828
94705 2916
295541 4875
191602 1065
310252 1065
293973 1828
303841 4875
106430 4875
92494 4875
318197 4875
318216 4875
94706 2916
114316 2916
283045 2916
319765 4875
229362 4875
191603 1065
66797 4875
66798 4875
167138 2916
197174 4875
315641 1828
303531 4875
265721 4875
94707 2916
264109 1065
176464 1065
241650 4875
106086 1828
167139 2916
66799 4875
142893 4875
66800 4875
300208 1065
244479 1828
262643 1828
158387 4875
286048 4875
208320 1065
323594 1065
316994 4875
138076 4875
190349 4875
303532 4875
52170 4875
241651 4875
167140 2916
191604 1065
315393 4875
244480 1828
316995 4875
315128 4875
244533 2916
327051 4875
68295 4875
300209 2916
68296 4875
328491 4875
226496 4875
225854 4875
196021 4875
92495 4875
329258 4875
46245 4875
66801 4875
177526 4875
103185 4875
244535 2916
93921 4875
142894 4875
210705 2916
196545 4875
307398 4875
138077 4875
244536 1065
326007 4875
195472 4875
273983 4875
46246 4875
240919 4875
241652 4875
94708 2916
286049 4875
310081 1065
295542 4875
315394 4875
66802 4875
283422 1065
285066 1065
241653 4875
300211 2916
315129 4875
157131 2916
95468 1065
101968 1065
316996 4875
283162 4875
114317 1065
330840 4875
298408 4875
66803 4875
195473 4875
273972 1828
96194 4875
256541 4875
157132 2916
167141 2916
327052 4875
288608 4875
170718 4875
283047 2916
283163 4875
305527 4875
244481 1828
158388 4875
144694 4875
233515 4875
319766 4875
273984 4875
322426 4875
9401 1065
93922 4875
68297 4875
241654 4875
331220 4875
325231 1065
95462 4875
66804 4875
68298 4875
61923 4875
293975 1828
61924 4875
322427 4875
273985 4875
214166 4875
329578 4875
319905 4875
176465 1065
324750 4875
66805 4875
244537 2916
300646 4875
94709 2916
298730 4875
61925 4875
329474 4875
319767 4875
95469 2916
158897 4875
107016 4875
91944 4875
167142 2916
329223 4875
300212 2916
91945 4875
208321 1065
95470 2916
141491 4875
226497 4875
187366 3807
244538 2916
106087 1828
262644 1828
9073 3271
32752 3271
35226 3271
36643 3271
37635 3271
44951 3271
49066 3271
53880 3271
59073 3271
73182 3271
76282 3271
80319 3271
91332 3271
95189 3271
96880 1319
102796 3942
59074 3271
112052 3271
118104 3271
130543 3271
131205 3271
131667 3942
132405 3942
80320 3942
141174 3271
37636 3271
148816 1408
130544 3271
106438 3271
141320 3271
162381 3942
96881 1319
96882 1319
112053 3271
53881 3271
106439 3271
183843 3271
148272 3271
132406 3271
171333 1319
141321 3271
171334 1319
171335 1319
95190 3271
210592 3942
183844 3271
9074 3271
130545 3271
208367 3271
80321 3271
171336 1319
59075 3271
228545 3271
230631 3942
131668 3942
239939 1408
241864 3271
59076 3271
244818 3942
216583 3271
44952 3271
197189 3271
112054 3271
241865 3271
258582 3942
148893 3271
260229 3271
207413 1319
260882 1408
202196 3271
261703 3942
141322 3271
178734 3271
197190 3271
44953 3271
35227 1319
53882 3271
178735 3271
9075 3271
141175 3271
272397 3271
273006 3271
183845 3271
275450 3271
141176 3271
183846 3271
80322 3942
277127 1408
197191 3271
222847 3271
118105 3271
106440 3271
260883 1408
95191 3271
59077 3271
238699 3942
272350 3942
102797 3942
80323 3271
290959 3271
260884 1408
118106 3271
36644 3271
183847 3271
141177 3271
241866 3271
295931 3271
222848 3271
276746 3271
141323 3271
162382 3271
299116 3271
291564 1408
251296 3942
37637 3271
162074 3271
306753 1408
197192 3271
36645 3271
260885 1408
141178 3271
36646 3271
260886 1408
257225 3271
244820 3942
179733 3942
106441 3271
141179 3271
283683 3271
314871 3271
244822 3942
260887 1408
171337 1319
264095 3271
291565 1408
283579 1408
183848 3271
102798 3942
317965 3271
73183 3271
95192 3271
106442 3271
131670 3942
210593 3942
319373 1408
35228 3271
317966 3942
272353 3942
299117 3271
106443 3271
44954 3271
321310 3271
174411 3942
167036 3942
319056 3942
112055 3271
194122 3942
118107 3271
239940 1408
197193 3271
239941 1408
112056 3271
197194 3271
91333 3271
197195 3271
299118 3271
37638 3271
272354 3942
239942 1408
194123 3942
326338 3271
293902 3271
326480 3271
216584 3271
251220 3271
141324 3271
112057 3271
49067 3271
272398 3271
314872 3271
59078 3271
9076 3271
327674 3271
35229 3271
91334 3271
323113 1408
328435 3271
178736 3271
275451 3271
174412 3271
91335 3271
80324 3271
283684 3271
91336 3271
96883 1319
91337 3271
301052 3271
216585 3271
148817 1408
150360 3942
73184 3271
239943 1408
260888 1408
293903 3271
9077 3271
141180 3271
260889 1408
96884 1319
132407 3271
53883 3271
37639 3271
319057 3942
132408 3271
102799 3942
330582 1408
291743 3942
132409 3271
49068 3271
241867 3271
131671 3942
130546 3271
174413 3271
330732 1408
332343 1319
80325 3271
35230 3271
197196 3271
318212 3271
228546 3271
95193 3271
112058 3271
118108 3271
329083 3271
239944 1408
257226 3271
148894 3271
244823 3942
327675 3271
321828 3942
257227 3271
73185 3271
148818 1408
102800 3942
59079 3271
106444 3271
260297 1319
329084 3271
80326 3271
319058 3942
49069 3271
333550 3271
32753 3271
130547 3271
275452 3271
73186 3271
9078 3271
141325 3271
95194 3271
257228 3271
330583 1408
317967 3271
197197 3271
118109 3271
106445 3271
167039 3942
49070 3271
35231 3271
9079 3271
106446 3271
95195 3271
320133 3271
333504 3271
141326 3271
197198 3271
148819 1408
102801 3942
324474 3271
244824 3942
80327 3271
217713 3271
272399 3271
330584 1408
106447 3271
330585 3271
125984 3942
239945 1408
306354 3271
37640 3271
330953 3271
131672 3942
80328 3271
171338 1319
148895 3271
323114 1408
190100 3271
257229 3271
230632 3942
260890 1408
95196 3271
241868 3271
148820 1408
35232 3271
59080 3271
9080 3271
9081 3271
319059 3942
130548 3271
73187 3271
283685 3271
197199 3271
80329 3271
307379 3942
14098 3624
47228 3909
73759 3910
81466 358
92448 3909
93642 358
47229 3909
73760 3910
137809 3910
168329 3910
150310 3909
81467 358
196476 3910
204123 3910
168330 3910
206806 3909
212782 3909
73761 3910
168331 3910
233163 3909
93643 358
212783 3909
73762 3910
47230 3909
93644 2093
185581 3909
168332 3910
258607 3909
47231 3909
261351 3909
185582 3909
14099 3909
267755 3909
168333 3910
93645 358
204588 3910
252811 3909
103404 3909
284122 358
81468 358
233061 3910
280841 3909
150312 3909
136233 3910
81469 358
294633 3910
233062 3910
196477 3910
196478 3910
93646 358
137810 3910
307485 3909
81470 358
308183 3909
212784 3909
308953 3909
246018 3909
204124 3910
93647 358
311478 3909
92449 3909
307486 3909
47232 3909
196479 3910
308954 3909
316291 3909
308955 3909
93648 358
307487 3909
93649 358
280842 3909
308956 3909
310320 3910
307488 3909
81471 358
239621 3909
81472 358
81473 358
93650 3624
316292 3909
204125 3910
271844 358
316293 3909
267756 3909
310321 3910
150313 3909
190728 358
307489 3909
214380 3910
316294 3909
204126 3910
81474 358
286880 3910
92450 3909
310322 3910
308957 3909
310323 3910
93651 358
137811 3910
92451 3909
310324 3910
315330 3909
136234 3910
168334 3910
321178 3910
212785 3909
308958 3909
308959 3909
204127 3910
81475 358
47233 3909
137812 3910
73763 3910
47234 3909
206807 3909
47235 3909
136235 3910
246019 3909
196480 3910
73764 3910
312648 3909
93652 358
136236 3910
73765 3910
264863 3909
92452 3909
93653 358
321179 3910
246020 3909
73766 3910
312649 3909
14101 3910
47236 3909
73767 3910
310325 3910
73768 3910
92453 3909
136237 3910
47237 3909
14102 3624
47238 3909
246021 3909
321180 3910
73769 3910
307490 3909
81476 358
93654 358
312650 3909
316295 3909
321181 3910
321182 3624
73770 3910
212786 3909
14103 358
7010 3700
17912 3700
26449 3700
61096 3700
92295 3700
132708 3700
134527 3700
132709 3700
92296 3700
144954 3700
171764 3700
181114 3700
92297 3700
194881 3700
200857 3700
201214 3700
204282 3700
204781 3700
208340 3700
209331 3700
214985 3700
220307 3700
92298 3700
224695 3700
61097 3700
200858 3700
61098 3700
200859 3700
81316 3700
227941 3700
227942 3700
254334 3700
92299 3700
257968 3700
239797 3700
262859 3700
239798 3700
267757 3700
200860 3700
7011 3700
239799 3700
276452 3700
61099 3700
256236 3700
200861 3700
281334 3700
171765 3700
144955 3700
284551 3700
227943 3700
229383 3700
288314 3700
17913 3700
134528 3700
204283 3700
292529 3700
291566 3700
257772 3981
234780 3700
288549 3700
258326 3700
291567 3700
144956 3700
144957 3700
243284 3700
256237 3700
291568 3700
17914 3700
239800 3700
239801 3700
7012 3700
239802 3700
258327 3700
256238 3700
171766 3700
284536 3700
7013 3700
291569 3700
291570 3700
256239 3700
227945 3700
200863 3700
256240 3700
256241 3700
17915 3700
227946 3700
309745 3700
281335 3700
81317 3700
256242 3700
290469 3700
309746 3700
256243 3700
239803 3700
290470 3700
284537 3700
201215 3700
171767 3700
294638 3981
81318 3700
234781 3700
227947 3700
283703 3700
204782 3700
200864 3700
92300 3700
61100 3700
171768 3700
81319 3700
26450 3700
239804 3700
214986 3700
142365 3700
239805 3700
7014 3700
284538 3700
288550 3700
239806 3700
17916 3700
310842 3700
306808 3700
284552 3700
294639 3981
204783 3700
17917 3700
92301 3700
92302 3700
214987 3700
256244 3700
288551 3700
267758 3700
309747 3700
256245 3700
284539 3700
309748 3700
92303 3700
61101 3700
288553 3700
204784 3700
234782 3700
92304 3700
256246 3700
309749 3700
81320 3700
229384 3700
239807 3700
329423 3700
329424 3700
209332 3700
281336 3700
291571 3700
288554 3700
14766 586
18573 586
20055 3283
24946 586
66235 2731
78122 586
78870 2731
78933 2731
82981 3283
18574 586
78123 586
14767 586
114773 2731
134636 2731
18575 586
134637 2731
114774 2731
88587 586
156300 2731
159150 2731
160610 2731
134638 2731
78871 2731
134639 2731
160611 2731
84658 586
14768 586
18576 586
182462 586
200076 3283
205968 2731
78124 586
14769 586
138808 586
217472 586
220333 2731
178281 586
84659 586
167400 2731
66236 2731
239294 1176
138809 586
88588 586
169174 2731
78125 586
14770 586
134640 2731
160612 2731
256598 2731
156301 2731
134641 2731
149075 2731
78934 2731
275447 3283
20056 1176
114775 2731
200077 3283
214236 586
217473 586
167401 2731
78126 586
200078 3283
217474 586
169175 2731
171490 2731
200079 3283
114777 981
78872 2731
232550 2731
169176 2731
78127 586
244594 586
232551 2731
78128 586
302784 2731
239295 1176
20057 3283
171491 2731
134642 2731
134643 2731
200080 3283
275448 3283
66237 2731
14771 586
275453 3283
182463 586
275454 3283
283159 3283
134644 2731
180869 586
171492 2731
114778 2731
151020 586
305203 2731
84660 586
18577 586
14772 586
78129 586
171493 2731
114779 2731
254510 2731
78935 2731
169177 2731
160614 2731
78130 586
275455 3283
171494 2731
284286 586
238537 2731
78131 586
182464 586
20058 3283
275456 3283
24947 1176
271507 2731
284287 586
78936 2731
254511 2731
169178 2731
24948 586
78873 2731
78132 586
171495 2731
254512 2731
20059 3283
256600 2731
24949 586
171496 2731
275457 3283
78133 586
78874 2731
18578 586
20060 3283
78134 586
78135 586
238538 2731
216786 2731
151021 586
151022 586
171497 2731
78136 586
283160 3283
171498 2731
9948 1474
20411 1474
26346 1474
32760 1474
20412 1474
51757 1474
54735 1474
29665 4263
72915 3625
86362 1474
20413 1474
39807 1474
118763 1474
20414 1474
29666 4263
67933 4263
91544 1474
118764 1474
144893 1474
135870 1474
39808 1474
9949 1474
32761 1474
86363 1474
32762 1474
159872 1474
54737 1474
51758 1474
202583 1474
215438 1474
215439 1474
181732 1474
135871 1474
207776 1474
32763 1474
244085 1474
54738 1474
39809 1474
261214 3233
32764 1474
144894 1474
118765 1474
181733 1474
39810 1474
9950 1474
9951 1474
144895 1474
134303 1474
118766 1474
54739 1474
54740 2377
135872 1474
20415 1474
261215 3625
189458 1474
124033 1474
86364 1474
261216 3625
159873 1474
284874 1474
215440 1474
144896 1474
189459 1474
261217 3625
39811 1474
86365 1474
222667 1474
86366 1474
39812 1474
308012 3625
72916 3625
124315 1474
144897 1474
287888 1474
26347 1474
285192 3625
54741 1474
313616 3625
278100 1474
39813 1474
20416 1474
287889 1474
144898 1474
207777 1474
134304 1474
285193 3625
72917 3625
39814 1474
319811 3625
261218 3625
282200 1474
278101 1474
91545 1474
54742 1474
39815 1474
39816 1474
189460 1474
9952 1474
39817 1474
181734 1474
9953 1474
20417 1474
144899 1474
284043 1474
195109 1474
321247 3625
135873 2377
9954 1474
54743 2377
54744 1474
332665 1474
118767 1474
118768 1474
67936 4263
9955 1474
198325 1474
135874 1474
271451 1474
26348 1474
177654 1474
26349 1474
86367 1474
134305 1474
214341 1474
86368 1474
32765 1474
32766 1474
86369 1474
51759 1474
189461 1474
29669 4263
39818 1474
39819 1474
39820 1474
134306 1474
285194 3625
26350 1474
67937 4263
285195 3625
54746 1474
4512 1627
28992 1627
39410 1627
43799 1627
63103 1627
73848 1627
74601 1627
76361 1627
89344 1627
28993 1627
63104 1627
118843 1627
28994 1627
127662 1627
132615 1627
89345 1627
118844 1627
118376 1627
4513 1627
145439 1627
118377 1627
163632 1627
137254 1627
137255 1627
43800 1627
195275 1627
43801 1627
195276 1627
195277 1627
63105 1627
137724 1627
28995 1627
28996 1627
39411 1627
137257 1627
234901 1627
237144 1627
4514 1627
144508 1627
137258 1627
118378 1627
144509 1627
256029 1627
144510 1627
63106 1627
195278 1627
76362 1627
43802 1627
137259 1627
137260 1627
28997 1627
28998 1627
214589 1627
213014 1627
118379 1627
28999 1627
237145 1627
29000 1627
137725 1627
288802 1627
118380 1627
144512 1627
137261 1627
29001 1627
256030 1627
214590 1627
4515 1627
144513 1627
43803 1627
118381 1627
144514 1627
144515 1627
74602 1627
288803 1627
74603 1627
29002 1627
237146 1627
74604 1627
256031 1627
118382 1627
29003 1627
103823 1627
73849 1627
214591 1627
144516 1627
195279 1627
29004 1627
218905 1627
43804 1627
137726 1627
144517 1627
314526 1627
214592 1627
263849 1627
288804 1627
118383 1627
132616 1627
39412 1627
4516 1627
29005 1627
29006 1627
118845 1627
76364 1627
29007 1627
218906 1627
29008 1627
137727 1627
29009 1627
330867 1627
73850 1627
118384 1627
195280 1627
29010 1627
118385 1627
220870 1627
288805 1627
144518 1627
144519 1627
137263 1627
195281 1627
80792 1627
334261 1627
256032 1627
4713 3142
288806 1627
220871 1627
144520 1627
213016 1627
4517 1627
256033 1627
263850 1627
127663 1627
118846 1627
144521 1627
118386 1627
218907 1627
118387 1627
29011 1627
118388 1627
54736 1474
202678 3233
202679 3233
54745 1474
1823 3146
8071 3146
42706 680
48345 680
48346 680
1824 3146
42707 680
110617 680
120305 3980
126661 3146
1825 3146
1826 3146
1827 3146
152614 680
42708 680
110618 680
184412 680
1828 3146
55743 680
42710 680
1829 3146
88734 3146
42711 680
55744 680
42712 680
42713 680
42714 680
42715 680
1830 3146
42716 680
55745 680
42717 680
1831 3146
88735 3146
184524 3146
110619 680
1832 3146
228425 680
42718 680
110620 680
110621 680
223846 3980
110622 680
1833 3146
88736 3146
110623 680
1834 3146
110624 680
8072 3146
184525 3146
110625 680
281476 3980
262468 680
42719 680
1835 3146
262469 680
110626 680
294299 680
42721 680
186347 680
55746 680
1836 3146
42722 3144
184526 3146
42723 680
42724 680
42725 680
42726 680
184527 3146
55747 680
48347 680
42728 680
42729 680
184528 3146
1837 3146
1838 3146
1839 3146
88737 3146
42730 680
184529 3146
42731 680
110627 680
1840 3146
1841 3146
48348 680
1842 3980
42732 680
1843 3146
55748 680
184530 3146
120306 3980
1844 3146
42733 680
294300 680
110628 680
262470 680
1845 3146
55749 680
42734 680
42735 680
42736 680
110629 680
48349 680
88738 3146
1846 3146
42737 680
8073 3146
1847 3146
1848 3146
55750 680
120307 3980
184531 3146
251564 680
184532 3146
221403 3146
42738 680
42739 680
1849 3980
55751 680
1850 3146
1851 3146
55752 680
1852 3146
184533 3146
110630 680
110631 680
88739 3146
42740 680
184534 3146
34608 2817
41434 2817
60285 2817
76729 2817
130969 2817
139260 2817
147143 2817
160331 2817
169574 2817
182573 2817
193465 3701
193660 2817
205846 2817
206649 2817
160332 2817
130970 2817
139261 2817
238109 2817
34609 2817
238842 2817
240582 2743
147144 2817
238632 3701
251801 3701
160333 2817
169575 2817
238633 2817
76730 2817
238634 2817
130971 2817
193661 2817
276519 2743
238843 2817
283027 2817
238635 2817
285040 2817
289423 2817
193662 2817
295686 2817
283028 2817
205847 2817
251802 2817
301541 2817
193466 2817
60286 2817
304308 2817
283029 2817
307459 2817
238636 2817
240583 2743
130972 2817
130973 2817
182574 2817
312233 2817
312824 2817
313404 2817
238637 3701
298482 2817
276520 2743
298483 2817
41435 2817
139262 2817
60287 2817
285041 2817
273696 2817
60288 2817
160334 2817
139263 2817
283030 2817
60289 2817
139264 2817
276521 2743
283031 2817
34610 2817
313405 2817
238844 2817
60290 2817
76731 2817
169576 2817
193663 2817
169577 2817
193467 3701
255650 2817
295687 2817
139265 2817
139266 2817
295688 2817
169578 2817
211772 2817
211773 2817
311709 2817
206650 2817
276522 2743
211774 2817
139267 2817
283032 2817
255651 2817
193664 2817
206651 2817
313617 2817
169579 2817
284526 2817
169581 2817
169582 2817
255652 2817
169583 2817
130974 2817
238845 2817
213911 2817
211775 2817
240584 2743
328955 3701
238639 2817
147145 2817
193665 2817
273697 2817
205848 2817
255653 2817
323177 2817
139268 2817
10782 1028
13285 1028
18555 1028
69065 989
77310 989
80716 989
82343 1028
85356 989
87529 989
113833 989
121054 989
85357 989
151673 989
151713 1028
155350 1028
160322 989
174466 989
176078 1028
10783 1028
180375 989
192193 989
213945 989
180376 989
80717 989
240531 989
241731 1028
69066 989
252017 989
252594 989
69067 989
87530 989
174467 989
18556 1028
155351 1028
271680 989
253123 989
283063 989
285091 1028
287886 989
122627 989
230723 989
293414 989
178342 1028
300032 989
230724 989
122628 989
241732 1028
307843 989
283064 989
252595 989
85358 989
252596 989
253124 989
253125 989
192194 989
316853 989
180377 989
85359 989
251301 989
122629 989
87531 989
319917 1028
77311 989
313262 989
155352 1028
230725 989
321776 1028
251302 989
121055 989
230726 989
178343 1028
251303 989
251304 989
174468 989
10784 1028
122630 989
320377 989
77312 989
251305 989
82344 1028
80718 989
251306 989
313263 989
321777 1028
324947 989
151674 989
10785 1028
322163 989
251307 989
18557 1028
122631 989
253126 989
192195 989
313264 989
230727 989
85360 989
331945 989
80719 989
322943 989
174469 989
182008 989
174470 989
87532 989
121056 989
122632 989
178344 1028
251308 989
178345 1028
178346 1028
261113 1028
114475 989
213946 989
320378 989
174471 989
251309 989
178347 989
122633 989
251310 989
10786 1028
11851 3431
36044 3431
52938 3431
89778 2491
92009 2491
110003 2491
144440 2491
154108 2491
154109 2491
168951 3431
144441 2491
177995 2491
94568 2491
188984 2491
191826 1075
192501 2491
188985 2491
186863 2491
194468 2491
89779 2491
89780 2491
11852 3431
154110 2491
144442 2491
206518 2491
194469 2491
194470 2491
188986 2491
238490 2491
191827 1075
251644 4756
154111 2491
228913 2491
262344 3431
218461 3431
144443 2491
251645 4756
270497 2491
206519 2491
286776 3431
286882 2491
221559 2491
206520 2491
36045 3431
206521 2491
299513 2491
290100 2491
177996 2491
36046 3431
36047 3431
307280 2491
11853 3431
194471 2491
177997 2491
312294 4756
186864 2491
166529 2491
192502 2491
154112 2491
36048 3431
11854 3431
154113 2491
253142 2491
193482 2491
186865 2491
92010 2491
175996 2491
168952 3431
313624 2491
177998 2491
175997 2491
191828 2491
193483 2491
36049 3431
313625 2491
193484 2491
194472 2491
192503 2491
11855 3431
224703 2491
192504 2491
168953 3431
262345 3431
317440 2491
144444 2491
206522 2491
194473 2491
92011 4756
175998 2491
191829 1075
11856 3431
186866 2491
286777 3431
305335 3431
144445 2491
270498 2491
194474 2491
193485 2491
332990 3431
245719 2491
286778 3431
194475 2491
194476 2491
213237 2491
92012 2491
168954 3431
290101 2491
154114 2491
194477 2491
228914 2491
186867 2491
168955 3431
186868 2491
168956 3431
106082 1828
101966 4802
106085 1828
293974 1828
283046 2916
300210 2916
244534 4802
303015 4802
4010 2273
10595 963
52688 1728
10596 963
52689 1728
73357 1728
52690 1728
96901 963
52691 1728
134408 963
152971 963
160499 963
163713 1728
170789 1728
123095 1728
134409 963
123096 1728
190516 963
123097 1728
179050 1147
212549 1147
212553 3931
152972 963
233279 963
212547 1147
212548 1147
10597 963
246693 963
123098 1728
10598 963
177299 1728
73264 1728
52692 1728
170790 1728
255677 963
123099 1728
249274 1728
273687 1728
255678 963
55811 963
292753 963
293034 963
293866 1728
80175 1728
233280 963
4011 2273
73358 1728
170791 1728
239505 2008
163714 1728
52693 1728
312362 3931
190517 963
96902 963
233281 963
190518 963
73265 1728
52694 1728
179051 963
123100 1728
73266 1728
293035 963
123101 1728
134410 963
152973 963
313842 963
10599 963
323843 1728
52695 1728
123102 1728
316621 963
55812 963
73359 1728
80176 1728
10600 963
246694 963
271549 1728
55813 963
332508 963
73360 1728
212556 963
52696 1728
292754 963
332016 3931
4012 3931
73267 1728
10601 963
4013 2273
10602 963
10603 963
170792 1728
10604 963
10605 963
10606 963
212557 3931
212558 963
134411 963
123103 1728
134412 963
163715 1728
73268 1728
61086 1156
75385 2485
76249 1156
92109 1156
76250 1156
94232 1156
141430 2485
94233 1156
92110 1156
94234 1156
94235 1156
94236 1156
88854 1156
186691 1156
210232 2485
75386 2485
215892 1156
76251 1156
61087 1156
186692 1156
75387 1026
212271 2485
61088 1156
203467 1026
75388 2485
212272 2485
212273 2485
148134 1156
186693 1156
253645 1156
228833 1156
218356 1156
212274 2485
278500 2485
186694 1156
148135 1156
238377 1026
253646 1156
212275 2485
212276 2485
186695 1156
141431 2485
94237 1156
307089 2485
253647 1156
75389 2485
253648 1156
228834 1156
76252 1156
186696 1156
212277 1026
61089 1156
253649 1156
253650 1156
253651 1156
94238 1156
238378 1026
94239 1156
307090 2485
92111 1156
148137 1156
92112 1156
76253 1156
218357 3743
238379 2485
218358 1156
94240 1156
253652 1156
141432 2485
186697 1156
253653 1156
94241 1156
186698 1156
210233 2485
228835 1156
61090 1156
94242 1156
94243 1156
148138 1156
186699 1156
212278 2485
94244 1156
148139 1156
75390 2485
148140 1156
94245 1156
141433 2485
212279 2485
253654 1156
278501 2485
61091 1156
148141 1156
228836 1156
186700 1156
94246 1156
94247 1156
212280 2485
31494 2732
41882 2732
48089 2732
49389 2732
52905 982
67588 2818
67589 813
49390 2732
67590 2818
48090 2732
74404 2732
135239 982
48091 2732
70499 2818
49391 2732
169521 2732
175465 982
74405 2732
183116 982
74406 2732
67591 2818
74407 2732
67592 2818
52906 982
135240 982
236463 2732
41883 2732
67593 2818
31495 2732
31496 2732
276436 2732
31497 2732
175466 982
48093 2732
48094 2732
277138 982
48095 2732
172576 2732
67594 2818
298850 2732
67595 813
31498 2732
48096 2732
67596 2818
48097 2732
135241 982
31499 2732
41884 2732
97216 2818
276908 2732
74408 2732
67597 2818
49392 2732
74409 2732
48098 2732
255477 2732
183117 982
313071 2732
327141 2732
231112 982
52907 982
97217 2732
31500 2732
183118 982
52908 982
135242 982
329455 2732
231113 982
41885 2732
49393 2732
74410 2732
52909 982
183119 982
295016 2732
48099 2732
31501 2732
67598 2818
322751 2732
52910 982
48100 2732
48101 2732
48102 2732
49394 2732
48103 2732
48104 2732
103897 2732
327142 2732
48105 2732
222416 2732
49395 2732
175467 982
49396 2732
231114 982
97218 2818
41886 2732
67600 2818
172579 2732
8116 2640
8117 2378
15159 2378
34177 2378
30013 2378
15160 2378
30014 2378
34178 2378
111924 2378
8118 2378
118791 2378
8119 2378
137712 2378
150318 2640
118769 2640
15161 2378
110903 2378
205700 2378
110904 2378
118792 2378
225569 2378
136722 2378
110905 2378
118771 3626
110906 2378
273678 2640
30015 2378
287174 2378
253396 2378
181673 2378
292639 2378
301357 2378
136723 2378
309290 2378
82175 2378
30016 2378
110907 2378
315620 2378
111925 2378
110908 2378
317733 2640
317809 2640
90255 2378
253397 2378
150319 2378
318617 2378
273679 2378
111926 2378
318618 2378
15162 2378
301358 2378
150320 2378
118772 2378
321921 2378
318619 2378
15163 2378
30017 2378
30018 2378
118773 2378
318620 2378
110909 2378
15164 2378
110910 2378
15165 2378
318621 2378
318622 2378
318623 2378
15166 2640
90256 2378
253398 2640
15167 2378
15168 2378
273680 2378
287175 2378
118774 2378
15169 2378
318624 2378
318625 2640
110911 2378
220879 2378
181674 3626
110912 2378
110913 2378
318626 2640
136724 2378
318627 2378
110914 2640
30019 2378
321922 2378
318628 2378
273681 2378
30020 2378
8120 2378
15170 2378
5839 1338
40289 1338
43481 1338
51281 1338
67186 1338
72866 1338
80001 1338
5840 1338
135313 1338
48041 1338
48042 1338
135314 1338
185159 1338
192388 1338
40290 1338
185160 1338
98851 1338
239451 1338
98852 1338
98853 1338
192389 1338
242626 1338
5841 1338
40291 1338
67187 1338
48043 1338
135315 1338
98854 1338
179794 1338
5842 1338
98855 1338
192390 1338
259338 1338
98856 1338
40292 1338
216761 1338
72867 1338
40293 1338
135316 1338
48045 1338
252460 1338
252461 1338
80002 1338
98857 1338
48046 1338
48047 1338
252462 1338
135317 1338
72868 1338
98858 1338
51282 1338
239696 1338
40294 1338
5843 1338
274469 1338
40295 1338
40296 1338
98860 1338
72869 1338
274470 1338
98861 1338
241886 1338
72870 1338
72871 1338
216762 1338
72872 1338
247362 1338
252463 1338
48049 1338
98862 1338
98863 1338
290260 1338
192391 1338
135318 1338
185161 1338
98864 1338
290261 1338
98865 1338
192392 1338
72873 1338
98866 1338
67188 1338
259339 1338
98867 1338
5844 1338
192393 1338
290262 1338
241887 1338
252464 1338
135319 1338
258984 1338
150309 3909
156012 4268
181490 4268
103350 4268
150311 3909
181491 3909
181492 4268
103351 4268
181493 4268
242206 4268
242207 4268
181494 4268
103352 4268
156013 4268
103353 4268
181495 4268
181496 4268
242208 4268
296742 4268
103354 4268
156014 4268
12836 3272
56701 637
56702 637
98341 637
139376 637
148158 637
148159 637
159629 3272
180159 637
182860 637
186433 637
12837 3272
210556 3272
12838 3272
215253 637
226273 1060
159630 1060
12839 3272
139377 637
226274 1060
139378 637
159632 3272
186434 637
56703 637
88065 637
88066 637
139379 637
270017 637
98342 637
159633 3272
224924 637
285721 637
213611 3272
156992 637
197048 3272
304056 637
88067 637
159634 3272
148160 637
251135 1060
282180 637
98343 637
56704 637
227939 1060
159635 3272
139380 637
139381 637
139382 637
98344 637
215254 637
88068 637
98345 637
227940 1060
180160 637
180161 637
56705 637
322694 637
224925 637
264659 637
236555 3272
139383 637
56706 637
159636 3272
236556 3272
249385 637
56707 637
186435 637
215255 637
98346 637
98347 637
98348 637
159637 3272
88069 637
159638 3272
294176 637
226275 1060
12840 3272
197050 3272
186436 637
226276 1060
322695 637
180162 637
271731 637
139384 637
322696 637
215256 637
236557 3272
215257 637
88070 637
215258 637
6994 2468
38766 2468
84879 2327
38767 2327
160209 2327
161980 2327
175755 2468
38768 2468
38769 2327
210104 2327
38770 2327
219085 2327
219605 2327
212608 2468
233041 2327
175756 2327
160210 2327
237246 2327
239031 2327
6995 2468
6996 2468
271785 2468
198224 2327
6997 2468
277003 2327
84880 2327
161981 2327
6998 2468
280855 2327
237247 2327
236341 2327
6999 2468
230808 2468
38771 2468
236342 2327
7000 2468
283756 2327
236343 2327
280856 2327
236344 2327
160211 2327
84881 2327
280857 2327
38772 2327
236345 2327
84882 2327
236518 2327
280858 2327
280859 2327
316924 2327
280860 2327
38773 2327
84883 2327
236346 2327
236347 2327
236348 2327
280861 2327
236349 2327
280862 2763
236519 2327
7001 2468
280863 2327
316926 2468
236350 2468
212609 2327
212610 2327
236351 2327
84884 2327
38774 2327
38775 2327
38776 2327
280864 2327
330804 2468
160212 2327
280865 2327
236352 2468
280866 2327
316927 2327
38777 2327
7003 2468
236353 2327
239032 2327
236354 2327
212611 2468
7004 2468
163943 3272
159631 3272
163944 3272
271730 3272
197049 3272
32382 836
63327 836
63328 836
101286 836
134138 836
142358 836
156244 836
190705 836
134139 836
32383 836
206769 836
209993 836
142359 836
74151 836
229766 836
32384 836
156245 836
253010 836
63329 836
221801 836
197988 836
272270 836
190706 836
288697 836
32385 836
221802 836
305983 836
218920 836
218921 836
190707 836
206770 836
197989 836
313639 836
221803 836
32386 836
318763 836
74152 836
320310 836
312849 836
318764 836
32387 836
101287 836
325888 836
246057 836
206771 836
134141 836
317784 836
303103 836
326120 836
190708 836
318412 4356
257170 836
74153 836
190709 836
303104 836
190710 836
221804 836
134142 836
218922 836
318765 836
63330 836
246058 836
331897 836
63331 836
303105 836
312850 836
32388 4356
134143 836
246059 836
190711 836
209994 836
134144 836
221805 836
209995 836
158721 836
312851 836
63389 675
83568 1268
118564 675
119183 675
83569 675
173841 675
63390 675
199449 675
209147 675
211677 675
190867 675
190868 675
228281 675
63391 675
171860 675
228293 675
190869 675
190870 675
63392 675
118565 675
190871 675
171861 675
83570 675
171862 675
290882 675
171863 675
228294 675
228295 675
190872 675
228296 675
228297 675
190873 675
306245 675
190874 675
83571 675
269059 675
228298 675
306246 675
171864 675
171865 675
228299 675
228300 675
260815 675
306247 675
248965 675
190875 675
63393 675
171866 675
248966 675
171867 675
248967 675
228301 675
83572 675
248968 675
171868 675
171869 675
228302 675
171870 675
83573 675
63394 675
306248 675
260816 675
190876 675
228303 675
248969 675
228304 675
190877 675
171871 675
171872 675
190878 675
171873 675
268655 675
228305 675
248970 675
47101 1925
103391 1925
113319 1925
159479 1925
174429 1925
193597 1925
159480 1925
227600 1925
231102 1925
242911 1682
254566 1925
159481 1925
159482 1925
270457 1925
159483 1925
159484 1925
264626 1925
103392 1925
264627 1925
292487 1925
159485 1925
202708 1925
294993 1925
159486 1925
295754 1925
103393 1925
174430 1925
174431 1925
242913 1682
113320 1925
284702 1925
159487 1925
309187 1925
281878 1925
283206 1925
284703 1925
103394 1925
159488 1925
260228 1925
309188 1925
103395 1925
309189 1925
47103 1925
254567 1925
295341 1925
295342 1925
264628 1925
309190 1925
103396 1925
231103 1925
153831 1925
283207 1925
159489 1925
103397 1925
283208 1925
193598 1925
308723 1682
330306 1925
47105 1925
310514 1925
103398 1925
309851 1925
227601 1925
140879 1925
309852 1925
242914 1682
317892 1925
242915 1682
295343 1925
309853 1925
283209 1925
1769 677
26730 677
55076 677
75631 677
1770 677
1771 677
100187 677
134071 677
1772 677
55077 677
26731 677
55078 677
140740 677
100188 677
134072 677
262941 677
26732 677
26733 677
26734 677
55079 677
199873 677
161961 677
281950 677
26735 677
100189 677
299408 677
302599 677
213217 677
118389 677
75632 677
75633 677
26736 677
26737 677
26738 677
199874 677
161962 677
26739 677
303586 677
298256 677
100190 677
100191 677
297691 677
55080 677
75634 677
26740 677
256249 677
298257 677
100192 677
199875 677
297692 677
100193 677
118390 677
199876 677
161963 677
26741 677
100194 677
118391 677
161964 677
262942 677
1773 677
262943 677
287659 677
26742 677
100195 677
100196 677
261956 677
262944 677
100198 677
161965 677
118392 677
3387 4188
32369 4188
46675 4188
46693 4188
46697 4188
46694 4188
46731 4188
46773 4188
46695 4188
49131 4152
49132 4152
138319 4152
46698 4188
49133 4152
183014 4188
32370 4188
204093 4152
46699 4188
46732 4188
3388 4188
3389 4188
139757 4188
46676 4188
46724 4188
46774 4188
138320 4152
46677 4188
49134 4152
3390 4188
208621 4188
208622 4188
46777 4188
274868 4188
32371 4188
46778 4188
155583 4152
138321 4152
46696 4188
32372 4188
49149 4152
32373 4188
46725 4188
46700 4188
139758 4188
49135 4152
49136 4152
49150 4152
49137 4152
49151 4152
32374 4152
287423 4152
155584 4152
46678 4188
155586 4152
46679 4188
49138 4152
49152 4152
32375 4188
46733 4188
208623 4188
3391 4188
46701 4188
274869 4188
46680 4188
32376 4188
139759 4188
46726 4188
208620 4188
49139 4152
75440 4664
127384 4664
127385 4664
272702 4664
303600 4664
127386 4664
127387 4664
290933 4664
75441 4664
311060 4664
311061 4664
311072 4664
291506 4664
311078 4664
311079 4664
311086 4664
311089 4664
169037 4664
311062 4664
311054 4664
303602 4664
311055 4664
311056 4664
311057 4664
235169 4664
311073 4664
316713 2578
311063 4664
127388 4664
127389 4664
311080 4664
311087 4664
329178 4664
311074 4664
311064 4664
311065 4664
311075 4664
311081 4664
311092 4664
75442 4664
311066 4664
311082 4664
329181 4664
329179 4664
311083 4664
329180 4664
75443 4664
311084 4664
75444 4664
311076 4664
75445 4664
311067 4664
311058 4664
311085 4664
160554 4664
311077 4664
311088 4664
311068 4664
303601 4664
75446 4664
311069 2578
303611 2578
303603 4664
301433 4664
75447 2578
75448 2578
329184 2578
303604 4664
7095 1591
41481 1591
131871 1591
41482 1591
7096 1591
164740 1591
179540 1591
156405 1591
227278 1591
137738 1591
240968 1591
195840 1591
195841 1591
264529 1591
195842 1591
272165 1591
41483 1591
191667 1591
276824 1591
293310 1591
296419 1591
291926 1591
131872 1591
41484 1591
156406 1591
308069 1591
310806 1591
291928 1591
131873 1591
195843 1591
297177 1591
137739 1591
156407 1591
318475 1591
41485 1591
318476 1591
41486 1591
276825 1591
7097 1591
276826 1591
297178 1591
270010 1591
318477 1591
195844 1591
7098 1591
131874 1591
7099 1591
318478 1591
328865 1591
318479 1591
297179 1591
7100 1591
332155 1591
41487 1591
276827 1591
156408 1591
156409 1591
156410 1591
164741 1591
41488 1591
323963 1591
318480 1591
131875 1591
318481 1591
276828 1591
318482 1591
13631 3332
23022 3332
50185 3332
68461 3332
105592 3332
23023 3332
113964 3332
112408 3982
50186 3332
112409 3332
137874 3332
148742 3332
128250 3332
50187 3332
23024 3332
13632 3332
112410 3332
235690 3332
68462 3332
283381 3332
1858 3332
292182 3332
112411 3332
292183 3332
301583 3332
130508 3332
156993 3332
156994 3332
266230 3332
23025 3332
266231 3332
13633 3332
319973 3332
50188 3332
13634 3332
171796 3332
292184 3332
50189 3332
13635 3332
68463 3332
68464 3332
112413 3332
68465 3332
156995 3332
112414 3332
266232 3982
156996 3332
110035 3332
112415 3332
112416 3332
156997 3332
113965 3332
148743 3332
50190 3332
330593 3332
13636 3332
266233 3332
305562 3332
112417 3332
128251 3332
171797 3332
156998 3332
112418 3332
148744 3332
112419 3332
48726 2358
50864 2358
94555 2358
97567 2358
99181 2358
104521 2358
106155 2358
99182 2358
99183 3744
48727 2358
97568 2358
99184 2358
170559 2358
99185 2358
167816 2358
190525 2358
48728 2358
48729 2358
134276 2358
97569 2358
134277 2358
237663 3744
167817 3744
94556 2358
187834 2358
134278 2358
99186 3744
99187 2358
115520 3744
187835 2358
97570 3744
190526 3744
97571 2358
237664 3744
134279 2358
97572 2358
134280 2358
319094 2358
48730 2358
99188 3145
97573 2358
99189 2358
97574 2358
50865 2358
134281 2358
97575 2358
99190 2358
97576 2358
48731 2358
115521 3744
97577 2358
167818 2358
50866 2358
99191 2358
134282 2358
115522 2358
99192 3744
99193 2358
50867 2358
99194 2358
167819 2358
167820 2358
75402 3345
75403 3345
100893 2543
100905 2543
100914 2543
100906 2543
100915 2543
100907 2543
100916 2543
100908 2543
100925 2543
100917 2543
101065 2543
100926 2543
174834 3345
75404 3345
98035 3345
101062 3046
100918 3046
100919 3046
100927 2543
98036 3345
264575 3345
100920 2543
100928 2543
101063 2543
100921 3046
75405 3345
100909 2543
278482 2543
297815 4464
100894 2543
278483 2543
98037 3345
100922 3046
75406 3345
244206 4464
100910 2543
174835 3345
218924 3345
218925 3345
278484 2543
100911 2543
100912 2543
101072 2543
275411 2543
100929 2543
174836 4464
100895 2543
100896 2543
174837 3345
100930 2543
100913 2543
329852 2543
100897 2543
163126 2543
329853 2543
320057 2543
75407 3345
328650 4464
244207 3345
3656 697
8268 697
28747 697
39250 697
84167 697
90882 697
3657 697
93706 697
132541 697
135500 697
93707 697
28748 697
3658 697
17790 697
84168 697
219083 697
28749 697
170029 697
267577 697
3659 697
90883 697
90884 697
3660 697
28750 697
93708 697
90885 697
8271 697
300964 697
284868 697
84169 697
277771 697
267578 697
90886 697
319165 697
320569 697
93709 697
28751 697
39251 697
93710 697
325288 697
28752 697
170031 697
277772 697
267579 697
170032 697
3661 697
93711 697
90887 697
319166 697
330955 697
316797 697
316798 697
3662 697
135501 697
90888 697
170033 697
93712 697
170034 697
235939 697
267580 697
17356 2090
20942 2090
31337 605
35267 2090
35268 2090
130158 2090
148002 2090
35269 2090
259606 2090
262815 605
272530 605
124457 2090
239155 2090
114827 2090
17359 2090
148003 2090
124458 2090
300283 605
275991 2090
31338 605
20943 2090
307469 605
272531 605
276650 2090
272532 605
275992 2090
124459 2090
259607 2090
124460 2090
259608 2090
239156 2090
20944 2090
11689 605
148004 605
239157 2090
35270 2090
31339 605
35271 2090
272533 605
31340 605
295090 2090
130159 605
272534 605
31341 605
124461 2090
307471 605
20945 2090
17360 2090
320787 2090
298599 2090
17361 2090
275993 2090
307472 605
20946 2090
307473 2090
31342 605
148005 2090
307474 605
275994 2090
239158 2090
6853 3628
27082 2764
52806 3628
79264 3628
99058 3628
124041 3628
27083 3628
124042 3628
172591 3628
27084 3628
172592 3628
208251 3628
172593 3628
124043 3628
99059 3628
6854 3628
267340 3628
164225 3628
6855 3628
267341 3628
172594 3628
27085 3628
52807 3628
124044 3587
172595 3628
99060 3628
52808 3628
172596 3628
267342 3587
172597 3628
172598 3628
52809 3628
267343 3628
79266 3628
6856 3628
27086 3628
289340 3628
124045 3628
124046 2764
6857 3628
164226 3628
6858 3628
164227 3628
27087 3628
99061 3628
6859 3628
124047 3628
180456 3628
52810 3628
164228 3628
318027 3628
180457 3628
124048 3628
52811 3628
6860 3628
6861 3628
55544 3628
6862 3628
27088 3628
124049 3628
17279 3108
29422 3836
133908 3836
29423 3836
172805 3836
172806 3836
183779 3836
183780 3836
172807 3836
178814 3836
169879 3836
172808 3836
140630 3836
133909 3836
133910 3836
29424 3836
17280 3108
287261 3108
133911 3836
29425 3836
133912 3836
133913 3836
183781 3836
178815 3836
17281 3108
183782 3836
215077 3836
183783 3836
315131 3836
183784 3836
169880 3836
259811 3836
17282 3836
215078 3836
198090 3836
178816 3836
17283 3108
325177 3836
133914 3836
172809 3836
29426 3836
303084 3108
222575 3836
287262 3108
29427 3836
325178 3836
183785 3836
209637 3836
183786 3836
332546 3836
29428 3836
133915 3836
140631 3836
172810 3836
17284 3108
133916 3836
303085 3108
17285 3108
303086 3836
169882 3836
82612 3147
82613 3147
112231 3147
102224 3333
133107 3147
145043 3147
102225 3147
102226 3147
243108 3147
102227 3147
260696 3333
102228 3147
102229 3333
102230 3147
102231 3147
102232 3333
102233 3147
102234 3147
102235 3147
296543 3147
145044 3147
307710 3333
82614 3147
82615 3147
112232 3147
296545 3333
296546 3147
102236 3333
102237 3147
102238 3147
296547 3147
296548 3147
102239 3147
102240 3147
296549 3333
48736 3147
1042 3333
102241 3147
296550 3147
82616 3147
102242 3147
102243 3147
102244 3147
308177 3147
296551 3147
296552 3147
296553 3147
112233 3147
102245 3147
296554 3333
308178 3147
82617 3147
133108 3147
102246 3147
296555 3147
296556 3147
102247 3333
102248 3333
102249 3147
55543 3628
79265 3628
55736 1406
146036 1406
166585 1406
166915 1406
167382 1406
172878 1406
178157 1406
192647 1406
196486 1406
78279 3985
219572 1406
249233 1406
55737 1406
55738 1406
254742 1406
249234 1406
146037 1406
55739 1406
55740 1406
254743 1406
167383 1406
253430 1406
274265 1406
249235 1406
253431 1406
254744 1406
254745 1406
249236 1406
144451 1406
254746 1406
253432 1406
254747 1406
172879 1406
249237 1406
249238 1406
274266 1406
254748 1406
143372 1406
254749 1406
254750 1406
254751 1406
254752 1406
253433 1406
253434 1406
55741 1406
167384 1406
254753 1406
143375 3985
249239 1406
253435 1406
249240 1406
253436 1406
253437 1406
254754 1406
253438 1406
249241 1406
254755 1406
167385 1406
292895 3587
15899 4734
72718 2765
82854 4734
15900 4734
107723 4734
122691 4734
82855 4734
107724 4734
103405 4734
137315 4734
142671 4734
122692 2765
103406 4734
142672 4734
15901 4734
72135 4734
226221 4734
72136 4734
137316 4734
226222 4734
72719 4734
297518 4734
72137 2765
292187 4734
122693 4734
15902 4734
72720 2765
15903 4734
103407 4734
122694 4734
165425 4734
165426 4734
72721 4734
15904 4734
137317 4734
72139 4734
137318 4734
292188 4734
15905 4734
165427 4734
72722 4734
137319 4734
107725 4734
82856 4734
107726 4734
107727 4734
82857 4734
122695 2765
72723 4734
196120 4734
142673 4734
297519 2765
188520 4734
107728 4734
107729 4734
31958 3986
78174 3986
121915 3339
135083 3986
31959 3986
197687 3986
139420 3986
226317 3986
234092 3339
78175 3986
259331 3986
197688 3986
197689 3986
226318 3986
266130 3986
31960 3986
272386 3986
31961 3986
78176 3986
121916 3339
263577 3986
273003 3986
271932 3986
220200 3986
135084 3986
263381 3986
78177 3986
234093 3339
78178 3986
78179 3986
297166 3986
121917 3339
271933 3986
121918 3339
263578 3986
259332 3986
297167 3986
197690 3986
281236 3339
78180 3986
78181 3986
281237 3339
220202 3986
121919 3339
135085 3986
234094 3339
273004 3986
259333 3986
271934 3986
271935 3986
281238 3339
31962 3986
31963 3986
263382 3986
35233 1092
35234 4413
182656 3795
182657 3795
182658 3795
126441 1092
211693 3795
35235 1092
211694 3795
250566 1092
250570 1092
204575 1092
204576 1092
35236 1092
225762 1092
35237 1092
182662 3795
182663 3795
211695 3795
244841 3795
35238 1092
35239 1092
126442 1092
182659 3795
182660 3795
211696 3795
258499 1092
35240 4413
244842 3795
195014 3795
244843 3795
126443 1092
239506 3795
250571 1092
250567 1092
182661 3795
204577 1092
204578 1092
35241 1092
258500 3795
314783 3795
211697 3795
211698 3795
126444 1092
126445 1092
126446 1092
126447 1092
250572 1092
250568 1092
250573 1092
250569 1092
182664 3795
571 3879
10421 577
35214 3879
10422 577
38097 1612
86107 3879
38098 577
35215 3879
172050 577
38099 577
206414 3879
38100 577
572 3879
38101 577
38102 577
232849 4247
35216 3879
38103 577
38104 577
38105 577
38107 577
573 3879
38108 1612
35217 3879
38109 577
38110 577
10423 577
10424 577
38111 577
38112 577
38113 577
38114 577
38115 577
38116 577
574 3879
10425 577
322122 577
322123 577
129687 577
38118 577
38119 577
35218 3879
575 3879
38120 577
35219 3879
35220 3879
576 3879
35221 3879
322124 577
30103 577
10426 577
38121 577
11075 3424
31528 3424
11076 3424
144834 3424
154500 3424
184896 3424
11078 3424
207117 3424
215387 3424
31529 3424
31530 3424
11079 3424
11080 3424
274567 3424
11081 3424
154501 3424
283682 3424
11082 3424
290279 3424
11083 3424
11084 3424
11085 3424
299356 3424
11086 3424
290280 3424
11087 3424
233455 3424
11090 3424
307666 3424
11091 3424
299357 3424
144835 3424
299358 3424
11092 3424
307667 3424
144836 3424
185619 3424
290281 3424
11093 3424
144837 3424
144838 3424
31531 3424
269684 3424
11094 3424
299359 3424
320718 3424
144839 3424
269685 3424
11095 3424
320719 3424
269686 3424
15906 4734
15907 4734
25332 3912
61972 3912
110403 3912
137382 3629
151349 2917
181449 3629
181532 3912
25333 3912
191639 3912
61973 3912
151350 2917
191640 3912
191641 3912
250236 3912
230430 3912
268907 3912
25334 3912
191642 3912
191643 3912
311007 3912
191644 3912
25335 3912
191645 3912
191646 3912
191647 3912
191648 3912
222056 3912
137383 3629
61974 3912
229608 2917
230431 3912
137384 3629
191649 3912
230432 3912
61975 3912
319683 3912
25336 3912
61976 3912
222057 3912
32198 3912
230433 3912
191650 3912
25337 3912
191651 3912
191652 3912
222058 3912
319631 3629
61977 3912
222059 3912
137385 2917
128262 2910
156830 2910
191297 2910
191298 2910
179359 2910
218958 2910
191299 2910
190816 2910
251694 2910
190817 2910
236956 2910
218959 2910
128263 2910
236957 2910
190818 2910
128264 2910
190819 3864
236959 2910
188621 2910
311272 2910
236960 2910
236961 2910
314956 2910
128265 2910
191301 2910
236962 2910
188622 2910
293005 2910
190822 2910
288235 2910
288236 2910
251695 2910
288237 2910
287915 2910
236963 2910
218960 2910
235596 2910
191302 2910
190825 2910
218961 2910
188623 2910
218962 2910
218963 2910
128266 2910
236964 2910
288238 2910
287916 2910
128267 2910
191304 2910
218964 2910
6827 3015
34094 3015
51801 3015
6828 3015
152801 3015
157976 3015
157977 3015
6829 3015
199170 3015
215921 3015
193216 3015
34095 3015
247948 3015
252945 3015
266041 3015
215922 3015
252946 3015
186480 3015
51802 3015
266042 3015
157978 3015
215923 3015
6830 3015
131697 3015
34096 3015
6831 3015
186481 3015
152802 3015
287310 3015
152803 3015
247949 3015
319534 3015
252947 3015
152804 3015
51803 3015
34097 3015
186482 3015
157979 3015
319535 3015
247950 3015
152805 3015
333807 3015
157980 3015
34098 3015
287311 3015
332437 3015
247951 3015
199171 3015
229872 3015
2902 534
55186 1849
61645 1849
2903 1849
132439 3485
55187 1849
65877 1849
65878 1849
65879 3485
65880 1849
65881 1895
177561 534
244432 1849
65882 534
65883 1849
65884 534
259801 534
65885 534
65886 1849
65887 1849
2904 1849
61646 1849
65888 1849
2905 1849
2906 1849
276415 534
276416 1849
304111 534
276417 1849
276418 1849
65889 1849
65890 1849
276419 1849
65891 534
2907 1849
65892 1849
65893 1849
65894 1849
65895 1849
65896 534
55188 1849
177562 1849
276420 1849
65897 1849
65898 1849
65899 534
65900 1849
65901 1849
65902 534
27534 2484
50160 2484
88804 3987
50161 2484
136924 2484
151937 3987
50162 2484
136925 2484
50163 2484
171527 2484
50164 2484
50165 2484
171528 2484
50166 2484
171529 2484
50167 2484
50168 2484
50169 2484
50170 2484
210740 2484
290958 2484
299667 2484
50171 2484
305646 2484
15650 2484
27535 2484
50172 2484
305647 3745
27536 3745
50173 2484
50174 2484
235545 2484
171531 2484
171532 2484
136926 3745
151939 3987
171533 2484
171534 2484
88805 2484
50175 2484
151941 3987
314677 2484
210743 3987
50176 2484
50177 2484
314678 2484
235546 2484
27537 2484
50178 2484
19456 4467
34781 4467
58417 1245
180069 4467
180071 4467
198029 4467
19457 4467
198030 4467
58418 1245
212916 4467
58419 1245
227406 4880
230676 4773
227407 4880
227408 4880
230677 4773
232479 4773
58420 1245
232480 4880
227409 4880
227410 4880
232481 4880
58421 4880
58422 1245
293208 4467
232482 4880
120940 4880
323427 4467
324037 4467
324039 4467
198035 4467
19458 4467
58423 1245
198036 4467
222770 1245
58424 1245
58425 1245
333916 4467
180070 4467
19459 4467
198037 4467
19460 4467
198038 4467
198039 4467
198040 4467
227411 4880
227412 4880
227413 4880
227414 4880
10925 4876
14158 4876
29702 4876
80655 4876
29703 4876
202831 4876
14159 4876
132556 4876
202832 4876
225998 4876
209166 4876
202229 4876
209167 4876
10926 4876
29704 4876
132557 4876
10927 4876
10928 4876
224629 4876
295010 4876
132558 4876
80656 4876
240476 4876
228748 4876
317532 4876
132559 4876
240477 4876
240478 4876
132560 4876
14160 4876
209168 4876
80657 4876
209169 4876
202833 4876
330852 4876
14161 4876
209170 4876
325524 4876
14162 4876
224630 4876
14163 4876
224631 4876
132561 4876
224632 4876
303374 4876
240479 4876
29705 4876
132562 4876
25655 528
49716 528
51956 528
49717 528
73407 528
51957 528
73408 528
73409 528
25656 528
73411 528
73413 528
22839 528
73414 528
73415 528
73416 528
73417 528
97131 528
184487 528
200808 528
305561 528
25657 528
184488 528
73418 528
306203 528
51958 528
28916 528
73419 528
184489 528
73420 528
200809 528
97132 528
184490 528
73421 528
73422 528
184491 528
229960 528
97133 528
73423 528
73424 528
306204 528
49718 528
49719 528
25658 528
73426 528
25659 528
73428 528
73429 528
52738 2918
79739 2918
96363 2918
97892 2918
135134 4803
97893 2918
183593 2918
79740 2918
96364 3588
79741 2918
52739 2918
245919 3588
79743 2918
79745 2918
243285 2918
243286 2918
96365 2918
79746 2918
79747 2918
79748 2918
317819 2918
202160 2918
285277 2918
297646 2918
79749 2918
234683 2918
79750 2918
79751 3588
52740 2918
79752 2918
79753 2918
52741 3588
79754 2918
79755 2918
327241 2918
79757 2918
285278 3588
96366 2918
79758 2918
79759 2918
79760 2918
234684 2918
234685 3588
79761 2918
243287 2918
79762 2918
234686 2918
1814 1456
26726 3016
65621 1456
1815 1456
166717 1456
168818 1456
176437 1456
176438 1456
210723 1456
200055 1456
221141 1456
65622 1456
1816 1456
255110 1456
1817 1456
221142 1456
221143 1456
1818 1456
284876 1456
210724 1456
1819 1456
255111 1456
302508 1456
312263 1456
291752 1456
289619 1456
166718 1456
95406 1456
270536 1456
210725 1456
26728 1456
255112 1456
331701 1456
65623 1456
210726 1456
219350 1456
302509 2246
221144 1456
328418 1456
176439 1456
255189 1456
333829 1456
221145 1456
26729 1456
65624 1456
316593 1456
221146 1456
19983 3631
83417 3234
139507 3631
139508 3911
215842 3631
235228 3631
243735 3631
271383 3631
257773 538
282190 3631
243736 3631
186283 3631
19984 3631
235230 3631
257774 3631
19985 3631
139509 3631
19986 3631
257775 3631
19987 3631
271384 3631
139510 3631
325760 3631
310291 3631
257776 3631
325054 3631
139511 3631
328584 538
243737 3631
215844 3631
139512 3631
83418 3631
243738 3631
19988 3631
139513 3631
83419 3631
243739 3631
215845 3631
243740 3631
300809 3631
139514 3631
19989 3631
271385 3631
19990 3631
235231 3631
186284 3631
50416 3105
50417 3105
105375 3105
113177 3105
147368 3105
155518 3105
50419 3105
155519 3105
2635 3105
50420 3105
105376 3105
157025 3105
155520 3105
147369 3105
50421 3105
50422 3105
105764 3105
157026 3105
50423 3105
30393 3105
182947 3105
182948 3105
174486 3105
105377 3105
147370 3105
50425 3105
229116 3105
157028 3105
182949 3105
105378 3105
312519 3105
113178 3105
2636 3105
174487 3105
182950 3105
113179 3105
229117 3105
312520 3105
174488 3105
182952 3105
2637 3105
2638 3105
182953 3105
174489 3105
182954 3105
155521 3105
3305 2911
3306 2911
3307 3865
124533 2911
3308 2911
141672 2911
30928 2911
187712 3526
152179 2911
152180 2911
187713 3526
124534 2911
152181 3865
187714 3526
141673 2911
124535 2911
152183 2911
3309 2911
30929 2911
3310 2911
141674 2911
30930 2911
141675 2911
152184 2911
3311 2911
152185 2911
152186 2911
226392 3865
187715 3526
30931 2911
152187 2911
152188 2911
152189 2911
226393 2911
152190 2911
152191 2911
226394 2911
3312 2911
152192 2911
226395 2911
152193 2911
152194 2911
187716 3526
152195 2911
30932 2911
226396 2911
19938 3867
76423 3867
19939 3867
76424 3148
108268 3867
19940 3867
19941 3867
76425 3867
19942 3867
180021 3148
204802 3867
151531 3867
224549 3867
152877 3867
180022 3867
76426 3867
151532 3867
268514 3867
278187 4735
76427 3867
204803 3867
19943 3867
180023 3867
308298 3867
224550 3148
224551 3867
152878 3867
76428 3867
224552 3867
19944 3867
19945 3867
19946 3867
180024 3867
76429 3867
152879 3867
111464 3867
19947 3867
184714 3867
180025 3867
224553 3148
256971 3867
224554 3867
315032 3148
76430 3867
180026 3867
76431 3867
186208 1093
213572 1093
260515 1093
186209 1093
213573 1093
147762 1093
301495 1093
213574 1093
186210 1093
312939 1093
213575 1093
260516 1093
300550 2631
300551 1093
213576 1093
334746 1093
334701 1093
213577 1093
213578 1093
309306 1093
276344 1093
277603 1093
334745 2631
186211 1093
300552 1047
277604 1093
186212 1093
260517 1093
186213 1093
277605 2631
260518 1093
312940 1093
300553 1093
300554 1093
300555 1093
186214 1093
333774 1093
186215 1093
186216 1093
186217 1093
252402 1093
333775 1093
260519 1093
186218 1093
186219 1093
123885 3911
38923 533
63208 533
103355 533
104737 533
120795 533
150750 533
120796 533
63209 533
172470 533
207536 533
172471 533
172472 533
250782 533
172473 533
214612 533
172474 533
172475 533
282734 533
38924 533
172476 533
104738 533
214613 533
172477 533
284936 533
184686 533
214614 533
214615 533
284937 533
172479 533
178466 533
284938 533
172480 533
172481 533
172482 533
38925 533
214616 533
38926 533
214617 533
38927 533
120797 533
104739 533
284939 533
172483 533
38928 533
4268 1082
4269 1082
9507 1082
91077 1082
9508 1082
136530 1082
136534 1082
136527 1082
9509 1082
219207 1082
9510 1082
248935 1082
248936 1082
136531 1082
136532 1082
229168 1082
271074 1082
248937 1082
202479 1082
306380 1082
313626 1082
4270 1082
202480 1082
9512 1082
202481 1082
229169 1082
9513 1082
136533 1082
136535 1082
306381 1082
136528 1082
9514 1082
91079 1082
136529 1082
271075 1082
202482 1082
9515 1082
248938 1082
4271 1082
306382 1082
136536 1082
331942 1082
248939 1082
4272 1082
106029 804
106030 804
166191 1413
207159 804
252895 804
255151 804
197447 1413
197448 1413
106031 804
279676 804
197449 1413
197450 1413
197451 1413
197452 1413
106032 804
197453 1413
197454 1413
81028 804
279677 804
197455 1413
197456 1413
279678 804
197457 1413
197458 1413
81030 804
279679 804
197459 1413
106033 804
197460 1413
197461 1413
197462 1413
197463 1413
279681 804
197464 1413
65778 804
312983 804
279682 804
106034 804
120988 1413
106035 804
279683 804
312984 3425
279684 804
279685 804
12146 3426
141415 3426
174771 3426
176425 3426
12147 3426
183740 3426
234569 3426
183741 3426
256209 3426
12148 3426
262394 3426
183742 3426
183743 3426
183744 3426
183745 3426
262395 3426
183746 3426
183747 3426
176426 3426
262396 3426
262397 3426
183748 3426
262398 3426
183749 3426
183750 3426
262399 3426
183751 3426
287441 3426
183752 3426
262400 3426
256210 3426
12149 3426
262401 3426
183753 3426
262402 3426
183754 3426
262403 3426
262404 3426
262405 3426
183755 3426
210652 3426
183756 3426
262406 3426
79742 2918
86970 4774
133257 4774
133375 4774
178220 4774
178239 4774
255369 4774
268183 4774
288335 4774
288336 4774
86971 4774
308888 4774
178221 4774
133258 4774
297824 4774
178240 4774
297825 4774
86972 4774
297826 4774
297827 4774
310561 4774
178241 4774
137126 4774
178222 4774
268184 4774
86973 4774
178242 4774
133376 4774
133377 4774
133378 4774
133259 4774
255370 4774
178223 4774
268185 4774
268186 4774
334455 4774
326237 4774
268187 4774
268188 4774
178243 4774
297828 4774
297829 4774
255371 4774
50104 4775
50110 4775
50111 4775
128635 4775
50112 4775
101797 4775
156520 4775
128636 4775
192309 4775
128637 4775
50113 4775
128638 4775
156521 4775
263335 4775
50114 4775
50115 4775
50105 4775
50106 4775
50116 4775
239525 4775
156522 4775
156523 4775
50117 4775
195668 4775
50118 4775
156524 4775
305568 4775
50119 4775
50107 4775
50120 4775
128639 4775
50108 4775
50121 4775
101798 4775
50122 4775
50123 4775
195669 4775
50124 4775
156525 4775
50125 4775
50109 4775
101799 4775
60858 1613
61093 1613
72874 1613
84935 1613
88368 1613
60859 1613
171569 1613
175891 1613
176317 1613
94962 1613
221720 1613
94963 1613
176318 1613
60860 1613
176322 1613
260990 1613
260991 1613
260992 1613
61094 1613
94967 1613
94968 1613
60861 1613
94969 1613
94970 1613
94972 1613
260993 1613
260994 1613
300680 1613
260995 1613
298935 1613
61095 1613
60862 1613
260996 1613
94975 1613
94976 1613
94977 1613
300681 1613
260997 1613
260998 1613
18303 1613
94980 1613
37651 1301
68047 3106
158702 3106
179474 1301
68048 3106
217146 1301
68049 3106
239936 1301
158703 3106
158704 3106
68050 3106
68051 3106
68052 3106
68053 3106
287913 1301
239937 1301
297367 1301
37652 1301
37653 1301
254563 3106
68054 3106
68055 3106
68056 3106
68057 3106
307978 1301
167349 1301
68058 3106
37654 1301
326349 1301
158705 3106
158706 3106
179475 1301
37655 1301
158707 3106
296143 1301
239938 1301
217147 1301
254274 3106
68059 3106
37656 1301
37657 1301
36630 2082
85551 2082
155669 2082
173657 2082
175831 2082
85552 2082
212158 2082
175832 2082
272221 2082
183329 2082
85553 2082
173658 2082
299715 2082
173659 2082
299716 2082
36631 2082
302674 2082
36632 2082
305277 2082
305278 2082
85554 2082
173660 2082
212159 2082
309033 2082
183330 2082
270519 2082
173661 2082
183331 2082
183332 2082
270520 2082
212160 2082
183333 2082
270521 2082
183334 2082
155670 2082
175833 2082
173662 2082
173663 2082
85555 2082
272222 2082
183336 2082
14184 3866
90296 3866
128442 3866
139523 3866
145085 3866
160466 3866
161690 3866
90297 3866
128443 3866
161691 3866
90298 3866
160467 3866
90299 3866
145086 3866
14185 3866
176560 3866
90300 3866
199701 3866
167871 3866
167872 3866
305477 3866
128444 3866
128445 3866
311415 3866
128446 3866
313019 3866
305478 3866
241880 3866
241881 3866
176561 3866
167873 3866
199702 3866
327305 3866
90301 3866
167874 3866
204237 3866
14187 3866
160468 3866
14188 3866
176562 3866
204238 3866
41169 3944
98939 1210
136080 3944
142764 1210
41170 3944
207912 467
98940 1210
222834 467
267197 467
98941 1210
277359 3490
267198 467
284629 1210
300903 3944
98942 1210
310639 3944
142765 1210
284630 3944
300904 3944
327137 467
315633 3944
217854 1210
282346 467
327138 467
327139 467
207913 467
136081 3944
284631 1210
282347 467
98943 1210
282348 467
207914 467
207915 3490
207916 467
222835 467
284632 1210
284633 1210
222836 467
327140 467
282349 467
282350 467
49526 996
100031 4960
127743 3670
178202 4960
181665 3670
181678 4960
181666 3670
127744 3670
127745 3670
127746 3670
49527 4960
264612 3670
265167 3670
178203 4960
49528 3670
127747 3670
127748 3670
181667 3670
324107 4715
324108 4715
178204 4960
49529 3670
49530 3670
49531 3670
181685 996
333075 3670
100032 4715
183037 4960
100033 3670
264613 3670
265168 3670
264614 3670
333076 3670
265169 3670
264615 3670
181679 4960
127749 3670
127750 3670
264616 3670
49532 3670
311423 3670
46025 2504
82159 2504
82160 2504
82161 2504
82162 2504
46026 2504
254426 4153
250535 4153
250536 4153
300313 2504
82163 2504
300958 2504
82164 2504
82165 2504
46027 2504
82166 2504
192457 2504
308831 2504
82174 2504
82167 2504
322351 2504
46028 2504
82168 2504
300314 2504
308832 2504
331567 2504
250537 4153
308833 2504
297902 2504
254427 4153
82169 2504
82170 2504
250538 2504
82171 2504
254428 4153
300315 2504
46029 2504
82172 2504
250539 2504
250540 2504
7231 3838
10131 3838
25342 3838
63619 724
7232 3838
143109 3838
25343 3838
163242 3838
7233 3838
146568 3838
10132 3838
25344 3838
146569 3838
143110 3838
276837 724
163243 3838
95104 3838
10133 3838
63620 724
7234 3838
146570 3838
276838 724
25345 3838
10134 3838
163244 3838
63621 724
163245 3838
229917 3838
63622 724
95105 3838
7235 3838
95106 3838
267923 3838
163246 3838
146571 3838
276839 724
7236 2641
146572 3838
25346 3838
41461 470
106369 470
106370 470
161309 470
161310 470
159151 470
179968 1372
161311 470
220085 1372
159152 470
241538 470
161312 470
220086 1372
41462 470
161313 470
41463 470
288832 470
159153 470
161316 470
106371 470
159154 470
173412 470
159155 470
159156 470
161317 470
41464 470
41465 470
159157 470
41466 470
161318 470
106372 470
161319 470
161320 470
161321 470
159158 470
295597 470
159159 470
106373 470
159160 470
519 4899
38653 253
96900 253
145427 4252
242712 253
145428 4252
252187 4252
38654 253
51176 253
252188 4252
273963 253
253984 253
302103 3578
38655 253
280487 4252
302104 3578
253985 2408
520 4899
252189 4252
38656 253
521 4899
51158 253
522 4899
523 4899
273965 253
252193 4252
302105 3578
145429 4252
145430 4252
524 4899
145431 4252
253989 253
253990 253
51177 253
280488 4252
302106 3578
253991 253
145432 4252
38657 253
23951 3710
32080 3165
63950 3710
71665 3710
32081 3165
63951 3710
79622 3710
133520 3710
32082 3165
32083 3165
133521 3710
134234 3165
133522 3710
228635 3710
32084 3165
263353 3710
23952 3710
163948 3710
32085 3165
23953 3710
312533 3710
32086 3165
322109 3989
236049 3710
32087 3165
23954 3710
280614 3710
236050 3710
200335 3710
32088 3165
280615 3710
133523 3710
32089 3165
32090 3165
23955 3710
23956 3710
71666 3710
23957 3710
134235 3165
161314 481
161315 481
23532 3281
25282 3281
76894 3281
148569 3281
149041 3281
165403 3281
217211 3281
148570 3281
226714 3281
25283 3281
23533 3281
23534 3281
219597 3281
165405 3281
276638 3281
284288 3281
149042 3281
148571 3281
226715 3281
76895 3281
25284 3281
265736 3281
270412 3281
23535 3281
326337 3281
239045 3281
265737 3281
165406 3281
327443 3281
219598 3281
270413 3281
334087 3281
23536 3281
76896 3281
76897 3281
270414 3281
219599 3281
149043 3281
101518 478
111876 478
111877 478
111878 478
184548 478
209039 478
101519 478
111879 478
219901 478
255882 478
209040 478
111880 478
219902 478
219903 478
111881 478
219904 478
326652 478
209041 478
111882 478
111883 478
111884 478
101520 478
219905 478
101521 478
219906 478
219907 478
111885 478
219908 478
101522 478
111886 478
111887 478
111888 478
111889 478
111890 478
111891 478
219909 478
219910 478
38502 1183
38503 1183
125627 1183
125628 1183
162295 1676
38505 1183
125629 1183
213998 1183
125630 1183
125631 1183
213999 1183
38506 1183
265624 1183
38507 1183
125633 1183
125634 1183
310037 1676
125635 1183
125645 1183
38508 1183
125636 1183
38509 1183
38510 1183
125637 1183
38511 1183
125638 1183
38512 1183
297621 1183
214000 1183
82626 1183
125639 1183
125640 1183
125641 1183
38513 1183
297620 1183
38515 1183
240376 1183
4944 4414
6381 1579
6382 1579
18307 2943
30686 2943
33861 2943
33865 2943
33866 2943
33875 2943
33876 2943
33877 2943
33959 2943
33973 2943
33974 2943
4945 4414
36590 2943
36591 2943
35952 4414
33975 2943
115845 2943
115846 2943
115847 2943
115848 2943
115863 2943
115864 2943
18308 2943
138797 2943
18309 2943
138798 2943
138799 2943
6383 1579
18310 2943
6384 1579
95444 1579
95445 1579
6385 1579
6386 1579
91839 3659
196072 3659
226775 3580
228255 3659
74638 3659
232742 3659
232741 3659
239160 3659
91840 3659
291662 3659
226776 3580
91841 3659
313408 3659
26047 2409
226777 3580
232743 3659
226778 3580
91842 3659
91843 3659
298809 3659
91844 3659
313409 2409
228256 3659
226779 3580
91845 3659
226780 3580
319882 3580
226781 3580
296750 3580
26050 2409
91846 3659
91847 3659
317314 2409
196073 3659
296751 3580
228257 3659
26051 2409
136049 2073
162131 2073
192298 2073
162132 2073
204506 2073
268564 2073
275351 2073
275359 2073
279057 2073
285610 2073
192299 2073
204507 2073
275352 2073
192300 3647
136050 2073
57256 2073
232125 2073
192302 2073
275353 2073
204508 2073
275354 2073
254906 2073
285611 2073
204509 2073
303993 2073
204510 2073
192303 2073
268565 2073
162133 2073
162134 2073
292988 2073
279058 2073
275360 2073
204511 2073
334224 2073
268566 2073
333551 2073
25930 4776
120377 4776
128949 4776
179897 4776
181822 4776
185672 4776
195418 4776
198850 4776
215028 4776
218649 4776
225725 4776
251409 4776
257080 4776
258796 4776
272121 4776
284143 4776
25931 4776
185673 4776
297712 4776
297713 4776
312799 4776
179898 4776
287641 4776
284149 4776
284150 4776
331140 4776
284151 4776
62438 4776
287642 4776
284152 4776
198851 4776
181823 4776
215029 4776
25932 4776
120379 4776
179899 4776
284153 4776
95599 717
105999 717
110217 717
157202 717
110218 717
196501 717
196502 717
196503 717
245610 717
106000 717
157203 717
249245 717
157204 717
110221 717
106003 717
106004 717
289335 717
110222 717
110223 717
196504 717
106005 717
157205 717
106006 717
122443 717
95600 717
196505 717
110224 717
106007 717
157206 717
210940 717
95601 717
49323 717
95602 717
95603 717
95604 717
249246 717
9457 1757
96898 1757
96899 1757
141454 1757
110589 1757
110590 1757
141455 1757
204486 1757
110591 1757
9458 1757
141456 1757
207570 1757
110592 1757
207571 1757
141457 1757
110593 1757
297006 1757
110594 1757
170865 1757
110595 1757
316123 1757
309012 1757
207572 1757
290781 1757
110596 1757
9459 1757
110597 1757
290782 1757
110598 1757
207573 1757
207574 1757
207575 1757
141458 1757
9460 1757
110599 1757
170868 1757
62476 3236
114863 3236
177737 3236
114864 3236
114865 3236
210041 3236
192704 3236
210042 3236
177738 3236
210043 3236
210044 3236
114866 3236
283099 3236
245426 3236
301598 3236
310780 3236
114867 3236
210045 3236
210046 3236
210047 3236
210048 3236
210049 3236
62477 3236
31290 3236
210051 3236
210052 3236
302414 3236
210053 3236
283100 3236
62478 3236
302415 3236
283101 3236
177739 3236
192705 3236
210054 3236
114868 3236
72010 1448
119521 1448
146218 1448
146219 1448
169687 1448
180835 1448
186251 1448
119522 1448
192424 1448
153482 1448
72011 1448
119524 1448
192425 1448
186431 1448
72012 1448
72013 1448
153484 1448
119525 1448
76418 1448
119526 1448
72014 1448
180836 1448
180837 1448
120303 1448
119527 1448
119528 1448
119529 1448
119530 1448
119531 1448
119533 1448
153486 1448
72015 1448
119534 1448
119535 1448
280526 1448
153488 1448
15995 2545
15996 3577
38445 3577
63844 3577
110024 3577
63845 3577
170292 3577
38446 3577
223607 3577
170293 3577
242877 2827
38447 3577
255161 3577
15997 3577
38448 3577
33660 3577
33661 3577
110025 3577
242878 2827
38449 2827
170294 2545
255162 2545
170295 3577
170296 3577
63846 3577
15998 3577
33662 3577
170297 2545
259095 2545
38450 3577
255163 3577
273786 2545
170298 3577
33663 3577
15999 3577
170299 3577
6919 840
74332 840
85781 840
110476 840
6920 840
185951 840
6921 840
6923 840
24916 840
137232 840
110477 840
6924 840
6925 840
110478 840
6926 840
6927 840
296482 840
110479 840
6928 840
6929 840
110480 840
6930 840
110481 840
245751 840
110482 840
74333 840
317325 2969
245752 840
110483 840
6931 840
6932 840
6933 840
6934 840
6935 840
6936 840
329535 2969
11702 1592
76083 1592
91715 1592
95310 1592
91716 1592
166132 1592
138763 1592
11703 1592
313599 1592
11704 1592
76084 1592
138765 1592
95311 1592
138766 1592
248380 1592
316889 1592
91717 1592
138767 1592
316890 1592
138768 1592
316891 1592
11705 1592
138769 1592
138770 1592
206 1592
138771 1592
138772 1592
138773 1592
309623 1592
138774 1592
138775 1592
323875 1592
76085 1592
11706 1592
138776 1592
119058 2544
197884 2544
92860 2544
258670 2544
92861 2544
260267 2544
119059 2544
266694 2544
92862 2544
266695 2544
266696 2544
92865 2544
258671 2544
258672 2544
92868 2544
266697 2544
266698 2544
119060 2544
92872 2544
197885 2544
318940 2544
266699 2544
197886 2544
296732 2544
119061 2544
266700 2544
260268 2544
119062 2544
92874 2544
197887 2544
321625 2544
224556 2544
197888 2544
119063 2544
92876 2544
11836 4265
93073 4265
110250 4265
118152 4265
93074 4265
118153 4265
130209 4265
151519 4265
93075 4265
118154 4265
93076 4265
11837 4265
110251 4265
11838 4265
285135 4265
11839 4265
130210 4265
261638 4265
11840 4265
11841 4265
151520 4265
110252 4265
275816 4265
130211 4265
252316 4265
130212 4265
130213 4265
110253 4265
11842 4265
130214 4265
118155 4265
151521 4265
110254 4265
130215 4265
130216 4265
114979 2754
117071 2754
114980 2754
114981 2754
114982 2754
226795 2754
217990 2754
114983 2754
226796 2754
114984 2754
226797 2754
226798 4339
117072 2754
114985 2754
226799 2754
312440 2754
117073 2754
226800 2754
123668 2754
216923 2754
308728 2754
117074 2754
217991 2754
317295 3017
268315 2754
268316 2754
123669 2754
217992 2754
226801 2754
123670 2754
226802 4339
308730 2754
123671 2754
226803 2754
117075 2754
2526 3990
33378 3990
61993 3990
110367 1943
135284 3990
33379 3990
129362 1943
182018 3990
91743 3990
2527 3990
33380 3990
135285 3990
33381 3990
129363 1943
33382 3990
61994 3990
181446 1943
291163 3990
135286 3990
259455 3990
2528 3990
129364 1943
61995 3990
2529 3990
273135 3990
259456 3990
129365 1943
181447 1943
135287 3990
273136 3990
129366 1943
33383 3990
33384 3990
101230 3990
273137 3990
74847 3597
149117 3597
163518 3597
149118 3597
217601 3597
149119 3597
149120 3597
221841 3597
221842 3597
228395 4961
237188 3597
163519 3597
237189 3597
149121 3597
221847 4919
288640 4919
237190 3597
237191 3597
163520 3597
237192 3597
163521 3597
221848 3597
318990 3597
74848 3597
318991 3597
221843 3597
216988 3597
216989 3597
149122 3597
216990 3597
288643 4919
149123 3597
221844 3597
149124 3597
237194 3597
31768 2701
31769 2701
187528 2701
31770 2701
216753 2701
31771 2701
31772 2701
166027 2701
283189 2701
187529 2701
166028 2701
283190 2701
166029 2701
187531 2701
31774 2701
328381 2701
187532 2701
31775 2701
31776 2701
225529 2701
31777 2701
31778 2701
166030 2701
283191 2701
187533 2701
31779 2701
283192 2701
203521 2701
187534 2701
166031 2701
166032 2701
225531 2701
166033 2701
31780 2701
62244 1391
62245 1391
145071 1391
156754 1391
208651 1391
145072 1391
156755 1391
145073 1391
145074 1391
145075 1391
232240 1391
261269 1391
156756 1391
156757 1391
156758 1391
145076 1391
156759 1391
298969 1391
62246 1391
62247 1391
299871 1391
145077 1391
100748 1391
100749 1391
145078 1391
226178 1391
156760 1391
298970 1391
100750 1391
156761 1391
145079 1391
305103 1391
226181 1391
156762 1391
126053 4811
126054 4811
180769 1253
162250 4811
199112 1253
199113 1253
162251 4811
199114 1253
199115 1253
268035 1253
126055 4811
268036 1253
180771 1253
180772 1253
271760 4811
162252 4811
230037 1253
162253 4811
162254 4811
252668 1253
180773 1253
180774 1253
252669 1253
180775 1253
180776 1253
162255 202
48650 1253
162256 4811
180777 1253
126056 4811
126057 4811
199116 1253
162257 4811
271761 4811
51351 1669
63507 1669
199613 1669
51352 1669
51353 1669
51354 1669
51355 1669
246661 1669
241173 1669
241174 1669
199614 1669
241175 1669
63508 1669
199615 1669
246662 1669
51356 1669
63509 1669
51357 1669
63510 1669
314154 1669
51358 1669
51359 1669
199616 1669
246663 1669
51360 1669
246664 1669
246665 4736
51361 1669
199617 1669
51362 1669
199618 1669
51363 1669
51364 1669
199619 1669
4640 2992
125603 1574
141406 2992
141407 2992
141408 2992
204012 2992
125604 1574
141409 2992
4641 2992
272574 2992
141410 2992
4642 2992
125605 1574
125606 1574
235892 2992
4643 2992
4644 2992
141411 2992
235894 2992
204013 2992
4645 2992
286647 2992
4646 2992
125607 1574
4647 2992
125608 1574
247259 1574
125609 1574
235895 2992
264654 2992
141412 2992
274901 2992
153559 2992
141413 2992
91348 3018
110122 3018
149927 3018
160455 3018
167858 3018
183575 3018
197130 3018
91349 3018
149928 3018
55611 3018
110123 3018
110124 3018
197131 3018
232804 3018
149929 3018
197132 3018
265857 3018
149930 3018
55612 3018
55613 3018
183576 3018
110125 3018
167859 3018
226992 3018
149931 3018
265858 3018
110126 3018
110127 3018
149932 3018
149933 3018
330151 3018
149934 3018
55614 3018
149935 3018
85635 1102
85644 1102
100615 1102
164566 1102
164567 1102
100616 1102
186873 1102
186874 1102
208645 2530
175797 1102
230790 1102
230791 1102
100617 1102
100618 1102
85636 1102
164568 1102
175798 1102
264399 1102
186875 2530
85637 1102
327081 1102
264400 1102
230789 4466
85646 1102
85638 1102
264401 1102
85639 1102
239927 1102
100619 1102
239925 1102
100620 1102
85640 1102
230792 1102
186093 1102
64428 1061
70340 1061
122380 3486
64429 1061
149940 1061
64430 1061
64431 1061
102439 3486
149941 1061
64433 1061
149942 1061
149943 1061
122381 1061
64434 1061
64435 1061
64437 1061
64438 1061
149944 1061
64440 1061
64441 1061
149945 1061
70345 1061
64442 1061
64443 1061
149946 1061
149947 1061
70346 1061
64444 1061
149949 1061
64445 1061
149950 1061
149951 1061
64446 1061
149952 1061
28108 3882
100612 3882
100613 3882
120989 3882
120990 3882
120991 3882
191050 3882
120992 3882
120993 3882
28109 3882
265000 3882
28110 3882
28111 3882
28112 3882
28113 3882
175841 3882
28114 3882
28115 3882
120994 3882
57495 3882
28116 3882
120995 3882
28117 3882
28118 3882
28119 3882
28120 3882
265001 3882
28121 3882
120996 3882
120997 3882
100614 3882
265002 3882
175842 3882
16452 1657
44575 1657
44576 1657
16454 1657
44577 1657
172383 1657
16456 1657
44578 1657
16457 1657
44579 1657
44580 1657
44581 1657
16459 1657
16460 1657
210751 1657
16463 1657
210752 1657
16465 1657
16466 1657
16467 1657
194145 1657
44582 1657
16469 1657
44583 1657
210753 1657
16470 1657
44584 1657
16471 1657
44585 1657
44586 1657
16472 1657
64762 1657
210754 1657
57794 3336
94198 3336
127550 3336
157906 3992
165028 3336
206421 3336
233335 3336
57796 3336
239191 3992
236579 3992
57797 3336
165029 3336
157907 3336
165030 3336
236580 3992
236581 3336
57798 3336
251178 3336
251179 3992
251180 3336
206422 3336
251181 3336
165033 3336
236582 3992
251182 3336
57799 3992
94199 3336
57800 3336
236583 3336
251183 3992
57801 3336
165034 3336
57802 3336
53173 3881
157768 3881
167420 3881
245170 3881
127270 3881
269661 3881
53174 3881
279150 3881
282140 3881
269905 3881
269906 3881
309806 3881
157769 3881
53175 3881
245695 3881
39366 3881
245696 3881
269907 3881
157770 3881
245698 3881
157771 3881
167422 3881
157772 3881
53176 3881
245699 3881
269908 3881
245700 3881
53177 3881
269909 3881
269910 3881
245701 3881
311973 3881
245702 3881
87150 3427
159723 3427
207134 3427
207135 3427
159724 3427
207136 3427
259532 3427
52751 3427
239840 3427
280271 3427
260645 3427
270547 3427
87151 3427
15230 3427
218276 3427
235529 3427
318088 3427
154173 3427
87152 3427
199289 3427
87153 3427
235530 3427
207137 3427
235531 3427
199290 3427
235532 3427
235533 3427
87154 3427
235534 3427
260646 3427
235535 3427
315696 3427
87155 3427
13095 3237
80302 3237
13096 3237
80303 3237
13097 3237
13098 3237
234176 3237
80304 3237
80305 3237
13099 3237
174940 3237
237943 3237
13100 3237
222857 3237
234177 3237
80306 3237
271478 3237
80307 3237
276279 3237
222858 3237
80308 3237
80309 3237
271479 3237
174941 3237
163303 3237
299455 3237
308497 3237
80310 3237
174942 3237
237944 3237
80311 3237
140341 3237
80312 3237
36904 3039
96000 3039
36905 3039
175757 447
230354 306
36906 3039
257584 704
258581 704
257585 704
270792 704
152176 3039
257586 704
270793 704
270794 704
270795 704
36907 3039
36908 3039
257588 704
96001 3039
295299 704
96002 3039
257589 704
331636 704
152177 1150
257590 704
274981 704
332670 704
270796 704
36909 3039
152178 704
96003 3039
257591 704
96004 3039
3424 3702
9701 3702
9916 3702
11010 3702
137876 3702
3425 3702
205070 3702
220457 3702
220458 3702
11011 3702
270318 3702
276525 3702
290021 3702
3426 3702
299139 3702
220459 3702
276526 3702
9917 3702
325125 3702
123617 3702
205071 3702
176162 3702
137877 3702
9918 3702
276527 3702
328239 3702
325126 3702
325210 3702
3427 3702
3428 3702
9702 3702
3429 3702
276528 3702
72848 3712
208956 3712
72849 1525
208957 1525
72850 3712
230013 1525
208958 3712
72851 3712
230014 3712
121587 3712
72852 3712
72853 3712
283943 3712
72854 1525
208959 3712
268949 1525
283944 1525
310863 1525
208960 3712
217334 3712
268950 3712
268951 3712
72855 1525
72856 3712
208961 3712
72857 3712
310864 3712
230015 3712
72858 3712
230016 3712
72859 3712
72860 1525
72861 3712
20081 3993
21025 1630
21026 1630
80843 3993
20082 3993
54536 1630
54537 1630
54538 1630
80844 3993
80845 3993
54539 1630
20083 3993
21027 1630
21028 1630
54540 1630
80846 3993
21029 1630
322540 3993
293021 1630
314777 3157
20084 3993
293022 1630
54541 1630
54542 1630
54543 1630
309850 1630
80847 3993
322434 3993
54544 1630
20085 3993
54545 1630
21030 1630
54546 1630
145689 2733
161359 2733
162042 2733
161360 2733
199555 2733
145690 2733
228965 2733
145691 2733
162043 2733
228966 2733
145692 2733
249471 2733
199556 2733
228967 2733
296485 2733
145693 2733
162044 2733
318269 2733
228968 2733
249472 2733
249473 2733
228969 2733
145694 2733
145695 2733
326587 2733
249474 2733
318270 2733
281911 2733
199557 2733
145696 2733
145697 2733
145698 2733
29460 683
53893 683
53894 683
68472 683
53895 4738
132661 1252
29461 683
144884 683
181764 683
29462 683
218972 683
29463 683
68473 683
218973 683
218974 683
29464 683
29465 683
132662 2247
58008 683
68474 683
58009 683
323876 1252
144885 1252
68475 683
58010 683
53896 683
58011 683
58012 683
29466 683
53897 683
29467 683
53898 683
14832 802
42657 802
43003 802
58659 802
14834 802
14835 802
14836 802
106583 802
115337 802
42658 802
58660 802
106584 802
288613 802
106585 802
294413 3428
14837 802
106586 802
302942 802
14838 802
14839 802
302943 802
115338 802
190143 2492
106587 802
206423 802
106589 802
42659 802
106590 802
42660 802
115339 802
293640 802
106591 802
106588 802
157782 3366
158612 3366
173649 4171
114790 3366
7746 3366
157783 3366
245193 3366
157784 3366
158613 3366
217120 3366
114791 3366
114792 3366
173650 4171
217121 3366
158614 3366
245194 3366
217122 3366
309539 4171
158615 3366
173651 4171
114793 3366
237658 3366
173652 4171
217124 3366
217125 3366
217126 3366
173653 4171
273739 3366
158616 3366
158617 3366
157785 3366
245196 3366
114120 3870
214432 3870
214433 3870
114121 3870
234588 3870
234589 3870
114122 3870
234590 4737
234591 4737
114123 3870
234592 3870
234593 3870
114124 3870
114125 3870
269832 3870
114126 3870
114127 3870
234594 4737
214434 3870
330373 4737
114128 3870
269833 3870
214435 3870
239048 4737
234595 3870
214436 3870
114129 3870
114130 3870
114131 3870
114132 3870
114133 3870
214437 3870
11865 873
150385 873
227496 873
238997 873
239035 873
11866 873
239036 873
255822 873
11867 873
266967 873
268178 873
278081 873
268179 873
255823 873
239037 873
11868 873
253478 873
150386 873
282495 873
253479 873
150387 873
11869 873
253480 873
11870 873
150388 873
317630 873
150389 873
278082 873
11871 873
296354 873
253481 873
12253 3429
113661 3206
150000 3429
113662 3206
12254 3429
163909 3429
163910 3429
113663 3206
260124 3429
163911 3429
113664 3206
163912 3429
113665 3206
290349 3429
163913 3429
113666 3206
163914 3429
150001 3429
163915 3429
163916 3429
163917 3429
12255 3429
163918 3429
113667 3206
163919 3429
12256 3429
265562 3429
12257 3429
163920 3429
12258 3429
113668 3206
9030 1253
9031 1253
9032 1253
9033 1253
9034 1253
9035 1253
160828 1253
231841 1253
9036 1253
9037 1253
180778 1253
329732 1253
74538 3036
74539 3036
171435 3036
238546 3036
266912 3036
276619 3036
276620 3036
286628 3036
74540 3036
294528 2547
293134 3036
293135 3036
74541 3036
171436 3036
166104 3036
293136 3036
123998 3036
293137 3036
276621 3036
276622 2547
166105 3036
171437 3036
123999 3036
74542 3036
166106 1976
289461 3036
293138 3036
166107 3036
166108 3036
166109 3036
74543 3036
38861 1742
70393 1742
70394 1742
38862 1742
192270 4340
253767 1742
38863 1742
38864 1742
180566 1742
180567 1742
176787 1742
176788 1742
180568 1742
70395 1742
176789 2755
176790 1742
110134 4340
176791 1742
38865 3020
70396 1742
295831 1742
180569 1742
192272 4340
253768 1742
180570 1742
38866 1742
70397 1742
176792 1742
70398 1742
180571 1742
70399 1742
153599 3669
171708 3669
16627 3669
153600 3669
314585 3669
315206 3669
320313 3669
173972 3669
16630 3669
314587 3669
173973 3669
315207 3669
153601 3669
314588 3669
314589 3669
298927 3669
314590 3669
314591 3669
314592 3669
315208 3669
315209 3669
171709 3669
298928 3669
331622 3669
171710 3669
314593 3669
171711 3669
173974 3669
315210 3669
173975 3669
153602 3669
67616 3502
115533 4828
129854 3502
67617 3502
175714 3502
130069 3502
129855 3502
67618 3502
130070 3502
129856 3502
67619 3502
130071 3502
271550 3502
115534 4828
271551 3502
229778 3502
229779 3502
271552 3502
67620 3502
229780 3502
115535 3502
67621 3502
115536 3502
129857 3502
229781 3502
243509 3502
130072 3502
130073 3502
130074 3502
229782 3502
115537 3502
85271 1318
126058 1318
153997 1318
153998 1318
237485 1318
237486 1318
85272 1318
206057 1318
292081 1318
85273 1318
299430 1318
206058 1318
206059 1318
126059 1318
206060 1318
306068 1318
206061 1318
126060 1318
237487 1318
126061 1318
298842 1318
206062 1318
126062 1318
206063 1318
85274 1318
153999 1318
328641 1318
85275 1318
206064 1318
85276 1318
23357 3995
90794 3995
101090 3995
188437 3995
15186 3995
209290 3995
231078 3995
23358 3995
257850 3995
23359 3995
23360 3995
302152 3995
23361 3995
23362 3995
239580 3995
311289 3995
23363 3995
23364 3995
23365 3995
193214 3995
329091 3995
329092 3995
23366 3995
193215 3995
23367 3995
23368 3995
239581 3995
23369 3995
239582 3995
23370 3995
75719 3914
85507 3914
86827 3914
118901 3914
132190 3914
226597 3914
86828 3914
240197 3914
240198 3914
75720 3914
240199 3914
85508 3914
285285 3914
285286 3914
75721 3914
285287 3914
300190 3914
75722 3914
75723 3914
232447 3914
285288 3914
285289 3914
285290 3914
226598 3914
285291 3914
285292 3914
285293 3914
232448 3914
86829 3914
85509 3914
17067 172
66659 172
100658 468
148785 468
100659 468
17068 172
267797 172
153099 468
289094 256
100661 468
267798 172
267799 172
100662 468
17069 172
153100 468
267800 172
100664 468
292599 468
66662 172
100665 468
267801 256
267802 256
17070 172
17071 172
267803 172
100666 468
100667 468
304677 256
100668 468
17072 172
49633 2945
59203 2945
74766 3945
96202 2945
105203 2945
105204 2945
156378 2945
49634 2945
163769 2945
59204 2945
105205 2945
261948 2945
296918 2945
59205 2945
301906 2945
59206 2945
261949 3945
59207 2945
96203 2945
59208 2945
59209 2945
49635 2945
163770 2945
74767 2945
334327 2945
325193 2945
49636 2945
49637 2945
74768 2945
105206 2945
79327 3152
79328 3152
128543 3152
174838 3152
114077 3152
205976 3152
114078 3152
205977 3152
114079 3152
114080 3152
114081 3152
114082 3152
263659 3152
79329 3152
114083 3152
79330 3152
293308 3152
114084 3152
114085 3152
114086 3152
114087 3152
114088 3152
79332 3152
333131 4348
114089 3152
221408 3152
79333 4348
114090 3152
114091 3152
114092 3152
28238 407
28239 407
110136 407
149959 407
143452 407
28240 407
249040 407
28241 407
28242 407
249041 407
28243 407
277653 407
28244 407
143453 407
103267 407
223770 407
28245 407
249042 407
103268 407
223771 407
275423 407
103269 407
149960 407
283118 407
143454 407
249043 407
28246 407
28247 407
249044 407
167497 3430
243487 3430
250014 3430
258923 3430
167498 3430
269667 3430
269668 3430
275467 3430
250015 3430
269669 3430
269670 3430
167499 3430
269671 3430
269673 3430
269674 3430
269675 3430
282998 3430
269676 3430
153762 3430
150805 3430
329589 3430
269677 3430
269679 3430
269680 3430
167500 3430
167501 3430
269681 3430
167502 3430
269682 3430
123997 3036
22182 694
48935 694
121703 694
137163 694
22183 694
22184 694
22185 694
259823 694
263173 694
48936 694
279054 694
214560 694
137164 694
214561 694
48937 694
137165 694
263174 694
214562 694
258065 694
214563 694
258066 694
214564 694
22186 694
121704 694
137168 694
258067 694
48938 694
22187 694
16831 1291
95259 1291
158368 1291
158369 1291
158370 1291
158371 1291
158372 1291
16832 1291
158373 1291
158374 1291
16833 1291
86801 1291
95260 1291
95261 1291
242444 1291
158375 1291
219639 1291
242445 1291
16834 1291
158376 1291
242446 1291
158377 1291
158378 1291
16835 1291
158379 1291
158380 1291
16836 1291
95262 1291
189832 2486
218321 3151
223569 3151
232416 2486
261953 3151
265371 2486
189833 2486
292378 2486
265372 2486
265373 2486
270863 3151
223570 2486
189834 2486
265374 2486
270864 2486
270865 2486
5656 3151
189835 2486
218322 2486
223571 2486
265375 2486
294599 2486
261954 2486
270866 2486
294600 2486
300335 2486
265376 2486
189836 2486
197237 3816
197238 3816
197239 3816
239239 3816
257841 3816
239240 3816
257842 3816
257843 3816
257844 3816
327848 3649
327854 3649
275189 3816
257845 3816
239241 3816
257846 3816
197248 3816
197249 3816
327849 3649
327855 3649
327850 3649
331259 3649
327856 3649
197241 3649
327851 3649
327852 3649
327853 3649
197240 3816
197242 3816
45049 2300
91308 2300
121715 2300
171913 2300
203515 2300
45050 2300
121716 2300
212655 2300
45051 2300
171914 2300
171915 2300
204487 2300
171916 2300
45052 2300
171917 2300
45053 2300
45054 2300
45055 2300
121717 2300
91309 2300
45056 2300
45057 2300
250298 2300
121718 2300
250299 2300
212656 2300
204488 2300
91310 2300
49852 1501
65315 1501
47096 1501
172341 1501
168965 1501
47097 1501
168966 1501
168967 1501
168968 1501
65316 1501
251363 1501
168969 1501
275331 4284
65317 1501
225230 1501
49853 1501
49854 1501
168970 1501
49855 1501
225231 1501
251364 1501
65318 1501
225232 1501
65319 1501
168971 1501
65320 1501
225236 1501
168972 1501
422 3996
44642 3996
44643 3996
120455 3996
191984 3996
44644 3996
147239 3996
228471 3996
423 3996
242409 3996
191985 3996
120456 3996
44645 3996
242410 3996
424 3996
262206 3996
242411 3996
120457 3996
262207 3996
323300 3996
252672 3996
120458 3996
204845 3996
252673 3996
425 3996
120459 3996
242413 3996
242414 3996
33779 3703
33780 3703
137842 3703
33781 3703
33782 3703
163471 3703
33783 3703
33784 3703
234887 3703
234888 3703
33785 3703
273720 3703
261145 3703
163472 3703
33786 3703
163473 3703
147499 3703
107384 3703
261146 3703
107385 3703
332097 3703
33787 3703
33788 3703
261147 3703
33789 3703
33790 3703
273721 3703
261148 3703
85967 2637
85968 2637
98924 2637
145971 2637
145972 2637
98925 2637
98926 2637
98927 2637
98928 2637
219343 2637
311306 2637
85969 2637
98929 2637
85970 2637
98930 2637
98932 2637
85971 4266
98933 2637
98934 2637
145974 2637
176174 2637
145975 2637
330021 2637
85972 2637
145976 2637
85973 2637
176175 2637
219344 2637
31003 2809
144777 2809
31004 2809
209239 2809
215846 2809
144778 2809
269331 2809
188004 2809
301294 2809
188005 2809
144779 2809
260460 2809
260461 2809
144780 2809
209240 2809
144781 2809
260462 2809
260463 2809
269332 2809
269333 2809
188006 2809
269334 2809
260464 2809
31005 2809
31006 2809
260465 2809
31007 2809
315487 4357
25175 1941
41598 1941
87015 1941
87016 1941
25176 1941
87017 1941
220710 1941
137761 1941
25177 1941
218765 1941
220711 1941
220712 1941
279252 1941
218766 1941
25178 1941
87018 1941
220713 1941
279253 1941
87019 1941
87020 1941
41599 1941
41600 3998
25179 1941
41601 1941
279254 1941
88000 1941
88001 1941
31307 386
52708 386
71284 386
186364 386
205596 386
211045 386
31308 386
292331 386
298381 386
220147 386
220148 386
52709 386
220149 386
292332 386
52710 386
220150 386
220151 386
220152 386
31309 386
220153 386
220154 386
220155 386
31310 386
211047 386
71285 386
298382 386
31311 386
98907 3487
112929 3487
131707 3487
183577 3487
200596 3487
183578 3487
98908 3487
98909 3487
98910 3487
98911 3487
98912 3487
288390 3487
315644 3487
98913 3487
317875 3487
315645 3487
112931 3487
315646 3487
289621 3487
131708 3487
183579 3487
98914 3487
200597 3487
183580 3487
183581 3487
112932 3487
98915 3487
78906 1614
147578 1614
147579 1614
192630 421
181390 1614
232588 1614
245860 1614
252473 1614
181391 1614
181392 1614
181393 1614
181394 1614
296758 1614
252474 1614
252475 1614
181395 1614
181396 1614
78907 1614
181397 1614
181398 1614
327995 1614
331795 1614
192631 1614
181399 1614
181400 1614
181401 1614
327996 1614
51040 2334
51041 2334
141467 2334
51042 2334
51043 2334
51044 2334
206220 2334
51045 2334
51046 2334
51047 2334
219612 2334
122971 2334
51048 2334
51049 2334
51050 2334
154103 2334
51051 2334
51052 2334
219613 2334
154104 2334
122972 2334
51053 2334
51054 2334
51055 2334
51056 2334
51057 2334
51058 2334
15626 499
41424 499
128437 499
128438 499
181251 499
15630 499
15632 499
15633 499
128439 499
237067 499
209466 499
82590 499
128440 499
181252 499
15634 499
237068 499
15635 499
15636 499
15637 499
15638 499
160601 499
41425 499
275340 499
198917 499
237069 499
15643 499
237071 499
134445 1704
180536 1704
212166 1704
215710 1704
134446 1704
223828 1704
232493 1704
212167 1704
223829 1704
267085 1704
188338 1704
134447 1704
215711 1704
256116 1704
316664 1704
323539 1704
134448 1704
188339 1704
134449 1704
134450 1704
134451 1704
134452 1704
212168 1704
134453 1704
323540 1704
215712 1704
134454 1704
190000 3204
190001 3204
276747 3204
296002 3856
217374 3204
190002 3204
276748 3204
322652 3594
296003 3856
313955 2248
322653 3594
217375 3204
296004 3856
190003 2248
179241 2248
276749 3204
179242 2248
322654 3594
276750 3204
322655 3594
322656 3594
276751 3204
190004 3204
319290 3204
190005 3204
296005 3856
217376 3204
31781 1988
31782 1988
31783 1988
177421 2199
274553 2041
177422 2199
31784 1988
31785 1988
304484 2199
308198 2199
274554 2041
274555 2041
177423 2199
60913 1988
31786 1988
31787 1988
274556 2041
60914 1988
304485 2199
177424 2199
31788 1988
177425 2199
274557 2041
274558 2041
31789 1988
177426 2199
274559 2041
6032 2126
6033 2126
6034 2126
6035 2126
6036 2126
6038 2126
6039 2126
6040 2126
146852 2126
6041 2126
146853 2126
262243 3288
219790 3288
264482 3288
129577 3288
146854 2126
129578 2126
146855 2126
129579 2126
6043 2126
262244 3288
262245 3288
6044 2126
262246 3288
6045 2126
146857 2126
6046 2126
46034 3748
46035 3748
138947 3748
171353 3748
172678 3748
188426 3154
46036 3748
270877 3748
291425 3748
300287 3748
270878 3154
270879 3748
308395 3748
46037 3748
46038 3748
63480 3748
270880 3748
138948 3748
172679 3748
270881 3748
46039 3748
46040 3748
46041 3748
46042 3748
270882 3748
172680 3748
46043 3748
45227 4777
45238 4777
45239 4777
45240 4777
54381 4777
195220 4777
45228 4777
224589 4777
195221 4777
54382 4777
233141 4777
45229 4777
45230 4777
45241 4777
54383 4777
45231 4777
45232 4777
226381 4777
54384 4777
195222 4777
45234 4777
45235 4777
324047 4777
45236 4777
45237 4777
195253 4777
45242 4777
19 3014
22989 3014
54715 3014
20 3014
56128 3014
56129 3014
22990 3014
22991 3014
250415 3014
54716 3014
54717 3014
250416 3014
56130 3014
201276 3014
22992 3014
21 3014
22 3014
56131 3014
23 3014
22993 3014
24 3014
54718 3014
56132 3014
25 3014
54719 3014
201277 3014
105097 1332
39657 1332
196164 1332
196167 1332
267991 1332
153335 1332
153336 1332
306315 1332
105098 1332
105099 1332
153337 1332
105100 1332
300966 1332
241733 1332
241734 1332
153338 1332
306316 1332
300967 1332
153339 1332
105101 1332
300968 1332
153340 1332
274013 1332
32616 1332
196168 1332
153341 1332
89940 1382
89941 1382
89942 1382
90020 1382
90021 1382
89943 1382
163954 1382
90022 1382
89944 1382
89945 1382
89946 1382
89947 1382
89948 1382
89949 1382
89988 1382
90039 1382
89989 1382
176631 1382
90054 1382
89991 1382
176632 1382
90040 1382
281446 1382
176633 1382
281452 1382
176634 1382
106506 4286
172430 4286
217064 4286
172431 4286
217065 4286
278959 4286
172432 4286
217066 4286
217067 4286
106507 4286
106508 4286
306375 4286
172433 4286
106509 4286
287694 4286
306376 4286
258375 4286
106510 4286
172434 4286
217068 4286
217069 4286
287703 4286
306377 4286
187799 4286
258373 4286
106511 4286
142307 2670
142308 2670
142309 2670
142310 2670
142321 2670
142350 2670
142311 2670
142312 2670
142313 2670
142329 2670
142351 2670
142352 2670
142353 2670
202849 2670
289927 2670
142354 2670
142322 2670
142316 2670
142317 2670
142357 2670
142323 2670
142360 2670
22487 2670
142355 2670
142356 2670
142330 2670
141898 4285
151447 4285
141899 4285
225712 4285
198685 4285
225713 4285
230339 4285
151448 4285
225714 4285
230340 4285
198686 4285
225715 4285
198687 4285
225716 4285
198688 4285
141900 4285
141901 4285
230341 4285
141902 4285
151449 4285
225717 4285
225718 4285
198689 4285
230342 4285
230343 4285
225719 4285
83761 3454
83762 3454
83763 3454
192492 3454
83764 3454
83765 3454
83766 3454
221314 3454
204456 3454
204457 3454
221315 3454
83767 3454
221316 3454
83768 3454
83769 3454
221317 3454
83770 3454
204459 3454
221318 3454
221319 3454
204461 3454
83772 3454
204462 3454
221320 3454
333750 3454
83773 3454
38911 4191
38954 4191
50924 4191
139655 4191
50925 4191
139656 4191
50926 4191
171817 4191
38955 4191
261229 4191
50927 4191
50928 4191
38957 4191
312814 4191
38912 4191
38913 4191
310057 4191
50929 4191
139657 4191
257062 4191
287168 4191
38958 4191
287169 4191
38914 4191
139658 4191
287170 4191
35315 3714
35316 3714
35317 3714
175081 3714
211280 3714
271326 3714
279607 3714
173637 3714
284251 3714
71957 3714
306107 3714
310614 3723
35318 3714
323897 3999
35319 3714
279608 3714
115828 3714
115829 3714
175082 3714
173638 3714
35320 3714
35321 3714
310615 3723
310616 3723
310617 3723
331010 3714
67809 4757
120363 4757
222028 4757
228475 4757
67811 4757
248097 4757
234463 4757
222029 4757
67812 4757
67813 4757
120364 4757
67814 4757
234464 4757
120365 4757
248098 4757
228476 4757
120366 4757
324470 4757
248099 4757
67815 4757
120367 4757
120368 4757
222030 4757
299516 4757
222031 4757
179570 4757
92904 4415
117105 1675
117106 1675
117107 1675
117108 1675
117110 1675
117111 4778
263836 1675
117122 1675
117113 1675
117114 1675
92905 1675
92906 1675
117116 1675
117109 1675
92907 1675
92908 1675
264052 1675
117123 1675
117112 1675
299043 1675
117115 1675
117117 1675
92909 1675
92910 1675
264053 1675
19214 3432
23332 3432
23333 3432
137569 3432
189128 3432
93295 3432
93296 3432
232382 3432
93297 3432
93298 3432
23334 3432
93300 3432
19215 3432
19216 3432
272646 3432
23335 3432
19217 3432
272647 3432
19218 3432
93301 3432
19219 3432
314263 3432
278189 3432
326241 3432
326242 3432
76446 3946
146974 3946
146975 3946
76447 3946
76448 3946
146976 3946
76449 3946
76450 3946
76451 3946
76452 3946
284048 3946
76453 3946
76454 3946
76455 3946
243594 3946
284049 3946
76456 3946
76457 3946
76458 3946
243595 3946
243596 3946
76459 3946
76460 3946
76461 3946
76462 3946
151904 3752
184188 3752
218389 3752
226847 4000
245828 3752
265582 3752
302156 3752
304992 4000
312758 4000
316749 3752
151905 4000
151906 3752
320946 3752
322659 3752
320879 4000
218390 3752
184189 3752
184190 3752
151907 3752
151908 3752
151909 3752
226848 3752
184191 3752
184192 3752
320540 3752
46832 3282
49024 3282
46833 3282
46834 3282
49025 3282
200583 3282
49026 3282
49027 3282
46835 3282
49028 2678
126343 3282
301845 3282
49029 806
76928 3282
49030 3282
49031 3282
49032 3282
49033 3282
46836 3282
46837 3282
319097 3282
49034 3282
49035 3282
76929 806
232873 806
21816 3185
21824 3185
21825 3185
21826 3185
21817 3185
222190 3185
245188 3185
222208 3185
222209 3185
246603 3185
21827 3185
21818 3185
21828 3185
245189 3185
222191 3185
222210 3185
38956 3185
245190 3185
222192 3185
222211 3185
245191 3185
8772 3185
21819 3185
164048 3185
222193 3185
22511 4287
38584 4287
22512 4287
38585 4287
38586 4287
38587 4287
38588 4287
190051 4287
22513 4287
190052 4287
38589 4287
190053 4287
190055 4287
190056 4287
38590 4287
190057 4287
38591 4287
38592 4287
190058 4287
285941 4287
22514 4287
22515 4287
190059 4287
190060 4287
22516 4287
28212 1665
102868 4192
172281 1665
183770 1665
183771 1665
102869 4192
28213 1665
183772 1665
28214 1665
28215 1665
183775 1665
211765 1665
28216 1665
28217 1665
294350 4192
102870 1665
28218 4192
172282 1665
183773 1665
102871 1665
28219 1665
211766 1665
183774 4192
183776 4192
102872 1665
8780 3803
30719 3803
30720 3803
30721 3803
30722 3803
46320 3803
30723 3803
30724 3803
30725 3803
30726 3803
30727 3803
30728 3803
238588 3803
30729 3803
30730 3803
30731 3803
30732 3803
30733 3803
30734 3803
30735 3803
30736 3803
30737 3803
30738 3803
30739 3803
30740 3803
7677 1743
7678 1743
181328 1743
160474 1743
181329 1743
261254 1743
225568 1743
275762 1743
261255 1743
7679 1743
200528 1743
7680 1743
160475 1743
285182 1743
261256 1743
181330 1743
181331 3021
181332 1743
261257 1743
181333 1743
200529 1743
160476 1743
261258 1743
160477 1743
160478 1743
8595 3242
76542 2381
8596 3242
173565 3242
120119 3242
173566 2381
120120 3242
76543 3242
182890 3242
120121 2381
8597 3242
8598 3242
76544 3242
120122 2381
120123 3242
182891 2381
8599 3242
8600 2381
300765 3242
76545 3242
76546 3242
244197 3242
173567 3242
8601 3242
120124 3242
6150 3312
106782 3312
6151 3312
261698 3312
269085 3312
106783 3312
286137 3312
6152 3312
320908 2927
320909 2927
106784 3312
106785 3312
269086 3312
261693 3312
6153 3312
261699 3312
106786 3312
261694 3312
320906 3312
261695 3312
6154 3312
259867 2927
320910 2927
106787 3312
261696 3312
15250 829
86901 829
122842 2428
138565 2428
138566 2428
138567 2428
151974 829
151975 829
182203 2428
138709 2428
15251 829
86902 829
122843 2428
182204 2428
122844 2428
229164 829
47009 2428
229165 829
86903 829
244314 2428
15252 829
122845 2428
124814 2428
122846 2428
15253 829
74422 568
142874 568
146127 4779
142875 568
142876 568
142877 568
187020 568
74423 568
74424 568
142878 568
142879 568
196470 568
142880 568
187021 568
142881 764
187022 568
142882 568
187023 568
74425 568
187024 568
187025 568
74426 568
142883 568
142884 568
74427 568
172674 3671
290990 3671
292369 3671
290991 3671
292370 3671
298636 3671
297962 3671
172675 3671
297286 3671
292371 3671
290992 3671
290993 3671
144643 3671
290994 3671
290995 3671
326198 3671
326199 3671
292372 3671
318736 3671
323186 3671
297963 3671
172676 3671
326200 3671
290996 3671
172677 3671
87264 4154
214664 4154
214665 4154
87265 4154
214666 4154
214667 4154
214668 4154
307572 4154
314185 4154
304312 4154
87266 4154
316155 4154
307573 4154
314186 4154
314187 4154
15330 4154
254910 4154
321601 4154
87267 4154
214669 4154
87268 4154
304315 4154
87269 4154
307574 4154
321602 4154
55007 2642
55008 2642
217365 2642
252468 2642
217366 2642
217367 2642
55010 2642
254362 2642
200398 2642
55011 2642
217368 2642
217369 2642
217370 2642
252469 2642
252470 2642
217371 2642
252471 2642
122404 2642
217372 2642
55012 2642
55013 2642
55014 2642
197044 2642
217373 2642
82429 4082
92750 4082
92751 4082
92752 4082
189500 4082
82430 4082
82431 4082
189501 4082
189502 4082
82432 4082
131506 4082
82433 4082
131507 4082
189503 4082
189504 4082
189543 4082
82434 4082
189540 4082
189505 4082
92753 4082
189541 4082
189506 4082
189507 4082
189542 4082
45362 4155
45363 4155
95685 4155
95686 4155
45364 4155
45365 4155
62534 4155
95687 4155
45366 4155
175972 4155
95688 4155
45367 4155
45368 4155
45369 4155
317778 4155
120536 4155
45370 4155
279330 4155
319612 4155
62535 4155
45371 4155
62536 4155
62537 4155
232381 4155
35722 1952
35723 4114
89893 4475
89894 4475
57315 1952
89895 4475
89896 4475
89897 4475
35724 1952
89898 4475
35725 1952
35726 1952
89899 4475
89900 4475
286729 4475
89901 4475
89902 4475
89903 4475
141539 4475
322876 4475
57316 1952
35727 1952
35728 1952
141540 4780
177005 3433
177006 3433
177007 3433
177008 3433
177009 3433
177010 3433
250429 3433
219529 3433
166741 3433
177011 3433
177012 3433
177013 3433
177014 3433
177015 3433
177016 3433
219530 3433
177017 3433
177018 3433
177019 3433
177020 3433
225761 3433
177021 3433
250430 3433
18485 3380
18486 3380
18487 3380
140201 4002
84385 3380
173482 3380
18488 3380
18489 3380
18490 3380
140202 3380
140203 3380
140204 3380
18491 3380
140205 3380
173484 3380
140207 3380
138706 3380
196918 3380
140208 3380
18492 3380
140209 3380
140210 3380
140211 3380
142142 3884
184755 3884
142143 3884
264691 3884
142144 3884
277690 3884
142145 3884
264692 3884
264693 3884
264694 3884
214126 3884
264695 3884
264696 3884
264698 3884
264699 3884
264700 3884
264701 3884
277691 3884
264702 3884
264703 3884
264704 3884
142146 3884
184756 3884
276133 3883
278943 3883
305673 3883
306362 3883
314737 3883
314738 3883
317670 3883
314739 3883
276134 3883
330058 3883
331519 3883
332462 3883
332565 3883
332567 3883
276135 3883
276136 3883
276137 3883
314740 3883
278944 3883
276138 3883
333667 3883
306363 3883
278945 3883
113861 4239
123552 4239
164988 3238
113862 4239
113863 4239
208868 4239
228621 4239
208869 4239
208870 4239
208871 4239
208872 4239
123553 4239
208873 4239
228622 2990
208874 4239
113864 4239
208875 4239
228623 4239
208876 4239
113865 4239
228624 4239
123554 4239
113866 4239
12905 1277
66131 1277
12906 1277
66132 1277
12907 1277
66133 1277
118075 1277
66134 1277
223058 1277
12908 1277
270535 1277
285222 1277
223059 1277
12909 1277
66135 1277
12910 1277
118076 1277
118077 1277
118078 1277
66136 1277
12911 1277
12912 1277
12913 1277
33391 4353
33392 4353
152884 4353
205542 4353
42895 4353
152885 4353
152886 4353
170420 4353
33393 4353
289279 4353
152887 4353
302677 4353
42896 4353
315621 4353
152888 4353
33394 4353
152889 4353
315622 4353
302678 4353
302679 4353
33395 4353
286136 4353
42897 4353
29407 455
199488 455
29408 455
29409 455
29410 455
199489 455
29411 455
199490 455
202214 455
199491 455
265332 455
29412 455
265333 455
29413 455
199492 455
199493 455
199494 455
199495 3203
199496 455
199497 455
29414 455
29415 455
29416 455
24687 3598
62875 3598
86871 3598
24688 3598
243541 3598
62876 3598
257323 3598
257324 3598
24689 3598
86872 3598
243542 3598
86873 3598
176099 3598
24690 3598
243543 3598
62877 3598
245556 3598
86874 3598
62878 3598
332196 3598
62879 3598
62880 3598
243544 3598
36141 3704
36142 3704
164301 3704
143382 3704
36143 3704
36144 3704
205928 3704
221538 3704
36145 3704
143383 3704
205929 3704
309024 3704
164302 3704
300093 3704
36146 3704
310801 3704
143384 3704
309025 3704
143385 3704
36147 3704
36148 3704
36149 3704
36150 3704
138912 4001
138913 4001
180165 2360
138914 4001
138915 4001
138916 4001
228979 4001
180166 2360
180167 2360
138917 4001
228980 4001
138918 4001
138919 4001
138920 4001
180168 2360
138921 4001
138922 4001
273332 4001
228981 4001
138924 4001
228983 4001
151332 4001
273333 4001
28066 3779
111799 3779
160246 3779
111800 3779
223856 3779
160247 3779
28067 3779
111801 3779
111802 3779
310409 3779
111803 3779
160248 3779
28068 3779
28069 3779
302947 3779
160249 3779
111804 3779
1514 3779
28070 3779
28071 3779
202271 3779
111805 3779
28072 3779
38965 1349
159552 1349
38966 1349
200070 1349
208820 1349
200071 1349
38967 1349
200072 1349
311666 1349
200073 1349
318534 1349
227955 1349
323229 1349
227956 1349
200074 1349
311667 1349
159553 1349
173832 1349
227789 1349
159554 1349
329761 1349
200075 1349
13229 4758
33208 4758
13230 4758
13231 4758
300336 4758
187064 4758
13232 4758
187065 4758
187066 4758
187067 4758
187068 4758
187069 4758
13233 4758
187070 4758
187071 4758
13234 4758
305956 4758
187072 4758
13235 4758
13236 4758
305957 4758
305958 4758
21017 3932
59776 3932
59777 3932
21018 3932
207991 3932
59778 3932
21019 3932
228501 3932
21020 3932
59779 3932
59780 3932
21021 3932
59781 3932
21022 3932
160547 3932
160548 3932
21023 3932
160549 3932
59782 3932
160550 3932
59783 3932
160551 3932
52284 2285
90944 2285
170390 2285
90945 2285
200352 2285
187988 2285
90946 2285
52285 2285
90947 2285
244063 2285
52286 2285
187989 2285
170391 2285
234316 2285
187990 2285
90948 2285
52287 2285
244064 2285
235854 2285
52288 2285
298667 2285
170392 2285
128130 3635
142047 3239
142048 3635
212188 3635
276102 3635
142049 3635
196979 3635
303297 3239
212189 3635
196980 3635
212190 3635
142050 3635
128131 3635
128132 3635
330829 3635
276103 3635
212191 3635
212192 3635
128133 3635
142051 3635
128134 3635
128135 3635
299983 3312
62147 4003
104127 4003
62148 4003
141382 4003
104128 4003
141383 4003
141384 4003
303426 4003
62149 4003
104129 4003
141385 4003
330088 4003
141386 4003
62150 4003
306696 4003
62151 4003
104130 4003
104131 4003
104132 4003
104133 4003
104134 4003
62152 4003
19069 3815
19070 3815
19071 3815
32402 3815
232357 3815
232358 3815
296295 3815
232359 3815
19072 3815
274840 3815
274841 3815
19073 3815
19074 3815
19075 3815
19076 3815
274842 3815
19077 3815
19078 3815
19079 3815
19080 3815
32403 3815
19081 3815
39923 3952
39924 3952
135661 3952
159461 3952
39925 3952
159462 3952
159463 3952
192771 3952
135662 3952
135663 3952
66778 3952
159464 3952
268135 3952
159465 3952
325199 4083
159466 3952
135664 3952
200725 3952
39926 3952
39927 3952
159467 3952
159468 3952
76156 4194
304554 4194
76157 4194
76158 4194
50907 2489
70701 2489
50908 2489
213513 2489
213514 2489
193155 2489
213515 2489
70702 4603
50909 2489
193156 2489
193157 2489
70703 2489
70704 2489
193158 2489
193159 2489
70705 2489
304360 2489
193160 2489
50910 2489
134727 2489
193161 2489
50911 2489
48991 3872
107958 3872
48992 3872
48993 4739
107959 3872
107960 3872
107961 3872
225756 4739
48994 3872
107962 3872
107963 3872
107964 3872
107965 3872
320722 4739
107966 3872
107967 3872
250183 3872
118147 4739
225757 4739
107968 3872
107969 3872
107970 3872
77535 4270
198570 4270
198571 4270
229299 4270
77536 4270
77537 4270
198573 4804
198574 4270
77538 4270
198575 4270
198576 4270
198577 4804
77539 4270
77540 4270
198578 4270
229300 4270
291914 4270
77541 4270
198579 4270
198580 4270
229301 4270
77542 4270
115748 323
115750 323
172667 323
172668 323
115751 323
172669 323
172670 323
115753 323
226229 323
172671 323
115754 323
298097 323
115755 323
115756 323
172672 323
226230 323
172673 323
115758 323
115759 323
115760 323
226232 323
65094 3240
65095 4338
69221 4338
65096 3240
69222 4338
69223 4338
69224 3240
69225 4338
65097 4338
69226 4338
65098 4338
69227 4338
69228 3240
69229 4338
69230 4338
69231 3240
65099 4338
69232 3240
69233 4338
69234 4338
69235 3240
65191 1398
157632 1398
157633 1398
181445 1398
21835 1398
65192 1398
65193 1398
65194 1398
275767 1398
65195 1398
288376 1398
65196 1398
65197 1398
275769 1398
293166 1398
157636 1398
293167 1398
65198 1398
157637 1398
157638 1398
157640 1398
145650 1280
145651 1280
211431 1280
145652 1280
211432 1280
209376 1280
298165 1280
329081 1280
211433 1280
297846 1280
145653 1280
297847 1280
329676 1280
298166 1280
145654 1280
211434 1280
295588 1280
129399 1280
329675 1280
202279 1280
297848 1280
30617 1911
49802 1911
30618 1911
49803 1911
30619 1911
49804 1911
49805 1911
30621 1911
30622 1911
56671 1911
49810 1911
30625 1911
49811 1911
56672 1911
30627 1911
30630 1911
49812 1911
30631 1911
30632 1911
56674 1911
49813 1911
298 1298
31807 4806
122374 1298
186314 1298
186315 1298
186316 1298
299 1298
300 1298
122375 1298
301 2821
31811 4806
122376 1298
312560 1298
186317 1298
302 1298
303 1298
311782 1298
304 1298
186318 1298
78929 1298
122377 1298
276104 3635
103349 4268
315127 4268
307310 4268
133433 4805
133434 4805
209457 4805
133435 4805
133436 4805
133437 4805
212325 4805
133438 4805
285850 4805
209458 4805
209459 4805
285851 4805
209460 4805
133439 4805
178244 4805
133440 4805
209461 4805
285852 4805
259674 4805
212326 4805
133441 4805
2196 3637
175725 3637
214356 3637
2197 3637
261930 3637
2198 3637
2199 3637
2200 3637
244582 3637
244583 3637
2201 3637
2202 3637
2203 3637
2204 3637
244584 3637
175726 3637
2205 3637
175727 3637
2206 3637
244585 3637
175728 3637
51922 2548
36152 2548
160533 4470
180321 2548
217730 2548
231853 2548
51923 2548
51924 2548
99562 2548
244128 2548
99563 2548
180322 2548
99564 2548
160534 4470
253971 2548
99565 2548
217731 2548
51925 2548
253972 2548
217732 2548
217733 2548
52414 3489
52415 3489
52416 3489
67344 3489
112272 3489
52417 3489
112273 3489
52418 3489
72210 3489
52419 3489
72211 3489
72212 3489
112274 3489
186929 3489
72213 3489
112275 3489
52420 3489
52421 3489
52422 3489
52423 3489
72214 3489
68712 3498
137082 1310
214512 1310
251037 1310
137083 1310
214513 1310
137084 1310
214514 1310
68713 1310
214515 1513
137085 1310
214516 1513
137086 1310
251038 1310
214517 1513
137087 1310
137088 1310
251039 1310
251438 1310
137089 1310
214519 1310
7133 4004
15404 2487
69187 1027
15405 2487
250162 2487
292594 1027
15406 2487
69188 1027
303801 1027
69189 1027
69190 1027
303802 4004
303803 2487
326592 2487
322965 4004
7134 2487
15407 2487
15408 2487
15409 2487
15410 2487
69191 1027
123812 4527
127531 3048
142849 3048
192215 4781
257621 3048
270965 4527
270966 4527
270967 4527
270968 4527
123813 4527
123814 4527
127532 3048
270969 4527
142850 3048
127533 3048
123815 4527
312441 3048
123816 4527
127534 3048
123817 4527
270970 4527
105247 3241
193347 4080
211268 3241
295613 3241
211269 3241
193348 4080
211270 3241
310781 4080
105248 3241
105249 3241
105250 3241
105251 3241
310782 4080
310783 4080
193349 4080
105252 3241
193350 4080
193351 4080
105253 3241
105254 3241
38272 4099
137868 4099
38273 4099
38274 4099
137869 4099
38275 4099
38276 4099
38277 4099
38278 4099
38279 4099
38280 4099
284462 4099
277944 4099
38281 4099
284463 4099
284464 4099
38282 4099
38283 4099
38284 4099
284465 4099
103566 3158
124480 3158
147170 3158
147171 3158
147172 3158
103567 3158
103568 3158
156122 3158
156123 3158
188688 3158
147173 3158
147174 3158
124481 3158
124482 3158
124483 3158
147176 3158
103570 3158
103571 3158
156124 3158
156125 3158
3487 4782
3488 4782
181805 4782
258551 4782
181806 4782
3489 4782
255603 4782
255604 4782
3490 4782
3491 4782
181807 4782
255605 4782
326593 4782
181808 4782
3492 4782
255606 4782
308693 4782
303456 4782
181809 4782
3493 4782
187582 1329
159501 1329
323465 1329
187583 1329
187584 1329
304037 1329
187585 1329
323466 1329
325762 1329
304038 1329
304039 1329
301159 1329
249672 1329
330811 1329
330810 1329
309054 1329
323468 1329
323469 1329
187586 1329
301160 1329
13655 1724
13656 1724
13657 1724
76359 1724
13658 1724
13659 1724
232147 1724
256308 1724
28278 1724
76360 1724
13660 1724
28279 1724
13661 1724
13662 1724
13663 1724
239171 1724
13664 1724
13665 1724
165602 1724
13666 1724
7545 2227
7587 2227
7588 2227
7546 2227
32787 2227
32788 2227
210393 2001
240978 2227
32789 2227
32790 2227
7547 2227
32791 2227
7590 2227
32792 2227
7548 2227
113164 2001
32793 2227
172619 2227
7549 2227
269014 2227
252190 4252
252191 4252
252192 4252
252194 4252
48060 4877
143929 4877
143930 4877
186842 4877
143931 4877
181232 4877
252675 4877
48061 4877
143932 4877
48062 4877
218497 4877
218498 4877
48063 4877
328695 4877
186843 4877
268056 4877
48064 4877
268057 4877
181233 4877
48065 4877
40790 3455
123413 3947
209834 3455
40791 3455
237408 3455
40792 3455
40793 3455
237409 3455
40794 3455
40795 3455
40796 3455
209835 3455
255031 3455
40797 3455
40798 3455
237410 3455
40799 3455
40800 3455
40801 3455
237412 3455
120142 4740
56430 4740
215817 4740
120143 4740
225861 4740
203910 4740
120144 4740
225862 4740
303367 4740
56431 4740
260864 4740
225866 4740
56432 4740
260865 4740
225867 4740
203913 4740
203914 4740
120145 4740
56433 4740
56434 4740
17224 2941
17225 2941
254897 2941
17226 2941
270315 3871
254898 2941
17228 2941
270316 4741
269218 2941
254899 2941
17229 2941
17230 2941
17231 2941
330767 2941
330768 2941
17232 2941
17233 2941
17234 2941
17235 2941
17236 2941
47475 4271
124630 4271
135546 4271
164859 4271
47476 4271
124631 4271
255620 4271
283075 4271
124632 4271
124633 4271
47477 4271
47478 4271
164860 4271
325115 4807
47479 4271
47480 4271
164861 4271
124634 4271
325116 4271
135547 4271
33595 1004
33596 1004
33597 1004
277932 1004
282696 1004
303272 1004
282697 1004
277933 1004
277934 1004
33598 1004
228208 1004
305189 1004
74625 1004
277935 1004
277936 1004
33599 1004
228209 1004
33600 1004
277937 1004
122495 282
122496 282
122497 282
122498 282
122499 282
128459 282
132603 282
122500 282
122501 282
302150 282
122502 282
122503 282
132604 282
122504 282
122505 282
132605 282
122506 282
170074 282
132606 282
113188 4005
113189 752
178819 752
240682 752
178820 752
178821 752
178822 752
178823 752
113191 752
178824 752
273967 752
164415 752
143690 752
178825 752
178826 752
178827 752
224331 752
178828 752
224332 752
40297 3435
137737 3435
175481 3435
213055 3435
40298 3435
40299 3435
40300 3435
250689 3435
175482 3435
40301 3435
40302 3435
247208 3435
247209 3435
40303 3435
40304 3435
40305 3435
40306 3435
40307 3435
175483 3435
33423 3289
101117 3289
93843 4141
101118 3289
101119 3289
33424 3289
330463 3289
332468 3289
33425 3289
33426 3289
327188 3289
33427 3289
332731 3289
327189 3289
33428 3289
332469 3289
101120 3289
33429 3289
101121 3289
61801 4195
61802 4195
61803 4195
194182 4195
265682 4195
61804 4195
194184 4195
159427 4195
265683 4195
265684 4195
265685 4195
61805 4195
61806 4195
159428 4195
265686 4195
61807 4195
265687 4195
325341 4195
265688 4195
44792 4006
101537 3337
144427 3337
173035 3337
144428 3337
258404 3337
44793 3337
144429 3337
101538 3337
144430 3337
44794 3337
144431 3337
44795 3337
308007 3337
44796 3337
101539 3337
308008 3337
173036 3337
173037 3337
152993 3737
159095 3529
159096 3529
152994 3737
163880 3529
163881 3529
334729 1762
152996 3737
159097 3529
152997 4878
334730 1762
334731 1762
334732 1762
159098 3529
159099 3529
159100 3529
163882 3529
163883 3529
334733 1762
136053 2746
229943 2746
258100 2746
270807 2746
270808 2746
288649 4354
277337 2746
229944 2746
288650 2746
136054 2746
229945 2746
277338 2746
316571 2746
316572 2746
229946 4879
136055 2746
136056 2746
229947 2746
136057 2746
202951 4742
202952 4742
202953 4742
202954 4742
202955 4742
202956 4742
202957 4742
202958 4742
197509 4742
202959 4742
202960 4742
202961 4742
202962 4742
202963 4742
202964 4742
202965 4742
202966 4742
202967 4742
211011 3243
272473 3243
290256 3243
272474 3243
290257 3243
187003 3243
52985 3243
103904 3243
320393 3243
272475 3243
290258 3243
211012 3243
272476 3243
211013 3243
52986 3243
272477 3243
211014 3243
272478 3243
131896 3245
131898 3245
249411 3245
249412 3245
131899 3245
247187 3245
131900 3245
249413 3245
249414 3245
249415 3245
131901 3245
249416 3245
249417 3245
247188 3245
131902 3245
249418 3245
247190 3245
131903 3245
83653 3246
236335 3246
236336 3246
271619 3246
83654 3246
271620 3246
83655 3246
271621 3246
236337 3246
83656 3246
236338 3246
271622 3246
83657 3246
236339 3246
83658 3246
236340 3246
269224 3246
271623 3246
109302 309
109303 309
162997 309
194965 309
162998 309
194966 309
162999 309
163000 309
163001 309
109304 309
163002 309
163003 309
163004 309
143954 309
143956 309
109305 309
109306 309
109307 309
68273 1790
126552 1790
68274 1790
130661 1790
126553 1790
130662 1790
130663 1790
68275 1790
173229 1790
130664 1790
130665 1790
68276 1790
35754 1790
68277 1790
130666 1790
130667 1790
130668 1790
154013 1790
138661 3244
179015 3244
179016 3244
209013 3244
179017 3244
250042 3244
138662 3244
179018 3244
179019 3244
275223 3244
250043 3244
138663 3244
234004 3244
179020 3244
108289 3244
138664 3244
209014 3244
179021 3244
83578 1053
98625 1053
98626 1053
83579 1053
98627 1053
83580 1053
98628 1053
83581 1053
83582 1053
83583 1053
328827 1053
98629 1053
220700 1053
98630 1053
98631 1053
83584 1053
83585 1053
83586 1053
24843 2214
40936 2214
40937 2214
171782 2214
24844 2214
40938 2214
24845 2214
24846 2214
24847 2214
171783 4084
301796 4084
301797 1173
171784 2214
321873 1173
40940 2214
24849 2214
24850 2214
40941 2214
15174 4808
223978 4808
223979 4808
15175 4808
313380 4808
223980 4808
15176 4808
15177 4808
223981 4808
223982 4808
223983 4808
223984 4808
223985 4808
223986 4808
316919 4808
316920 4808
223987 4808
223988 4808
65348 3499
183222 3499
65349 3499
65350 3499
183223 3499
183224 3499
183225 3499
183226 3499
183227 3499
239918 3499
65351 3499
65352 3499
65353 3499
183228 3499
183229 3499
65354 3499
183230 3499
183231 3499
40263 3205
190427 3638
221644 3638
246219 3638
265533 3205
40264 3205
190428 3205
190429 3205
246220 3205
40265 3205
313638 3638
221645 3205
40266 3205
40267 3205
190430 3205
331308 3638
190431 3205
278473 3638
53783 1824
169513 1824
246985 1824
258542 1824
169514 1824
53785 1824
169515 1824
53786 1824
276833 4240
169516 1824
53787 1824
53788 1824
53789 1824
276834 1824
53790 1824
53791 1824
53792 1824
53793 1824
120135 4728
159263 4728
167775 4728
175715 4728
120136 4728
239389 4728
259087 4728
185146 4728
120137 4728
239390 4728
239391 4728
239392 4728
120138 4728
239393 4728
259088 4728
159264 4728
120139 4728
239394 4728
134700 4328
187753 4328
221684 4328
45040 4328
134701 4328
273601 1343
291670 4328
134702 4328
273602 1343
268070 4328
273603 1343
134703 4328
297917 4328
221685 4328
291672 4328
297918 4328
221686 4328
134704 4328
59234 4743
59235 4743
163371 4743
59236 4743
131516 4743
154859 4743
154860 4743
154861 4743
249382 4743
59237 4743
154862 4743
154863 4743
229982 4743
229983 4743
154864 4743
59238 4743
59239 4743
154865 4743
6390 4783
6394 4783
142971 4783
209396 4783
6395 4783
142972 4783
142973 4783
212715 4783
212716 4783
6391 4783
257398 4783
6396 4783
212717 4783
142974 4783
142975 4783
142976 4783
6392 4783
6393 4783
206786 2643
252799 2643
143959 2643
294865 2643
298646 2643
148827 2643
252800 2643
206787 2643
320628 2643
62093 2643
206788 2643
148829 2643
148830 2643
62094 2643
289878 2643
300866 2643
318737 2643
54886 2237
159770 2237
54887 2237
159771 2237
159772 2237
159773 2237
159774 2237
54888 2237
54889 2237
159775 2237
159776 2237
54890 2237
159777 2237
159778 2237
159779 2237
159780 2237
316106 2237
23763 3754
23764 3754
56134 3754
23765 3754
56135 4009
56137 3754
56138 3754
23766 3754
56139 3754
56140 3754
56141 3754
23767 3754
56142 3754
56143 3754
23768 3754
56144 3754
56145 3754
17018 1153
96083 1153
114437 1153
115647 1153
96084 1153
260112 1153
115648 1153
96085 1153
17019 1153
115649 1153
17020 1153
114438 1153
96086 1153
17021 1153
323599 1153
17022 1153
291309 1153
228491 253
123866 1491
216483 1491
216484 1491
298311 1491
303567 1491
123867 1491
290819 1491
290820 1491
123868 1491
123869 1491
326964 1491
324057 1491
307298 1491
290821 1491
328015 1491
324058 1491
123870 1491
171644 702
171645 702
127067 2017
127071 702
247747 2017
171646 702
293380 702
293381 702
293382 702
171647 702
171648 702
171650 702
293383 702
293384 702
293385 702
171651 702
171649 702
9990 3022
9991 3022
188445 3022
188446 3022
167946 3022
9992 3022
188447 3022
9993 3022
196652 3022
188448 3022
233092 3022
233093 3022
167947 3022
9994 3022
188449 3022
167948 3022
167949 3022
137425 4007
137426 3716
205569 3716
137427 3716
277486 3716
137428 3716
193573 3716
137429 3716
137430 3716
279625 3716
289010 3716
277487 3716
137431 3716
137432 3716
193574 3716
137433 3716
277488 3716
208164 1077
208165 1077
208166 1077
266500 1077
297022 1077
208370 1077
208167 1077
208371 1077
208372 1077
208168 1077
208205 1077
208169 1077
328038 1077
208170 1077
208171 1077
266501 1077
100077 1077
6964 3919
17014 3919
6965 3919
6966 3919
6967 3919
239201 4809
6968 3919
270060 4809
6969 3919
239202 4809
17015 3919
17016 4809
6970 3919
6971 3919
6972 3919
17017 3919
6973 3919
163615 1695
241701 1695
250575 1695
163616 1695
250576 1695
241702 1695
163617 1695
250577 1695
250578 1695
270368 1695
250579 1695
250580 1695
163618 1695
163619 1695
241703 1695
163620 1695
267725 1695
6623 1705
151423 1705
151424 1705
151425 1705
151426 1705
93127 1705
93128 1705
6625 1705
62633 1705
93129 1705
93130 1705
62634 1705
228061 1705
93131 1705
62635 1705
93132 1705
6626 1705
48350 4288
109979 4288
48351 4288
77572 4288
205681 4288
48353 4288
259337 4288
197589 4288
197590 4288
269190 4288
48354 4288
109980 4288
109981 4288
48355 4288
48356 4288
48357 4288
48358 4288
249083 2582
258768 2582
287908 2582
119959 2582
258769 2582
287909 2582
249084 2582
287910 2582
293438 2582
249085 2582
258770 2582
297173 2582
287911 2582
291749 2582
258771 2582
331968 2582
258772 2582
231006 4759
231007 911
244143 911
94569 4759
231008 911
244144 911
244145 911
244146 911
245722 4759
244147 911
244148 911
245723 4759
231009 911
244149 911
231010 911
231011 911
245724 911
265417 3673
265418 3673
287601 4962
291273 3673
286662 3673
265419 3673
291274 3673
303904 3673
291275 3673
291276 3673
291277 3673
265420 3673
291278 3673
291279 3673
303905 3673
291280 3673
291281 3673
169147 4157
190254 4157
203608 4157
221061 4157
190255 4157
190256 4157
293939 4157
190257 4157
169148 4157
290968 4157
203610 4157
203611 4157
169149 4157
290969 4157
169150 4157
169151 4157
203612 4157
9522 3275
10625 3275
9523 3275
155685 3275
231333 3275
10626 3275
258062 3275
49676 3275
155686 3275
9524 3275
49677 3275
10627 3275
9525 3275
10628 3275
10629 3275
10630 3275
155687 3275
91893 3395
91894 3395
91895 3395
309732 3395
91897 3395
91898 3395
91924 3395
91899 3395
91900 3395
91901 3395
91902 3395
91903 3395
91904 3395
91905 3395
91906 3395
91907 3395
91908 3395
132929 4290
167388 4290
132930 4290
271321 4290
261523 4290
261524 4290
132931 4290
312908 3259
132932 4290
256824 4290
271322 4290
132933 4290
292153 4290
132934 4290
271323 4290
261525 4290
271324 4290
121875 1306
169732 1306
169733 1306
229837 3491
169734 1306
229838 3491
121876 1306
121877 1306
121878 1306
233970 1306
169735 1306
121879 1306
248080 1306
169736 1306
121880 1306
229839 3491
121881 1306
46936 1494
109138 118
109139 118
46937 1494
109140 118
109141 118
46938 1494
109142 118
300309 1494
109143 118
46939 1494
109144 118
136750 118
46940 1494
109145 118
46941 1494
136751 1494
53364 3338
53365 4008
160586 3338
163212 3338
163213 3338
160587 3338
313169 3338
325731 3338
297373 3338
160588 3338
53366 3338
160589 3338
53367 3338
53368 3338
108269 3338
108270 3338
332536 3338
40939 4084
80115 684
161982 4341
80116 684
260817 3072
260818 684
80117 684
289093 684
161983 4341
80118 684
260819 684
260820 684
260821 684
260822 684
161984 4341
260823 3072
260824 684
80119 684
124180 3886
240851 3886
274825 3886
294209 3886
274826 3886
124181 3886
274827 3886
322651 3886
124182 3886
124183 3886
240853 3886
294210 3886
274828 3886
274829 3886
318025 3886
318026 3886
42191 2361
42192 2361
136245 2361
136246 2361
136247 2361
42193 2361
136248 2361
42194 2361
249591 2361
42195 2361
136249 2361
136250 2361
136251 2361
315625 2361
136252 4785
136253 2361
129068 1493
129069 1493
129070 1493
129071 1493
129072 1493
87026 1493
218032 1493
129073 1493
129074 1493
219813 1493
129075 1493
129076 1493
129077 1493
129078 1493
129079 1493
129080 1493
1421 1515
1422 1515
111721 1515
159527 1515
111722 1515
1423 1515
159529 1515
159530 1515
159531 1515
1424 1515
1425 1515
159535 1515
111723 1515
159536 1515
1426 1515
159537 1515
107076 3852
239067 3852
239068 3852
239069 3852
239070 3852
239498 3852
107077 3852
239499 3852
239073 3852
294571 3852
324424 3852
239500 3852
288775 3852
288777 3852
275287 3852
239074 3852
8328 1581
128491 1581
8329 1581
8330 1581
118878 1581
83796 1581
118879 1581
83797 1581
83798 1581
83800 1581
83803 1581
118882 1581
118883 1581
83804 1581
118884 1581
83805 1581
124676 934
124677 934
227184 934
124678 934
124679 934
124680 934
124681 934
192645 934
320598 934
294401 934
320599 934
294402 934
124682 934
124683 934
294403 934
278970 934
78187 3935
200129 3935
78188 3935
78189 3935
232704 4254
200130 4254
293210 3935
232705 3935
200131 3935
78190 3935
78191 3935
293211 4784
293212 3935
293213 3935
78192 3935
78193 3935
39511 3436
39512 3436
100068 3436
39513 3436
65536 3436
39514 3436
39515 3436
100069 3436
39516 3436
39517 3436
39518 3436
39519 3436
39520 3436
39521 3436
39522 3436
65537 3436
28494 1978
28495 1978
28496 1978
28497 1978
28498 1978
28499 1978
28500 1978
28501 1978
28502 1978
28503 1978
28504 1978
106883 1978
28505 1978
28506 1978
28507 1978
28508 1978
64964 3726
64965 3726
71733 1912
71734 3726
71735 3726
64966 3726
71736 3726
64967 3726
71738 3726
71739 3726
71740 1912
71741 3726
71742 1912
64968 3726
64969 3726
306957 3726
163621 1492
171342 1492
201057 1492
163622 1492
163623 1492
297085 1492
201058 1492
201059 1492
201060 1492
201061 1492
291560 1492
171343 1492
163624 1492
163625 1492
163626 1492
305072 1492
97540 3503
202946 3503
215988 3503
242024 3503
202947 3503
305030 3503
97541 3503
202948 3503
323247 3503
323248 3503
97542 3503
305031 3503
323249 3503
202949 3503
97543 3503
97544 3503
31261 2470
31262 2470
196006 2470
31263 2470
196007 2470
31264 2470
212790 2470
262957 2470
196008 2470
196009 2470
31265 2470
58285 2470
196010 2470
58286 2470
58287 2470
58288 2470
201165 4289
201166 4289
240585 4289
240586 4289
240587 4289
236110 4289
236111 4289
274433 4289
201167 4289
236112 4289
201168 4289
274434 4289
274435 4289
261790 4289
236113 4289
236114 4289
71301 1603
168271 1603
71303 1603
210372 1603
71304 1603
210373 1603
210374 1603
71305 1603
71306 1603
71307 1603
210375 1603
71308 1603
71309 1603
210376 1603
168272 1603
168273 1603
49967 4291
194583 4291
49968 4291
201868 4291
241917 4291
49969 4291
241918 4291
49970 4291
49971 4291
49972 4291
49973 4291
49974 4291
49975 4291
241919 4291
49976 4291
49977 4291
36973 1426
36974 1426
198114 1426
198115 1426
262997 1426
36976 1426
198116 1426
36977 1426
198117 1426
36978 1426
34288 3610
198118 1426
34289 3610
262998 1426
36979 1426
36980 1426
16782 1746
67568 1457
69840 1457
16783 1746
16784 1746
67569 1457
67570 1457
210075 1457
67571 1457
67572 1457
67573 1457
16785 1746
67574 1457
67575 1457
16786 1746
69841 1457
244556 2632
254707 2632
285048 2845
244557 2632
244558 2632
244559 2632
254708 2632
254709 2632
254710 2632
254711 2632
254712 2632
244560 2632
285049 2845
254713 2632
271181 2845
254714 2632
102122 2947
102595 898
167740 3493
102596 898
102597 898
102123 898
102598 898
167741 3493
102599 898
102124 2947
102600 898
102601 898
102602 898
102603 898
168226 898
102604 898
88100 4963
120934 4963
120935 4963
120936 4963
120937 4963
120938 4963
88101 4963
120939 4963
149811 4963
88102 4963
88103 4963
88104 4963
88105 4963
120941 4963
88106 4963
88107 4963
110329 4760
110330 4760
160625 4760
110331 4760
160626 4760
110332 4760
110333 4760
189108 4760
110334 4760
193120 4760
193121 4760
110335 4760
133972 4760
262830 4760
160627 4760
110336 4760
40004 2734
40005 2734
150812 2734
40006 2734
275190 2734
40007 2734
40008 2734
275191 2734
40009 2734
40010 2734
40011 2734
40012 2734
306988 2734
150813 2734
150814 2734
104036 4241
104037 4241
104038 4241
104039 4241
236486 4241
208772 4241
208773 4241
208774 4241
314395 4241
208775 4241
314396 4241
104040 4241
104041 4241
208776 4241
236487 4241
283642 4273
283643 4273
283644 4273
309799 4273
320851 4273
320852 4273
283645 4273
283646 4273
283647 4273
283648 4273
283649 4273
309800 4273
309801 3915
309802 4273
283650 4273
209691 1481
209692 1481
259908 1481
266795 1481
209693 1481
209694 1481
209695 1481
319844 1481
209696 1481
209697 1481
209698 1481
319845 1481
319846 1481
209699 1481
209700 1481
44961 237
44962 3611
194128 3611
101883 3611
101884 3611
44963 3611
101885 3611
316262 3611
101886 3611
44964 3611
194129 3611
101887 3611
44965 3611
101888 3611
194130 3611
8923 4010
52188 4010
8924 4010
69857 4010
52189 4010
69858 4010
52190 4010
5099 4010
69859 4010
52191 4010
8925 4010
8926 4010
8927 4010
302493 4010
52192 4010
95134 1450
27480 1450
133717 1450
95135 1450
133718 1450
160616 1450
95136 1450
160617 1450
133719 1450
133720 1450
133721 1450
133722 1450
272016 1450
133723 1450
95137 1450
76366 2488
76367 2488
134187 2488
216283 2488
252217 2488
252218 2488
134188 2488
76368 2488
134189 2488
216284 2488
76369 2488
216285 2488
252219 2488
252220 2488
76370 2488
190225 1784
268731 2788
190226 1784
190227 1784
268732 2788
268733 2788
268734 2788
278627 1784
278628 1784
190228 1784
278629 1784
190229 1784
268735 2788
268736 2788
190230 1784
80592 2886
85197 2886
85631 2886
80593 2886
151205 2886
80594 2886
80595 2886
85632 2886
85633 2886
80596 2886
80597 2886
279735 2886
85198 2886
85634 2886
151206 2886
17286 173
17287 173
17288 173
242518 173
242519 173
242520 173
242521 173
242522 173
333268 3162
17289 173
221419 3162
17290 173
321525 3162
17291 173
17292 173
30136 4248
216291 4248
216292 4248
239322 4248
30138 4248
239323 4248
216293 4248
239324 4248
30139 4248
216294 4248
30140 4248
30141 4248
216295 4248
30142 4248
217518 4248
47812 2216
92696 2216
204965 2216
47813 2216
92697 2216
92698 2216
92699 2216
92700 2216
204966 2216
92701 2216
291206 2216
47814 2216
47815 2216
92702 2216
92703 2216
189274 3948
189275 3948
189276 3948
273079 3948
189277 3948
256972 3948
239835 3948
239836 3948
189278 3948
239837 3948
239838 3948
189279 3948
189280 3948
189281 3948
239839 3948
66085 3755
184708 3755
66086 3755
66087 3755
66088 3755
184709 3755
66089 3755
66090 3755
66091 3755
309344 3755
327954 3717
66092 3755
66093 3755
66094 3755
66095 3755
1473 4197
1474 4197
1475 4197
239579 4197
1492 4197
1494 4197
1476 4197
1477 4197
1495 4197
1478 4197
1496 4197
1479 4197
1480 4197
1497 4197
266071 4197
28326 4405
60991 4405
60992 4405
28327 4405
99695 4405
99696 4405
28328 4405
28329 4405
99697 4405
28331 4405
99700 4405
104538 4405
99701 4405
99702 4405
99703 4405
145225 4158
145226 4158
244923 2983
220238 2983
244924 2983
145227 4158
280403 4158
244925 2983
145228 4158
280404 4158
280406 4158
331477 2878
331478 2878
280407 2878
244926 2983
61788 4272
87062 4272
61789 4272
32195 4272
61790 4272
32196 4272
258598 4272
61791 4272
32197 4272
61792 4272
61793 4272
332784 4272
333636 4272
332785 4272
87063 4272
177044 4810
177045 4810
177046 4810
275707 4810
177048 4810
275708 4810
177049 4810
177050 4810
177051 4810
177052 4810
177053 4810
289004 4810
177054 4810
177055 4810
177056 4810
141104 4304
245009 3957
235868 3957
276589 4304
141105 4304
276590 4304
141106 4304
245010 3957
327608 3957
318331 4304
245011 3957
257277 3957
257278 3957
141107 4304
245012 3957
129482 3292
129483 3292
169710 4964
169711 4964
129484 3292
266430 4964
169712 4964
266431 4964
169713 4964
129485 3292
321048 4964
321049 4964
169714 4964
129486 3292
169715 4964
210076 1615
223370 1615
147500 1615
223371 1615
223372 1615
223373 1615
223374 1615
210077 1615
210078 1615
223375 1615
223376 1615
210079 1615
210080 1615
223378 1615
25888 2336
25889 2336
25890 2336
95910 2336
67177 2336
25891 2336
67178 2336
25892 2336
95911 2336
95912 2336
25893 2336
95913 2336
67179 2336
25894 2336
78280 194
78281 194
190917 194
230401 194
168365 194
168367 194
239318 194
78282 194
254579 194
168368 194
78283 194
78284 194
78285 194
272323 194
15348 3718
15349 3718
15350 3164
15351 3718
15352 3718
15353 3718
15354 3718
126881 3718
15355 3718
15356 3718
15357 3718
15358 3718
15359 3718
15360 3164
8497 3887
172919 3887
8498 3887
8499 3887
254793 3887
8500 3887
8501 3887
8502 3887
8503 3887
8504 3887
8506 3887
8507 3887
8508 3887
8509 3887
76888 1099
165124 1099
76889 1099
190108 1099
190110 1099
312456 1099
190111 1099
165125 1099
76890 1099
266116 1099
76891 1099
165126 1099
76892 1099
76893 1099
91518 3916
91519 3916
145896 3916
205119 3916
91520 3916
145898 3916
91521 3916
91522 3916
145901 3916
188333 3916
145902 3916
145903 3916
145904 3916
91523 3916
131367 862
131368 862
131369 862
131370 862
161014 862
161015 862
131371 862
131372 862
161016 862
131373 862
161017 862
161018 862
161019 862
288903 862
21888 3456
26675 3456
85887 3456
21889 3456
221012 3456
21890 3456
85888 3456
21891 3456
26676 3456
26677 3456
21892 3456
21893 3456
21894 3456
21895 3456
98440 4199
98441 4199
88508 4199
98442 4199
195566 4199
217058 4199
98443 4199
217059 4199
98444 4199
98445 4199
98446 4199
195567 4199
217060 4199
227518 4199
107754 3023
212467 3023
107755 3023
107756 3023
107757 3023
107758 3023
107759 3023
107760 3023
107761 3023
249504 3023
212468 3023
212469 3023
107762 3023
107763 3023
314173 2388
314174 2388
314175 2388
314176 2388
327599 2388
314177 2388
327600 2388
314178 2388
314179 2388
100510 2388
314180 2388
323472 2388
314181 2388
327601 2388
162107 3674
188975 3674
227684 3674
227685 3674
278297 3674
259516 3674
227686 3674
270759 3674
188976 3674
162108 3674
292304 3674
162109 3674
162110 3674
162111 3674
223428 1884
312172 1884
223429 1884
288851 1884
320847 1884
322809 1884
320848 1884
223430 1884
322075 1884
320849 1884
223431 1884
322076 1884
322077 1884
312174 1884
226 2885
251261 2885
227 2885
251262 2885
228 2885
251263 2885
258568 2885
251264 2885
69197 2885
69198 2885
230 2885
69199 2885
251265 2885
231 2885
147292 4198
254608 4198
254609 4198
147293 4198
147294 4198
314630 4198
254610 4198
319396 4198
297306 4198
314631 4198
147295 4198
254611 4198
147296 4198
147297 4198
270263 2275
232476 75
270264 2275
270265 2275
270266 2275
327224 4256
270267 2275
327225 4256
327226 4256
327227 4256
270268 4256
327228 4256
270269 2275
270270 2275
210597 4292
210598 4292
255416 4292
255417 4292
292358 4292
32888 4292
210599 4292
255418 4292
32890 4292
288931 4292
288932 4292
210600 4292
288933 4292
32891 4292
24152 2995
112750 2995
24153 2995
285632 4719
285633 4719
112751 2995
285634 4719
250109 2995
24154 2995
250110 2995
112752 2995
112753 2995
24155 2995
250111 2995
75787 4342
89910 4342
135161 4342
75788 4342
279198 4342
75789 4342
89911 4342
279199 4342
89912 4342
279200 4342
89913 4342
75790 4342
279201 4342
284873 4342
90701 4966
236259 3617
236260 3617
320723 4966
320724 4966
90702 4966
236261 3617
320725 4966
236262 3617
236263 3617
236264 3617
90703 4966
320726 4966
236265 3617
162466 4965
215402 4965
162467 4965
265788 4965
162468 4965
265795 4965
162469 4965
318638 4965
265789 4965
162470 4965
162471 4965
162472 4965
215403 4965
295424 4965
49442 165
73708 165
49443 165
49444 165
49445 165
329007 165
329008 165
35674 165
73709 165
329009 165
49448 165
49449 165
255748 165
70462 1138
70463 1138
70464 1138
70465 1138
70466 1138
60507 1138
70467 1138
70468 1138
70469 1138
70470 1138
70471 1138
265898 1138
70472 1138
39482 1348
39483 1348
39484 1348
39485 1348
39486 3918
39487 1348
39488 1348
39489 1348
39490 1348
39491 3918
39492 1348
39493 1348
301136 1348
46008 2550
46009 2550
206007 2135
269401 2135
206008 2135
206009 2135
269402 2135
206010 2135
46010 2550
46011 2550
46012 2550
206011 2135
206012 2135
52084 2769
52085 2769
52086 2769
52087 2769
88027 2769
277034 2769
267561 2769
52088 2769
177375 2769
52089 2769
277035 2769
52090 2769
267562 2769
209339 3249
106532 3249
227983 2644
209340 3249
209341 2644
209342 3249
209343 3249
209344 3249
209345 3249
209346 3249
209348 3249
227985 3249
209349 3249
81264 902
81265 902
108089 902
81266 902
108090 902
81267 902
81268 902
81269 902
108091 902
81270 902
81271 902
108092 902
106448 902
26400 1569
40640 4665
40641 4665
188412 1569
26401 1569
188413 1569
40642 4665
26402 1569
40643 4665
26403 1569
40644 4665
26404 1569
40645 4665
68032 1054
220703 1054
68033 1054
68034 1054
220704 1054
68035 1054
68036 1054
220705 1054
220706 1054
329068 1054
68038 1054
68039 1054
68040 1054
53094 1137
204014 1137
204015 1137
204016 1137
204017 1137
273068 1137
53095 1137
53096 1137
53097 1137
53098 1137
204019 1137
273069 1137
273070 1137
110898 2298
135977 2785
135978 2785
223444 2785
110899 2298
110900 2298
135979 2785
110901 2298
110902 2298
135980 2785
135981 2785
180357 2785
135982 2785
197611 4160
197612 4160
275589 4160
197613 4160
197614 4160
277874 4160
237949 4160
275590 4160
197615 4160
275591 4160
197616 4160
277864 4160
197617 4160
101731 2188
101732 2188
101733 2188
101734 3052
317063 3445
326990 3445
154036 3445
326991 3445
326992 3445
317064 3445
101735 2188
317065 3445
317066 3445
96777 3465
96778 3465
96779 3465
96780 3465
96781 3465
96782 3465
96783 3465
293039 3465
96784 3465
327830 3465
96785 3465
96786 3465
96787 3465
28405 808
183587 672
28406 808
183588 672
183589 672
183590 672
28407 808
189632 808
28408 808
183591 672
28409 808
183592 672
28410 808
29983 2846
29984 2846
29985 2846
285699 4896
29986 2846
285700 4896
306146 4896
281742 2846
281743 4896
285701 4896
285702 4896
29988 2846
29989 2846
138265 4967
182156 4967
138266 4967
229435 4967
229436 4967
229437 4967
182157 4967
138267 4967
182158 4967
138268 4967
182159 4967
182160 4967
182161 4967
140825 4293
163945 4293
140826 4293
140827 4293
163946 4293
140828 4293
140829 4293
140830 4293
140831 4293
140832 4293
140833 4293
163947 4293
140834 4293
49420 4294
140757 4294
49421 4294
261616 4294
49422 4294
140758 4294
49423 4294
49424 4294
333313 4294
261623 4294
140759 4294
49425 4294
49426 4294
4507 3504
4508 3504
4509 3504
54343 3504
109081 3504
54344 3504
109082 3504
4510 3504
109083 3504
54345 3504
32798 3504
109084 3504
4511 3504
179849 3718
243706 3934
258858 1562
258859 1562
325843 4892
294787 4892
325844 4892
294788 4892
243707 3053
276732 3934
258860 4892
325845 4892
243708 3053
258861 4892
231987 1228
231988 1228
231989 1228
286308 1228
231990 1228
286309 1228
185560 1228
231991 1228
231992 1228
231993 1228
231994 1228
231995 1228
21425 3250
21426 3250
21427 3250
134999 3250
21428 3250
21429 3250
135001 3250
21430 3250
21431 3250
21432 3250
21433 3250
135002 3250
51301 3350
51302 3350
173141 3350
51303 3350
173142 3350
157623 3350
173143 3350
51304 3350
157625 3350
185276 3350
51305 3350
51306 3350
164087 3888
164088 3888
164089 3888
283255 3888
164090 3888
171064 3888
55781 3888
164092 3888
164093 3888
283256 3888
283257 3888
164094 3888
70238 3889
70239 3889
70240 3889
160213 3889
160214 3889
70241 3889
70242 3889
70243 3889
300641 3889
70245 3889
70246 3889
70247 3889
55093 3437
11624 3437
11625 3437
55094 3437
55095 3437
11626 3437
55096 3437
55097 3437
11627 3437
128007 3437
55098 3437
160100 3437
73057 3284
125255 3284
125256 3284
319829 3284
73058 3284
125257 3284
73059 3284
73060 3284
125258 3284
125259 3284
125260 3284
73061 3284
173628 3756
182259 3756
208690 3756
221557 3756
269983 3756
173629 3166
182260 3756
323296 3756
173630 3756
173631 3756
173632 3756
173633 3756
122105 1264
169823 1264
225085 1264
122107 1264
122108 1264
294724 1264
122109 1264
294725 1264
122110 1264
294726 1264
122111 1264
225086 1264
50732 4604
147970 4604
50734 4604
50735 4604
50736 4604
50737 4604
50738 4604
50739 4604
50740 4604
258407 4604
258408 4604
301691 4604
120394 1891
120395 1891
120396 1891
266015 1891
120397 1891
120398 1891
312534 1891
120399 1891
266016 1891
266017 1891
312535 1891
312536 1891
195260 603
195261 603
272743 603
272744 603
195262 603
195263 603
272745 603
324740 603
248716 603
272747 603
195264 603
272748 603
64283 2562
64284 2562
115335 2562
64285 2562
64286 2562
64287 2562
311489 4355
64288 2562
64289 2562
115336 2562
64290 2562
101285 2562
209347 3249
215468 1677
215469 1677
215470 1677
215471 1677
215472 1677
215473 1677
215474 1677
315255 1677
215475 1677
215476 1677
215477 1677
215478 1677
97124 1846
97125 1846
159140 1846
159141 1846
97126 1846
97127 1846
159142 1846
215233 1846
97129 1846
159143 1846
159144 1846
159146 1846
16309 4201
16310 4201
16311 4201
16312 4201
16313 4201
205831 4201
16314 4201
16315 4201
308215 4201
111551 4201
111552 4201
308216 4201
90767 1300
161361 1300
161362 1300
275343 1300
161363 1300
275344 1300
90768 1300
90769 1300
90770 1300
90771 1300
161364 1300
326779 1300
24999 1341
134552 1341
25000 1341
25001 1341
25002 1341
25005 1341
265753 1341
25006 1341
241738 1341
25007 1341
180286 1341
241739 1341
72957 1802
135135 1802
72958 1802
251591 1802
135136 1802
72959 1802
72960 1802
72961 1802
136244 1802
72962 1802
135137 1802
72963 1802
181878 3648
181879 3648
309854 3648
309855 3648
316029 3648
279655 3648
309856 3648
257318 3648
320880 3648
6865 3648
316030 3648
257319 3648
156548 3368
156549 3368
156551 3368
215562 3368
273441 3368
215563 3368
215564 3368
156552 3368
215565 3368
215566 3368
156553 3368
215567 3368
149500 2228
149501 2228
167171 2228
167172 2228
149502 2228
167173 2228
167175 2228
149503 2228
149504 2228
286486 2228
167176 2228
220289 2228
260601 2794
260602 2794
260603 2794
260604 2794
260605 2794
260606 2794
260607 2794
292149 2794
306234 2794
46776 2794
260608 2794
260612 2794
94998 2359
227072 2359
94999 2359
95000 2359
265166 2359
95001 2359
95002 2359
270559 2359
95003 2359
95004 2359
95005 2359
270560 2359
26200 2440
79623 2440
221014 2440
299101 2440
26201 2440
221015 2440
26202 2440
79624 2440
26203 2440
221016 2440
299102 2440
221017 2440
189812 2194
200840 2194
200841 2194
6629 2194
189813 2194
200842 2194
280949 4968
200843 2194
280950 2194
189814 2194
326957 2194
326958 2194
203063 3953
203064 3953
203065 3953
231914 3953
231915 3953
231916 3953
253944 3953
231917 3953
231918 3953
231919 3953
231920 3953
231921 3953
11349 778
11350 778
64127 778
11351 778
30202 3975
11352 778
30204 778
30205 778
11353 778
315597 778
30206 778
30207 778
107302 4011
107303 4011
107304 4011
107305 4011
107306 4011
107307 4011
107308 4011
107309 4011
100202 4011
107310 4011
107311 4011
107312 4011
135928 4161
154193 4161
268066 4161
154194 4161
135929 4161
135930 4161
268067 4161
135931 4161
135932 4161
268068 4161
135933 4161
135934 4161
91576 4761
91577 4761
91579 4761
176800 4761
91580 4761
176801 4761
115578 4761
196306 4761
91581 4761
91582 4761
91583 4761
91584 4761
46292 4786
46293 4786
60414 4786
60413 4786
60415 4786
46294 4786
46295 4786
280693 4786
46296 4786
46297 4786
77731 4786
46298 4786
92454 4969
264451 4969
264452 4969
264453 4969
307853 4969
92455 4969
264454 4969
293893 4969
264455 4969
293894 4969
264456 4969
303197 4969
149094 1265
149095 1265
149096 1265
149097 1265
312748 1265
149098 1265
227416 1265
149099 1265
149100 1265
322558 1265
312749 1265
46657 3251
46658 3251
46659 3251
46660 3251
46661 3251
46662 3251
46663 3251
46664 3251
46665 3251
46666 3251
46667 3251
209174 4882
214737 2462
209175 2462
209176 2462
264909 2462
209177 2462
214738 2462
301975 2462
301976 2462
214739 2462
209178 2462
38315 1617
38316 1617
166916 1617
297779 1617
38317 1617
166917 1617
166918 1617
166919 1617
166920 1617
38318 1617
166921 1617
101582 147
101583 147
101584 147
101585 147
101586 147
101587 147
146320 147
146321 147
146322 147
201249 147
146323 147
109378 4012
122767 4012
109379 4012
225783 4012
208559 4012
208560 4012
109380 4012
46163 4012
208561 4012
109381 4012
208562 4012
106965 4887
106966 4887
106967 4887
241740 671
158077 4887
262787 4887
106968 4887
158078 671
106969 4887
106970 4887
158079 4887
73511 4477
132649 4477
132650 4477
250596 4477
132651 4477
250597 4477
132652 4477
73512 4477
73513 4477
250598 4477
132653 4477
41292 3592
41293 3592
41294 3592
41295 3592
41296 3592
41297 3592
41298 3592
41299 3592
41300 3592
41301 3592
41302 3592
85461 181
85462 181
85463 181
139448 181
85464 181
139449 181
85465 181
85466 181
85467 181
139450 181
139451 181
160876 4812
160877 4812
160878 4812
160879 4812
246593 4812
160880 4812
160881 4812
160882 4812
160883 4812
160884 4812
160885 4812
206400 3666
298127 3666
318149 3666
298128 3666
206401 3666
318150 3666
298129 3666
206402 3666
206403 3666
298130 3666
298131 3666
153624 3591
258521 3591
286356 3591
258522 3591
258523 3591
153625 3591
153626 3591
153627 3591
258524 3591
153628 3591
153630 3591
152673 4476
191886 4476
152674 4476
249623 4255
282243 4255
304702 4255
282244 4255
152675 4255
152676 4255
152677 4255
152678 4255
131447 1350
131448 1350
131449 1350
165833 1350
131450 1350
131451 1350
131452 1350
131453 1350
131454 1350
131455 1350
131456 1350
112714 1929
236654 1929
236655 1929
112716 1929
112717 1929
253838 1929
253839 1929
112718 1929
112719 1929
253840 1929
253841 1929
96846 3300
113670 3300
113671 3300
96847 3300
96848 3300
326715 3300
113672 3300
96849 3300
113673 3300
113674 3300
96850 3300
261083 3466
264228 3466
261084 3466
264229 3466
261085 3466
261087 3466
264230 3466
85015 3466
287099 3466
264231 3466
264232 3466
145989 3955
145990 3955
145991 3955
292957 3955
168300 3955
145992 3955
168301 3955
145993 3955
265854 4086
145994 3955
145995 3955
293228 2013
319956 2013
293229 2013
293230 763
143821 2013
319957 2013
293231 2013
319958 2013
293232 2013
293233 2013
319959 2013
30303 797
212080 797
303397 797
318284 797
303398 797
331203 797
332942 797
30304 797
30305 797
30306 797
30307 797
229701 4881
229702 4881
229703 4881
229704 4881
229705 4881
229706 4881
229707 4881
229708 4881
229709 4881
229710 4881
229711 4881
20450 987
20451 987
20452 987
20453 987
20456 987
20457 987
20458 987
20461 987
20462 987
20463 987
20464 987
40489 4205
206559 4205
275122 4205
40490 4205
275123 4205
275124 4205
40491 4205
206560 4205
206561 4205
40492 4205
309511 4205
10275 3676
277905 3676
10276 3676
10277 3676
10278 3676
10279 3676
286649 3676
277906 3676
286650 3676
286651 3676
10280 3676
83156 4971
149993 4971
302099 4971
83157 4971
302100 4971
302101 4971
302102 4971
149994 4971
83158 4971
83159 4971
83160 4971
15609 1238
181619 1238
181620 1238
15610 1238
15611 1238
15612 1238
15613 1238
181622 1238
15614 1238
15615 1238
181623 1238
57773 2848
57774 2848
71697 2848
204660 2848
57775 2848
57776 2848
71698 2848
57777 2848
71699 2848
312238 2848
290274 2848
183561 3679
200393 3679
183562 3679
200402 3679
183563 3679
200394 3679
183564 3679
183565 3679
200403 3679
307450 4162
183566 3679
48580 4310
48581 4310
295268 4204
295269 4204
48582 4204
295270 4204
48584 4310
295271 4204
48585 4310
48586 4310
48587 4310
105894 1863
105895 1863
259035 1863
105896 1863
105897 1863
105898 1863
105899 1863
105900 1863
105901 1863
105902 1863
105903 1863
132195 4343
132196 4343
132197 4343
132198 4343
133310 4343
133311 4343
132199 4343
320796 4343
133312 4343
132200 4343
297511 4343
231826 2512
231827 2512
248381 2512
231828 2512
231829 2512
248382 2512
231830 2512
243697 2512
248383 2512
231831 2512
243698 2512
302227 2013
174055 4883
174056 4883
260087 4883
174057 4883
174058 4883
219172 4883
260088 4883
174059 4883
219173 4883
219174 4883
298073 4883
182325 4295
182326 4295
182327 4295
245844 4295
182328 4295
182329 4295
245845 4295
182330 4295
245846 4295
182331 4295
182332 4295
45586 2229
147197 2229
147198 2229
45587 2229
237702 2229
147199 2229
237703 2229
45588 2229
147200 2229
33320 2229
45589 2229
190714 2193
227905 2193
190715 2193
190716 2193
190717 2193
190718 2193
190719 2193
297023 2193
190720 2193
190721 2193
190722 2193
142094 3325
142095 3325
142096 3325
314131 3325
142097 3325
142098 3325
314132 3325
142099 3325
142100 3325
142101 3325
142102 3325
43600 2365
43601 2365
43602 2365
170807 2365
43603 2365
43604 2365
170808 2365
262577 2365
288047 2365
43605 2365
70968 2365
21009 2830
21010 2830
189155 2830
21011 2830
21012 2830
21013 2830
110785 2830
21014 2830
21015 2830
21016 2830
68016 2552
210902 2977
210903 2977
210904 2977
210905 2977
210906 2977
210907 2977
210908 2977
210910 2977
241564 2977
50155 2977
210909 2977
208859 3873
208860 3873
298144 3873
208861 3873
298145 3873
236536 3873
208862 3873
208864 3873
208865 3873
208866 3873
208867 3873
189116 2948
189117 2948
189118 2948
189119 2948
223694 2948
189120 2948
223695 2948
189121 2948
189122 2948
223696 2948
189123 2948
109982 3505
273339 3505
109983 3505
109984 3505
273340 3505
324500 3505
109985 3505
331439 3505
331440 3505
273341 3505
109986 3505
42594 3107
42595 3107
42596 3107
42598 3107
42599 3107
42601 3107
42602 3107
152345 3107
42603 3107
42604 3107
42605 3107
67550 3397
67551 3397
67552 3397
67553 3397
67554 3397
67555 3397
67556 3397
67557 3397
333429 4163
67558 3397
115866 4163
203436 3719
203437 3719
285732 3719
273327 3719
203438 3719
327796 3719
203439 3719
203440 3719
308650 3719
308651 3719
330369 3719
105982 3383
105983 3383
105984 3383
105985 3383
105986 3383
105987 3383
105988 1424
105990 3383
105991 3383
105993 3383
105994 3383
102768 2479
102769 3507
104171 3507
104172 3507
314423 4087
104173 3507
102770 3507
102771 3507
102772 3507
102773 3507
104174 3507
61082 4203
249487 4203
249488 4203
249489 4203
61083 4203
249490 4203
61084 4203
249491 4203
249492 4203
249493 4203
61085 4203
127673 4970
134176 4970
134177 4970
184163 4970
127674 4970
127675 4970
134178 4970
157019 4970
134179 4970
134180 4970
127676 4970
164561 4744
267928 4744
822 4744
164562 4744
328555 4744
164563 4744
311215 4744
164564 4744
311216 4744
164565 4744
267929 4744
8547 3853
8548 3853
60005 3853
60006 3853
8549 3853
60007 3853
8550 3853
60008 3853
133502 3853
60009 3853
191975 2737
202165 2737
191976 2737
191977 2737
202166 2737
191978 2737
191979 2737
191980 2737
148662 2737
191981 2737
18745 3173
18746 3173
18747 3173
306770 3173
18748 3173
306771 3173
306772 3173
18749 3173
18750 3173
18751 3173
123927 960
156394 960
123928 960
156395 960
156396 960
156397 960
156398 960
181509 2972
123929 960
219337 960
216645 935
278398 935
278399 935
216646 935
275818 935
302450 935
216647 935
216648 935
216649 935
216650 935
31931 3252
31932 3252
118468 3252
159897 3252
330072 3252
252798 3252
31933 3252
118470 3252
330073 3252
31934 3252
95244 3721
185465 3721
95246 3721
221556 4014
95247 3721
278074 3721
95248 3721
95249 3721
185466 3721
95251 3721
185659 1340
202452 1340
185660 1340
185661 1340
185662 1340
185663 1340
185664 1340
185665 1340
185666 1340
247509 1340
287279 2007
287280 2007
287281 2007
287283 2007
287284 2007
287285 2007
287286 2007
287287 2007
308599 2007
308600 2007
115242 4406
115243 4406
115244 4406
141509 4406
115245 4406
319841 4406
115246 4406
216264 4406
141510 4406
141511 4406
90713 3171
90714 3171
90715 3171
90716 3171
90717 3171
278338 3171
90718 3171
90719 3171
278339 3171
278340 3171
122973 3758
122974 3758
122975 3758
143512 3758
122976 3758
122977 3758
122979 3758
143513 3758
122980 3758
122981 3758
50782 4015
50783 751
50784 751
50785 751
60498 751
60499 751
50786 751
60501 751
181417 751
66627 751
2479 1821
2480 1821
80909 1821
2481 1821
2482 1821
2483 1821
2484 1821
2485 1821
2486 1821
2487 1821
91152 729
187235 4243
91153 4243
187236 4243
187237 4243
91154 4243
225836 4243
187238 729
91155 4243
225837 4243
73094 666
73095 666
73096 666
73097 666
73098 666
73099 666
73100 666
73101 666
73102 666
73103 666
61623 539
61624 539
61625 539
89640 539
89642 539
61626 539
89643 539
61627 539
61628 539
89645 539
138696 1234
138697 1234
220006 1234
138698 1234
138699 1234
164357 1234
138700 1234
220007 1234
138701 1234
164358 1234
206191 2539
248291 2539
248292 2539
206192 2539
206193 2539
206194 2539
206195 2539
206196 2539
206197 2539
206198 2539
43622 734
125773 734
43623 734
125774 734
125775 734
125776 734
125777 734
125778 734
280961 734
43625 734
286289 3254
296013 3254
286290 3921
296014 3254
304875 3254
286291 3254
286292 3254
286293 3254
286294 3254
286295 3254
307000 4206
307001 4206
307002 4206
307003 4206
307004 4206
307005 4206
307006 4206
324930 4206
262318 4206
307007 4206
115717 2170
234199 2170
115718 2170
87251 2170
234200 2170
115719 2170
115720 2170
277734 2170
234201 2170
234202 2170
128061 4973
181680 3191
181681 3191
181682 3191
181683 3191
181684 3191
214891 3191
214892 3191
128062 3191
214893 3191
254797 4207
254798 4207
254799 4207
259982 4207
254800 4207
254802 4207
254803 4207
266438 4207
254804 4207
254805 4207
191105 4745
191106 4745
191107 4745
191108 4745
287874 4745
191109 4745
153706 4745
153707 4745
69253 4745
191111 4745
305306 4813
305307 4813
305308 4813
305309 4813
305310 4813
305311 4813
324432 4813
305312 4813
305313 4813
305314 4813
8352 1604
8353 1604
8354 1604
8355 1604
8356 1604
8357 1604
8358 1604
8359 1604
8360 1604
8361 1604
153656 4605
173750 4605
153657 4605
173751 4605
153658 4605
153659 4605
173752 4605
153661 4605
173753 4605
153662 4605
122617 3641
170254 3641
122618 3641
89634 3641
122619 3641
122620 3641
122621 3641
122622 3641
122623 3641
122624 3641
147208 3600
147209 3600
147210 3600
147211 3600
147212 3600
147213 3600
147214 3600
147215 3600
147216 3600
147217 3600
144282 4972
182240 4972
294219 4972
144283 4972
144284 4972
144285 4972
144286 4972
144287 4972
144288 4972
294220 4972
173962 3612
173963 3612
173964 3612
173965 3612
173966 3612
317174 3612
173967 3612
173968 3612
173969 3612
173970 3612
54473 3820
163082 3820
54474 3820
54475 3820
54476 3820
54477 3820
54478 3820
54479 3820
54480 3820
54481 3820
189057 4297
297950 4297
189058 4297
189059 4297
189060 4297
189061 4297
301440 4297
301441 4297
297951 4297
189062 4297
152742 1745
152743 4426
152744 4426
152745 4426
296534 3024
260061 4426
118527 4426
152746 4426
260062 4426
152747 4426
201065 4165
201066 4165
201067 4165
230210 4165
201072 4165
201069 4165
201070 4165
201073 4165
201071 4165
201074 4165
243846 4358
290682 4358
243847 4358
290683 4358
290684 4358
290685 4358
243848 4358
243849 4358
290687 4358
243850 4358
3156 2849
3157 2849
118287 2849
118288 2849
3158 2849
3159 2849
3160 2849
118290 2849
3161 2849
3162 2849
279641 3084
314747 3084
279642 3084
314748 3084
194044 3084
279644 3084
279645 3084
279646 3084
279647 3084
314749 3084
213402 2770
213403 2770
232780 2770
213404 2770
213405 2770
213406 2770
213407 2770
213408 2770
181012 2770
213409 2770
163829 2772
163830 2772
163831 2772
163832 2772
163833 2772
163834 2772
163835 2772
163836 2772
185533 2772
163837 2772
122408 4359
262278 830
259242 830
122410 830
122411 830
122412 830
122413 830
262279 830
304482 830
285475 830
14919 4974
14920 4974
14921 4974
14922 4974
14924 4974
14925 4974
14927 4974
14928 4974
14929 4974
14930 4974
22408 4298
158729 4298
216954 4298
158730 4298
158731 4298
158732 4298
22409 4298
158733 4298
158734 4298
22410 4298
147266 3096
147267 3096
147268 3096
223606 3096
147270 3096
147271 3096
147272 3096
147273 3096
147274 3096
147275 3096
267611 3290
324829 3290
267612 3290
267613 3290
308481 3290
241321 3290
267614 3290
267615 3290
330039 3290
330040 3290
72452 1385
72453 1385
72454 1385
72455 1385
203771 1385
72456 1385
330971 3396
314847 1385
203772 1385
72457 1385
34515 3291
34516 3291
34517 3291
34518 3291
297320 3291
297321 3291
297322 3291
34519 3291
34520 3291
34521 3291
10864 3458
72049 3458
10865 3458
26551 3458
196744 3458
10866 3458
10867 3458
10868 3458
10869 3458
85457 3458
240593 4164
240594 4164
267076 4164
201914 4164
249035 4164
249036 4164
249037 4164
249038 4164
240595 4164
249039 4164
70862 2662
70863 3680
70864 2662
70865 2662
70867 2662
70868 2662
70869 2662
288963 2662
70870 2662
70871 2662
75110 4208
75111 4208
284005 4208
48071 4208
75112 4208
75113 4208
75114 4208
75115 4208
75116 4208
75117 4208
145152 4762
145153 4762
145154 4762
211810 4762
230579 4762
145155 4762
145156 4762
145157 4762
145158 4762
145159 4762
68869 3543
68870 3543
68871 3543
68872 3543
68873 3543
68874 3543
68875 3543
68876 3543
68877 3543
68879 4884
127871 4886
230970 3740
244587 2177
127872 2177
127873 4416
244588 2177
230971 2177
230972 2177
230973 2177
230974 2177
276046 3311
276047 3311
294543 4417
276048 3311
294544 4417
276049 3311
276050 3311
294545 4417
286815 3311
294546 4787
161998 4814
161999 4814
162000 4814
162001 4814
162002 4814
162003 4814
162005 4814
162006 4814
162007 4814
162008 4814
29760 4815
184464 4815
184465 4815
274173 4815
184466 4815
184467 4815
184468 4815
29761 4815
29762 4815
184469 4815
172710 3922
172711 3922
172712 3922
204091 3922
172713 3922
204092 3922
172714 3922
89316 3922
172715 3922
6252 3892
323297 3892
6253 3892
323298 3892
6254 3892
6255 3892
6256 3892
325263 3892
325264 3892
68795 4018
68796 4018
75379 4018
50373 4018
68797 4018
89859 4018
75380 4018
50374 4018
75381 4018
239011 3891
239012 3891
297140 3891
239013 3891
297141 3891
297142 3891
239014 3891
14181 3891
239015 3891
49337 1021
53979 1021
49339 1021
49340 1021
49341 1021
49342 1021
49343 1021
49345 1021
49346 1021
152052 3924
257510 3924
257511 3924
149134 3924
152053 3924
152054 3924
293677 3924
328024 3924
152055 3924
41186 1200
41187 1200
41188 1200
41189 1200
98683 1200
98684 1200
41190 1200
41191 1200
41192 1200
72421 108
72422 108
72423 108
72424 108
72425 108
72426 108
72428 108
72429 108
72430 108
258382 2738
258383 2738
258384 2738
258385 2738
275636 2738
258386 2738
153368 2738
258387 2738
258388 2738
50831 4362
50832 4362
50833 4362
50834 4362
194066 4362
228845 4362
50835 4362
228846 4362
228847 4362
101611 2740
101612 2740
101613 2740
101614 2740
101615 2740
101616 2740
200165 2740
101617 2740
200166 2740
118571 2739
118572 2739
118573 2739
118574 2739
118575 2739
118576 2739
201395 2739
332857 2739
118577 2739
533 4019
534 4019
535 4019
536 4019
537 4019
85064 4019
85065 4019
538 4019
85066 4019
125968 307
125969 307
125970 307
59285 307
139687 307
139688 307
139689 307
125971 307
139690 307
38481 4979
38494 4979
38496 4979
38482 4979
38497 4979
38483 4979
38484 4979
38485 4979
38495 4979
44628 1410
168210 1410
44629 1410
44630 1410
44631 1410
44632 1410
334146 1410
334147 1410
168211 1410
65086 444
65087 87
224303 87
224304 87
224305 87
224306 87
191958 87
191960 87
224307 87
53315 4817
100441 4817
53316 4817
53317 4817
53318 4817
53319 4817
53320 4817
53321 4817
53322 4817
28463 3438
28464 3438
301779 3438
195523 3438
28467 3438
28468 3438
28469 3438
28470 3438
28471 3438
64054 4978
306052 4978
64055 4978
64056 4978
306053 4978
64057 4978
64058 4978
64059 4978
172645 4073
172646 4073
172647 4073
172648 4073
172649 1262
172650 4073
172651 1262
325771 1262
172652 4073
43855 4209
43856 4209
43857 4209
87423 4209
87425 4209
43858 4209
87426 4209
43859 4209
43860 4209
161241 3923
161242 3923
161243 3923
194717 3923
161244 3923
194718 3923
161245 3923
195583 3923
161246 3923
95203 810
95204 810
326277 810
326278 810
326682 810
316880 810
95206 810
95207 810
95208 810
290774 4885
304641 4885
304642 4885
304643 4885
290775 4885
304644 4885
304645 4885
290776 4885
290777 4885
160054 998
307134 3125
160055 3125
307135 3125
316326 3125
307136 3125
314804 3125
316327 3125
160056 3125
219475 2515
301487 2515
41412 2515
219476 2515
301488 2515
219477 2515
219478 2515
310071 2515
301489 2515
201077 1864
201078 3681
201079 3681
201080 3681
201081 3681
271656 3681
271657 3681
201082 3681
271658 3681
74753 1376
74758 1376
74759 1376
74754 1376
74755 1376
74756 1376
74757 1376
248387 1376
74760 1376
159439 1678
159440 1678
159441 1678
159442 1678
159443 1678
249761 1678
159445 1678
159446 1678
159447 1678
225206 4816
225207 4816
225208 4816
225209 4816
168229 4816
225210 4816
314706 4816
225211 4816
225212 4816
260060 4426
20025 2262
20026 2262
20027 2262
249752 2262
20028 2262
20029 2262
20030 2262
324075 2262
20031 2262
159993 1578
159994 1578
159995 1578
171617 1578
159996 1578
159997 1578
159998 1578
321659 4668
159999 1578
220166 4242
220167 4242
220168 4242
220169 4242
315246 4242
220170 4242
220171 4242
220172 4242
220173 4242
182480 2458
182481 2458
251080 2458
182482 2458
182483 2458
182484 2458
251081 2458
182486 2458
182487 2458
44135 4748
44136 4748
44137 4748
44138 4748
44139 4748
44140 4748
44141 4748
44142 4748
44143 4748
88133 2588
88134 2588
88135 2588
88136 2588
88137 2588
88138 2588
88139 2588
88140 2588
88141 2588
104881 2014
104882 4977
104883 2014
104884 2014
104885 2014
104886 2014
104887 2014
104888 2014
141142 2014
131436 4976
131437 4976
131438 4976
131439 4976
131440 4976
131441 4976
131442 4976
131443 4976
131444 4976
197598 1835
197599 1835
197601 1835
256931 1835
256932 1835
256933 1835
197602 1835
197603 1835
197604 1835
249321 4016
302235 4016
249322 4016
302236 4016
301066 4016
249323 4016
302237 4016
249324 4016
302238 4016
182578 4667
182579 4667
307734 4667
182580 4667
158887 4667
182624 4667
307735 4667
182581 4667
182582 4667
262184 2417
262185 2417
316343 2417
262186 2417
288264 2417
288265 2417
288266 2417
262187 2417
316344 2417
133325 2514
329109 2514
319480 2514
319481 2514
329110 2514
319482 2514
319483 2514
319484 2514
329111 2514
107896 4763
107897 4763
159766 4763
107898 4763
159767 4763
107899 4763
159768 4763
107900 4763
107901 4763
37312 2797
59359 2797
59360 2797
59361 2797
59362 2797
83855 2797
59363 2797
59364 2797
59365 2797
172628 4361
228615 4361
275290 4361
275291 4361
110657 4361
228616 4361
172629 4361
172630 4361
228617 4361
40034 4729
222308 4729
222309 4729
203546 4729
40035 4729
222310 4729
222311 4729
40036 4729
40037 4729
252775 4746
270827 4746
295304 4746
252776 4746
320684 4746
252777 4746
252778 4746
252779 4746
252780 4746
64193 4494
64194 4494
64195 4494
64196 4494
64197 4494
282856 4494
237258 4494
64198 4494
64199 4494
11679 2936
181702 2936
11680 2936
11681 2936
261344 2936
181703 2936
11682 2936
136831 3809
181704 2936
229644 3821
301360 3821
301361 3821
154222 3821
191606 3821
229645 3821
229646 3821
229647 3821
229648 3821
121811 3970
121812 3970
121813 3970
121814 3970
121815 3970
137908 3970
121816 3970
121817 3970
121819 3970
71516 4017
138272 4017
71517 4017
71518 4017
71519 4017
71520 4017
71521 4017
301751 4017
71522 4017
172605 3682
177032 3682
172606 3682
172607 3682
107120 3682
172608 3682
172609 3682
172610 3682
107121 4167
11629 4237
11630 4237
11631 4237
11632 4237
11633 4237
11634 4237
11635 4237
11636 4237
11637 4237
253637 4360
291083 4360
291084 4360
291085 4360
291086 4360
308006 4360
253638 4360
291087 4360
166243 4360
64137 3877
64139 3877
64140 3877
320324 3877
64141 3877
64142 4747
64143 3877
64144 3877
64145 3877
82791 4829
82792 4829
82793 4829
82794 4829
82795 4829
82796 4829
239677 4829
82797 4829
153197 4829
158008 4975
158009 4975
158010 4975
158011 4975
169141 4975
169142 4975
169143 4975
158012 4975
158013 4975
207889 2741
207890 2741
207891 2741
207892 2741
207893 2741
207894 2741
207895 2741
207897 2741
134957 2973
134958 2973
134959 2973
134960 2973
134961 2973
204718 2973
134962 2973
134963 2973
154369 4890
194335 4890
154370 4890
154371 4890
154372 4890
204862 4890
194336 4890
194337 4890
120730 3895
120731 3895
191098 3895
120732 3895
120733 3895
120734 3895
120736 3895
120737 3895
152787 3894
152788 3894
152789 3894
152790 3894
152791 3894
239646 3894
152792 3894
152793 3894
252923 3925
252924 3925
285569 3925
285570 3925
285571 3925
285572 3925
252925 3925
252926 3925
56268 4479
56269 4479
56270 4479
56271 4479
212909 4479
56277 4479
56278 4479
56272 4479
271993 3893
283673 3893
320832 3893
271994 3893
271995 3893
271996 3893
271997 3893
325377 3893
45333 2279
45334 2279
45335 2279
45336 2279
45337 2279
84212 3583
45338 2279
45339 2279
100257 4891
100258 4891
316132 4891
100259 4891
316133 4891
316134 4891
316135 4891
316136 4891
159360 1154
281058 1154
159361 1154
159363 1154
281059 1154
159364 1154
159365 1154
159366 1154
94031 221
94032 221
204822 221
265010 221
94033 221
94034 221
94035 221
94036 221
58145 4020
58146 4020
58147 4020
58148 4020
58150 4020
58151 4020
58153 4020
58154 4020
139205 283
139206 283
139207 283
139208 283
139209 283
263134 283
139210 283
139211 283
698 1973
700 1973
701 1973
702 1973
704 1973
705 1973
706 1973
707 1973
204314 2113
204315 2113
204316 2113
313042 2113
204317 2113
204318 2113
204319 2113
204320 2113
15782 715
176590 715
15783 715
298245 715
15784 715
15785 715
15786 715
298246 715
118302 4072
202822 4072
118304 4072
202823 4072
118305 4072
202824 4072
118306 4072
202825 4072
80589 1582
180187 1582
180188 1582
80590 1582
180189 1582
270111 1582
180190 1582
80591 1582
22401 3193
22402 3193
295843 3193
294897 3193
304899 3193
304900 3193
294895 3193
294896 3193
256211 3601
256212 3601
256213 3601
256214 3601
109090 3601
268684 3601
256215 3601
256216 3601
34303 2891
34304 2891
34305 2891
34306 2891
34307 2891
93344 2891
34308 2891
34355 2891
106870 4490
106871 4490
106872 4490
74077 4490
106873 4490
106874 4490
106875 4490
106876 4490
167094 3079
167095 3079
217387 3079
184763 3079
167096 3079
167097 3079
167098 3079
184764 3079
59656 4144
59657 4144
59658 4144
59659 4144
59660 4144
59661 4144
59662 4144
59663 4144
118079 4210
324490 4210
118080 4210
324491 4210
324492 4210
118081 4210
324493 4210
118082 4210
245636 4888
316742 4211
245637 4211
245638 4211
316743 4211
316744 4211
316745 4211
245639 4211
63828 1483
101242 1483
63829 1483
63830 1483
63831 1483
63832 1483
63833 1483
63834 1483
45980 1544
43955 1544
45981 1544
205641 1544
205642 1544
45982 1544
45983 1544
45984 1544
289384 4669
289385 4669
304380 4669
304381 4669
289386 4669
289389 4669
289387 4669
86026 4669
147530 4671
199888 4671
147531 4671
199889 4671
199890 4671
147532 4671
199891 4671
147533 4671
181824 1673
181825 1673
181826 1673
181827 1673
181828 1673
325445 1673
181829 1673
181830 1673
271556 1967
271557 1967
281357 1967
281358 1967
271558 1967
281359 1967
281360 1967
281361 1967
144256 4169
238871 4169
144257 4169
144258 4169
144259 4169
144260 4169
297499 4169
297500 4169
212406 1805
212411 1805
212407 1805
212408 1805
212409 1805
212412 1805
206468 1805
212410 1805
318072 4070
318073 4070
318074 4070
318075 4070
318076 4070
318077 4070
330469 4070
318078 4070
130059 4301
130060 4301
130061 4301
243366 4301
130062 4301
130063 4301
243367 4301
130064 4301
129801 1918
129802 1918
129803 1918
157773 1918
129804 1918
129805 1918
129806 1918
129807 1918
79437 3469
79438 3469
203700 3469
203701 3469
202369 3469
79439 3469
79440 3469
79441 3469
12853 2857
47961 2857
12854 2857
12855 2857
12856 2857
12857 2857
12858 2857
12859 2857
170966 4300
170967 4300
170968 4300
226536 4300
170969 4300
307387 4300
307388 4300
142861 4300
9543 3470
217335 3470
9544 3470
9545 3470
9546 3470
9547 3470
9548 3470
9549 3470
146545 2201
146546 2201
146547 2201
146548 2201
202717 2201
146549 2201
146550 2201
146551 2201
122704 3842
122705 3842
122706 3842
122707 3842
122708 3842
122709 3842
122710 3842
122711 3842
192084 2516
192164 2516
192085 2516
192086 2516
192087 2516
192165 2516
192088 2516
192089 2516
176308 4430
176309 4430
176310 4430
176311 4430
176312 4430
176313 2495
210614 4430
210615 4430
75825 2647
75826 2083
75827 2083
75828 2083
87774 2083
75829 2083
87775 2083
283667 2083
38486 3102
38488 3102
96765 3102
38489 3102
38490 3102
38491 3102
38492 3102
38493 3102
264858 2773
264859 2773
276881 2773
264860 2773
280411 2773
264861 2773
264862 2773
88081 2773
113421 1670
113422 1670
113423 1670
113424 1670
140881 1670
113425 1670
248874 1670
140882 3705
205209 4071
205210 4071
205211 4071
205212 4071
205213 4071
205214 4071
308364 4071
189929 4071
75791 4302
75792 4302
207819 4302
207820 4302
75793 4302
75794 4302
138504 4302
207821 4302
1690 3001
1691 3001
1692 3001
1693 3001
1694 3001
229798 3001
1695 3001
1696 3001
14807 2984
14808 2984
213823 4672
213824 4672
14809 2984
14810 2984
14811 2984
213825 4672
96411 3398
96412 3398
145212 3398
96413 3398
138783 3398
138784 3398
96414 3398
96416 3398
100223 1314
225479 1314
100224 1314
100225 1314
225480 1314
100226 1314
100227 1314
248615 3494
235656 3822
313372 3822
235657 3822
235658 3822
235659 3822
313373 3822
235660 3822
235661 3822
112278 3823
112279 3823
112280 3823
112281 3823
112282 3823
112283 3823
291008 3823
112284 3823
38615 4749
38616 4749
38617 4749
237026 4749
189017 4749
237027 4749
38618 4749
38619 4749
262361 4430
137548 4788
259220 4788
259221 4788
259222 4788
259223 4788
137549 4788
137550 4788
137551 4788
174009 4889
275628 4889
174010 4889
174011 4889
174012 4889
174013 4889
275629 4889
298946 4889
150440 4670
150441 4670
226002 4670
150442 4670
150443 4670
150444 4670
150445 4670
150446 4670
60943 4789
60944 4789
60945 4789
60946 4789
60947 4789
60948 4789
60951 4789
60949 4789
159617 3618
159618 3618
159619 3618
159620 3618
159621 3618
159622 4980
159623 3618
159624 3618
95486 1964
95487 1964
95488 1964
95490 1964
95491 1964
95492 1964
95493 1964
99999 1618
100000 1618
22892 1618
236137 1618
100001 1618
100002 1618
100003 1618
251768 40
251769 40
66295 40
251770 40
251771 40
251772 40
251773 40
249345 2420
249346 2420
249347 2420
249348 2420
251316 2420
249349 2420
249350 2420
20770 4791
20772 4791
20773 4791
20774 4791
20775 4791
20776 4791
20777 4791
167988 1052
167989 1052
167990 1052
167991 1052
167992 1052
167993 1052
167994 1052
82865 1482
280067 1482
82866 1482
82867 1482
280068 1482
82868 1482
82869 1482
10485 2309
68765 2309
10486 2309
10487 2309
10488 2309
10490 2309
10491 2309
91427 1020
91428 1020
91429 1020
91430 1020
91431 1020
91432 1020
91433 1020
114911 4819
114912 4819
167391 4819
114913 4819
114914 4819
114915 4819
114917 4819
32287 4278
32288 4278
32289 4278
32290 4278
32291 4278
32292 4278
32293 4278
56057 886
56058 886
56059 886
56060 886
71938 886
71939 886
56062 886
253659 4329
253660 4329
272462 4329
159716 4329
253661 4329
272463 4329
272464 4329
162473 1307
162474 1307
162475 1307
162476 1307
317833 1307
162477 1307
162478 1307
289634 246
289635 246
201474 246
289636 246
289282 246
289637 246
145012 246
313110 4790
313111 4790
313112 4790
313113 4790
313119 4790
313114 4790
313115 4790
1713 367
1714 367
1715 367
1716 367
1717 367
1718 367
1719 367
196251 417
196252 417
196253 417
280219 417
196254 417
280220 417
280221 417
8176 980
8177 980
8179 980
8180 980
8181 980
96405 980
96406 980
124298 1659
124299 1659
209659 1659
124300 1659
124301 1659
124302 1659
124303 1659
278696 656
303111 656
278697 656
278698 656
278699 656
278700 656
278701 656
79797 4344
79798 4344
249874 4344
79799 4344
79800 4344
180148 4344
79801 4344
44011 4681
44012 4681
44013 4681
44014 4681
44015 4681
44016 4681
44017 4681
63415 3416
63416 3416
63417 3416
63418 3416
63419 3416
63420 3416
63421 3416
57996 1727
69890 1727
69891 1727
57997 1727
69892 1727
57998 1727
204948 1727
23512 4894
23513 4894
217104 4894
217105 4894
23514 4894
331290 4894
23515 4894
220068 2658
277407 2658
277408 2658
277409 2658
245197 2658
277410 2658
277411 2658
153475 3619
153476 3619
315820 3619
153477 3619
153478 3619
153479 3619
153480 3619
30610 2663
30611 2663
30612 2663
30613 2663
30614 2663
30615 2663
30616 2663
298953 1237
298954 1237
298955 1237
298956 1237
298957 1237
319495 1237
298958 1237
48575 4170
158939 4170
48576 4170
48577 4170
48578 4170
48579 4170
32882 4170
80585 2980
295448 2980
80586 2980
80587 2980
295449 2980
80588 2980
295450 2980
102196 2054
102197 2054
102198 2054
102199 3400
102200 2054
102201 2054
102202 2054
195962 4674
111982 4674
195963 4674
195964 4674
195965 4674
195966 4674
195967 4674
21131 2003
21132 2003
21133 2003
21134 2003
21135 2003
21136 2003
21138 2003
70891 4680
70892 4680
70893 4680
70931 4680
70894 4680
70895 4680
70896 4680
256370 2605
256371 2605
256372 2605
256373 2605
281120 2605
256374 2605
256375 2605
311356 1606
311357 1606
311358 1606
311359 1606
311360 1606
170104 1606
317813 1606
85199 2824
85200 2824
85201 2824
85202 2824
85203 2824
85204 2824
85205 2824
41810 1896
41811 1896
41812 1896
41813 1896
41814 1896
41815 1896
41816 1896
275949 4818
220087 1362
289205 1362
295132 1362
295133 1362
295134 1362
295135 1362
255057 3471
255058 3471
255059 3471
286184 3471
286185 3471
255060 3471
334357 3471
150218 3472
185222 3472
150219 3472
150220 3472
150223 3472
150224 3472
150225 3472
236377 4277
236378 4277
236379 4277
322447 4277
236380 4277
236382 4277
236383 4277
75266 4306
75267 4306
75268 4306
49191 4306
75269 4306
75270 4306
75271 4306
221830 3508
221831 3508
221832 3508
59497 3508
221833 3508
221834 3508
221835 3508
185945 4676
36936 4676
185946 4676
185947 4676
185948 4676
185949 4676
185950 4676
115938 3399
115939 3399
115940 3399
115941 3399
115942 3399
115943 3399
115944 3399
172580 4939
172581 4939
242612 4939
172582 4939
172583 4939
172584 4939
188357 4939
52075 2496
52076 2496
221631 2496
52077 2496
221632 2496
221633 2496
158133 2496
5724 3805
5725 3805
5726 3805
115073 3805
115074 3805
115075 3805
115076 3805
113841 2798
113842 2798
113843 2798
113844 2798
113845 2798
113846 2798
328602 2798
190645 4675
190647 4675
190648 4675
190649 4675
190650 4675
320862 4675
320863 4675
84216 2374
84217 2374
84218 2374
84219 2374
84220 2374
84221 2374
162953 2374
174125 2616
174126 2616
174127 2616
174128 2616
174129 2616
174130 2616
233087 2616
261362 2858
261363 2858
261411 2858
261407 2858
261408 2858
261364 2858
261365 2858
289432 2459
289433 2459
289434 2459
289435 2459
289436 2459
289437 2459
289438 2459
241764 1002
241765 1002
241766 1002
241767 1002
241768 1002
241769 1002
241770 2742
113109 4305
113111 4305
113112 4305
113113 4305
113114 4305
113115 4305
113116 4305
10171 2775
10172 2775
10173 2775
10174 2775
10175 2775
10176 2775
10177 2775
181785 2745
201026 3706
181786 2745
181787 2745
181788 2745
181789 2745
181790 2745
133801 2823
180760 2823
180761 2823
133802 2823
133803 2823
133804 2823
180762 2823
23558 4751
23559 4751
23560 4751
23561 4751
23562 4751
23563 4751
23564 4751
163164 4941
163165 4941
163166 4941
276865 4981
163167 4941
163168 4941
163169 4941
149594 4678
249404 4678
249405 4678
149595 4678
149596 4678
149597 4678
149598 4678
252011 3263
252012 3263
252013 3263
252014 3263
252015 3263
252016 3263
250423 3263
172368 3327
172370 3327
279872 2608
172371 3327
279873 2608
172372 3327
279874 2608
105866 4679
105867 4679
105868 4679
105869 4679
105870 4679
105871 4679
105872 4679
331033 4021
154544 4021
331034 4021
331035 4021
331036 4021
331037 4021
332205 4021
195072 3607
195073 3607
195074 3607
236436 3607
195077 3607
195078 3607
236437 3607
204165 4673
204166 4673
120105 4673
204167 4673
204168 4673
204169 4673
120111 4673
143465 4213
143466 4213
258369 4213
312329 4213
143467 4213
312330 4213
143468 4213
76283 4081
76284 4081
279514 4081
76285 4081
290869 4081
76286 4081
226836 4081
306810 4212
306811 4212
306812 4212
306813 4212
306814 4212
306815 4212
306816 4212
125920 4750
125921 4750
29380 4750
125922 4750
125923 4750
265939 4750
125924 4750
84641 4537
84642 4537
84643 4537
84644 4537
331740 4893
43821 4537
84645 4537
15711 1205
15712 1205
15713 1205
15714 1205
15715 1205
15716 1205
297296 2909
297297 2909
297298 2909
297299 2909
297300 2909
297301 2909
299581 4481
299582 4481
299583 4481
299584 4481
299585 4481
299586 4481
215645 1042
215646 1042
215647 1042
215648 1042
215649 1042
215650 1042
183320 3439
183321 3439
183322 3439
183323 3439
183324 3439
183325 3439
261204 3707
261205 3707
257352 3707
261206 3707
261207 3707
261208 3707
42267 39
42268 39
42269 39
42270 39
42271 39
42272 39
135029 332
235358 332
135030 332
271602 332
241644 332
135031 332
143408 4482
143410 4482
143411 4482
143412 4482
250561 4482
143413 4482
124052 120
124053 120
124054 120
332939 120
124055 120
325155 120
56435 4483
56436 4483
56437 4483
56438 4483
254098 4483
56439 4483
251195 2263
251196 2263
251197 2263
251198 2263
251199 2263
327314 2263
260355 4116
260356 4116
260357 4116
260358 4116
260431 4116
260359 4116
308778 4682
319179 4682
308779 4682
308780 4682
308781 4682
98212 4682
290342 1266
247937 1266
290343 1266
290344 1266
247938 1266
290345 1266
282832 2153
282833 2153
261095 2153
261096 2153
261097 2153
261098 2153
115841 4258
115842 4258
169921 4258
115843 4258
169922 4258
115844 4258
15758 4689
15759 4689
15760 4689
15761 4689
15762 4689
15763 4689
235580 510
302403 510
235581 510
235582 510
235583 510
322242 510
230736 4491
230737 4491
134036 4491
230738 4491
230739 4491
245388 4491
280386 703
305827 703
226120 703
280387 703
280388 703
226122 703
123291 4216
311140 4216
123292 4216
123293 4216
123294 4216
123295 4216
180362 660
180364 660
180365 660
180366 660
180367 660
180368 660
258778 3194
258780 3194
258781 3194
258782 3194
258783 3194
175275 3194
117381 2087
117382 2087
117383 2087
117384 2087
117385 2087
97398 2087
236298 4683
236299 4683
236300 4683
236301 4683
236302 4683
236303 4683
37836 1182
37837 1182
322133 1182
37838 1182
37839 1182
37840 1182
171999 969
172001 969
172002 969
172003 969
160153 969
172004 969
66145 985
66146 985
66147 985
66148 985
66149 985
66150 985
64809 4687
64810 4687
64811 4687
64812 4687
64813 4687
64814 4687
66337 3651
66338 3651
66339 3651
66340 3651
66341 3651
66342 3651
23139 4794
226988 4794
23140 4794
23141 4794
23142 4794
23143 4794
96593 2394
96594 2394
96595 2394
96596 2394
96597 2394
96598 2394
97452 4900
97453 4900
97454 4900
97455 4900
97456 4900
231668 1281
281635 1316
281636 1316
103257 1316
281637 1316
281638 1316
281639 1316
262120 2598
262121 2598
262122 2598
262123 2598
262124 2598
237899 2598
105006 1662
105007 1662
105008 1662
105009 1662
105010 1662
105011 1662
62124 3806
297703 3806
62126 3806
303505 3806
303506 3806
303507 3806
77886 2050
77887 2050
77888 2050
77889 2050
77890 2050
77891 2050
280935 1679
303384 1679
280936 1679
280938 1679
280939 1679
280940 1679
196196 3843
196198 3843
196199 3843
196200 3843
196201 3843
196202 3843
69971 1473
297671 1473
297672 1473
297673 1473
297674 1473
297675 1473
254156 1506
254157 1506
224770 1506
271636 1506
271637 1506
254158 1506
215967 3544
215968 3544
151494 3544
215969 3544
215970 3544
215971 3544
29146 2942
29147 2942
29148 2942
237852 2942
29149 2942
237853 2942
256180 2899
256181 2899
256182 2899
273705 2899
256183 2899
256184 2899
286790 1607
286792 1607
286793 1607
286794 1607
286795 1607
286796 1607
35098 2557
198519 2557
198520 2557
306924 2557
306925 2557
306926 2557
116718 1674
270020 1674
116719 1674
116720 1674
116721 1674
116722 1674
171259 3620
306982 3620
171260 3620
306983 3620
306984 3620
171261 3620
312082 4345
312083 4345
312084 4345
312085 4345
312086 4345
299992 4345
181334 4214
181335 4214
181336 4214
181337 4214
181339 4214
181340 4214
263312 3440
263313 3440
263314 3440
263315 3440
263316 3440
263317 3440
96566 4686
96567 4686
96568 4686
96569 4686
96570 4686
96571 4686
169618 4982
169619 4982
140585 4982
169620 4982
140587 4982
169621 4982
99094 2850
99095 2850
99096 2850
99097 2850
107884 2850
107885 2850
138429 1892
242571 1892
242572 1892
242573 1892
242574 1892
242575 1892
103779 4765
216276 4765
103780 4765
103781 4765
103782 4765
103783 4765
57139 4346
57140 4346
57141 4346
57142 4346
57143 4346
57144 4346
213595 2702
213596 2702
213597 2702
213598 2702
213599 2702
213600 2702
90679 1993
90680 1993
90681 1993
90682 1993
90683 1993
90684 1993
236604 4308
236605 4308
236606 4308
293795 4308
236607 4308
236608 4308
134763 4462
134764 4462
155924 4462
134765 4462
155925 4462
155926 4462
89318 2296
89319 2296
89320 2296
89321 2296
89322 2296
89323 2296
52600 2084
52601 2084
88364 2084
52602 2084
52603 2084
52604 2084
270420 4089
331812 3663
270421 3663
331813 3663
331814 3663
331815 3663
83865 4363
83866 4363
83867 4363
83868 4363
83869 4363
83870 4363
235603 4307
303605 4307
303606 4307
303607 4307
303608 4307
303609 4307
188491 4897
188492 4897
273224 4897
188493 4897
188494 4897
188495 4897
81840 4898
81841 4898
81842 4898
81843 4898
64015 4898
278805 4898
313027 3293
313870 3473
313028 3293
313029 3293
270553 3473
313871 3473
231821 2861
29790 2861
231822 2861
231823 2861
253813 2861
253814 2861
135613 3474
135614 3474
135615 3474
135616 3474
135617 3474
135618 3474
58756 2523
58757 2523
58758 2523
58759 2523
58760 2523
281026 2523
120601 2567
120602 2567
120603 2567
120604 2567
120605 2567
120606 2567
100495 2589
100496 2589
100497 2589
100498 2589
100499 2589
277386 2589
53007 4688
53008 4688
53009 4688
53011 4688
53012 4688
53013 4688
99263 3343
99264 3343
99266 3343
99268 3343
99269 3343
99270 3343
49856 2727
49857 2727
49858 2727
49859 2727
49861 2727
49863 2727
94071 2713
251083 2713
251084 2713
94072 2713
94073 2713
94074 2713
142504 2776
142505 2776
142506 2776
142508 2776
142510 2776
142511 2776
26389 2777
26390 2777
26391 2777
259563 2777
26392 2777
26393 2777
215068 2812
215069 2812
215070 2812
215071 2812
282963 2812
53108 2812
49592 2835
49593 2835
49594 2835
49595 2835
49596 2835
49597 2835
273756 3278
273757 3278
273758 3278
268978 3278
273759 3278
273760 3278
42349 4311
129472 4311
42351 4311
42353 4311
42354 4311
42355 4311
124952 2569
124953 2569
124954 2569
203750 4983
124955 2569
124956 2569
32523 3003
32524 3003
32525 3003
32526 3003
32527 3003
32528 3003
24019 3510
24020 3510
24021 3510
24022 3510
24023 3510
24025 3510
255989 3207
255990 3207
255991 3207
255992 3207
255993 3207
255994 3207
196586 2609
196587 2609
288866 3328
196588 2609
196589 3328
288865 3328
98767 3329
98768 3329
98769 3329
98770 3329
98771 3329
98772 3329
85556 4984
85557 4984
220479 4984
85558 4984
108871 4984
85559 4984
93174 3949
93175 3949
93176 3949
93177 3949
93178 3949
93179 3949
43237 4985
43238 4985
43239 4985
229939 4985
43240 4985
43241 4985
300916 3685
300917 3685
300918 3685
300919 3685
220701 3685
300920 3685
133839 3764
133840 3764
133841 3764
133842 3764
133843 3764
133844 3764
217672 4764
217673 4764
217674 4764
217675 4764
217676 4764
305327 4764
143253 3979
143254 3979
143255 3979
143256 3979
143257 3979
143258 3979
66241 4730
66242 4730
66243 4730
66244 4730
66245 4730
66246 4730
225562 4492
225563 4492
225564 4492
225565 4492
225566 4492
225567 4492
206205 4493
206206 4493
206207 4493
206209 4493
206210 4493
206211 4493
298231 4895
298232 4895
298233 4895
298234 4895
98741 4895
298235 4895
234976 4684
298513 4684
159382 4684
234977 4684
112785 4684
234978 4684
102699 4685
102700 4685
102702 4685
102703 4685
102704 4685
330704 4685
232404 4752
291073 4752
232405 4752
291074 4752
321644 4752
232406 4752
180292 4753
180293 4753
180294 4753
180295 4753
328546 4753
180296 4753
80343 4793
80344 4793
80345 4793
80346 4793
80347 4793
80348 4793
234688 4820
234689 4820
308709 4820
234690 4820
234691 4820
234692 4820
133159 4821
133160 4821
133161 4821
133162 4821
133163 4821
133164 4821
26043 4822
26044 4822
26045 4822
26046 4822
26048 4822
26049 4822
274915 3495
274916 3495
131236 3495
274917 3495
274918 3495
275691 2887
291359 2887
291360 2887
291361 2887
291362 2887
8629 3976
71673 3976
71674 3976
8631 3976
71675 3976
237109 3496
237110 3496
237111 3496
237112 3496
237113 3496
43409 16
43410 16
43411 16
43412 16
43413 16
80734 3119
80735 3119
80736 3119
80737 3119
194789 3119
192493 1155
308406 1155
308407 1155
308408 1155
308409 1155
44646 3855
44647 3855
44648 3855
44649 3855
44650 3855
213058 4755
213059 4755
213060 4755
213061 4755
213062 4755
300186 3844
300187 3844
300188 3844
300189 3844
286296 3844
174861 3257
174862 3257
329811 3257
174863 3257
331272 3257
103483 129
103484 129
103486 129
103487 129
103488 129
39523 171
39524 171
39526 171
39527 171
39528 171
102210 4694
102211 4694
102212 4694
102213 4694
102214 4694
11759 3512
11760 3512
11761 3512
11762 3512
11763 3512
254344 4691
254345 4691
254346 4691
254347 4691
235498 4691
244165 1267
244166 1267
244167 1267
296415 1267
244168 1267
309444 4217
309445 4217
309446 4217
20707 4217
309447 4217
230874 881
230875 881
230876 881
230877 881
230878 881
3770 4697
3771 4697
3772 4697
3773 4697
291897 4697
141661 4823
141662 4823
141663 4823
141664 4823
141665 4823
19706 4696
19707 4696
19708 4696
184719 4696
19709 4696
216640 1378
216641 1378
216642 1378
216643 1378
216644 1378
114750 1420
114751 1420
114752 1420
114753 1420
114754 1420
253945 4177
253946 4177
253947 4177
253948 4177
253949 4177
287743 4176
287744 4176
287745 4176
287746 4176
287747 4176
154572 4767
154573 4767
154574 4767
154575 4767
154576 4767
3959 4090
312496 4090
312497 4090
3961 4090
312498 4090
277895 4754
277896 4754
277897 4754
277898 4754
277899 4754
104926 4219
104927 4219
104928 4219
104929 4219
104930 4219
242392 4364
242393 4364
242394 4364
242395 4364
242396 4364
147731 4693
147732 4693
147733 4693
147735 4693
147736 4693
255867 1643
255868 1643
255869 1643
255870 1643
255871 1643
90952 1668
90953 1668
90954 1668
90955 1668
90956 1668
85194 3441
85195 3441
188205 3441
85196 3441
13587 3441
264123 4766
264124 4766
148320 4766
264125 4766
264126 4766
211805 3477
211806 3477
211807 3477
211808 3477
211809 3477
277361 2357
291679 2357
291680 2357
291681 2357
291682 2357
52845 3025
52846 3025
52847 3025
52848 3025
52849 3025
252282 3653
252283 3653
252284 3653
252286 3653
252287 3653
288183 3511
288184 3511
288185 3511
288186 3511
288187 3511
15682 3903
15683 3903
15685 3903
15686 3903
15689 3903
45595 4695
45596 4695
45597 4695
45598 4695
45599 4695
261957 4484
261958 4484
261959 4484
261960 4484
261961 4484
23841 3057
23842 3057
23843 3057
23844 3057
23845 3057
186054 2559
186055 2559
186056 2559
158747 2559
186057 2559
218074 4987
218075 4987
218076 4987
218077 4987
218078 4987
318229 4022
183061 4022
318230 4022
318231 4022
318232 4022
11177 2722
204968 2722
11178 2722
11179 2722
11180 2722
282390 4279
282391 4279
282392 4279
282393 4279
282394 4279
148094 4690
148095 4690
332779 4690
148096 4690
332780 4690
230719 3476
230720 3476
230721 3476
305027 3476
230722 3476
52994 3691
52995 3691
52996 3691
52997 3691
52998 3691
226819 4024
226820 4024
226821 4024
226822 4024
226823 4024
297041 4147
305696 4147
297042 4147
239584 4147
297043 4147
110453 4218
110454 4218
110455 4218
110456 4218
110457 4218
52900 4220
52901 4220
52902 4220
52903 4220
52904 4220
28549 4221
28550 4221
28551 4221
28552 4221
28553 4221
290140 4023
290141 4023
290142 4023
290143 4023
290144 4023
41113 4068
41114 4068
41115 4068
41116 4068
41118 4068
39755 4179
39756 4179
39758 4179
39759 4179
39760 4179
37935 4187
315907 4187
315908 4187
37936 4187
37937 4187
292663 4249
292664 4249
327373 4249
237158 4249
292665 4249
13290 4795
13291 4795
13292 4795
13293 4795
13294 4795
79194 4901
79195 4901
79196 4901
79198 4901
79197 4901
113765 4768
113766 4768
113767 4768
331621 4768
113768 4768
252641 4986
252642 4986
252643 4986
79466 4986
252644 4986
175536 4365
175537 4365
175538 4365
175539 4365
230757 3120
230758 3120
230759 3120
230760 3120
150465 4796
150466 4796
150467 4796
150468 4796
124247 4326
124248 4326
124249 4326
124250 4326
237708 4117
237709 4117
237710 4117
237711 4117
234135 3928
234136 3928
234137 3928
124166 3928
288596 1888
288597 1888
288598 1888
288599 1888
198860 3950
198861 3950
198862 3950
198863 3950
263531 962
263532 962
263533 962
263534 962
328958 4902
328959 4902
317960 4902
331680 4902
41242 3078
41243 3078
41244 3078
41245 3078
248347 4825
248348 4825
248349 4825
248350 4825
322978 4903
322979 4903
192968 4903
322980 4903
164880 4904
164881 4904
164882 4904
164883 4904
174200 4075
174201 4075
174202 4075
59190 4075
228417 4704
228418 4704
228419 4704
228420 4704
193620 4705
311298 4705
193621 4705
193622 4705
296235 4700
296236 4700
296237 4700
296238 4700
117739 4708
117740 4708
117741 4708
117742 4708
184440 844
184441 844
184442 844
182085 844
43152 4907
43153 4907
43154 4907
43155 4907
133982 990
133983 990
133984 990
133985 990
90818 4906
90819 4906
90820 4906
90821 4906
186725 4092
186726 4092
186727 4092
186728 4092
280157 988
280158 988
280159 988
319826 988
188100 2052
175878 2052
188101 2052
188102 2052
188616 1919
282669 1919
282670 1919
282671 1919
129086 4238
129087 4238
129088 4238
129089 4238
292624 4702
292625 4702
292626 4702
292627 4702
180957 3724
180958 3724
180959 3724
180960 3724
294038 4701
294039 4701
294040 4701
294041 4701
102215 4226
102216 4226
102217 4226
102218 4226
174164 3604
174165 3604
174166 3604
174167 3604
1730 4770
1731 4770
1732 4770
1733 4770
163981 4707
234979 4707
163982 4707
163983 4707
165919 2717
165920 2717
165921 2717
165922 2717
284906 2065
284907 2065
284908 2065
284909 2065
269179 2591
269180 2591
269181 2591
269182 2591
203577 1610
203578 1610
203579 1610
203580 1610
286193 3482
286194 3482
286195 3482
286196 3482
271177 4074
271178 4074
271179 4074
315928 4074
301580 4699
301581 4699
297319 4699
301582 4699
316929 2396
316930 2396
316931 2396
316932 2396
290974 2986
290975 2986
290976 2986
290977 2986
267844 3603
267845 3603
181094 3603
267846 3603
88119 4316
146929 4316
88121 4316
88122 4316
77517 4710
77518 4710
77519 4710
77520 4710
170561 4830
285461 4830
170562 4830
170563 4830
89437 2125
89439 2125
89440 2125
89441 2125
64943 3513
64944 3513
64945 3513
64946 3513
209266 4314
209267 4314
133902 4314
209268 4314
291823 3693
289227 3693
291824 3693
291825 3693
77149 2600
77150 2600
77151 2600
77152 2600
288381 2767
288382 2767
288383 2767
179157 2767
307012 2421
307013 2421
307014 2421
28032 2421
246599 4091
246600 4091
246601 4091
246602 4091
264249 4989
264250 4989
264251 4989
264252 4989
230439 3904
301085 3904
322320 3904
301086 3904
227832 3897
227833 3897
227834 3897
227835 3897
258448 4347
258449 4347
258450 4347
258451 4347
236625 2836
236626 2836
236627 2836
236628 2836
294977 3480
294978 3480
280883 3480
294979 3480
242764 4703
242765 4703
242766 4703
242767 4703
165715 4706
165716 4706
165717 4706
165718 4706
102066 4709
102067 4709
102068 4709
102069 4709
129558 4315
129559 4315
129560 4315
113129 4315
276317 4647
276318 4647
276319 4647
256451 4647
144492 3121
144940 3121
144941 3121
316852 3121
140596 4181
140597 4181
101271 4181
140598 4181
108397 3286
326935 3286
108398 3286
108399 3286
179525 4731
240020 4731
240021 4731
240022 4731
215557 3357
215558 3357
215559 3357
215560 3357
156775 3654
156776 3654
156777 3654
156778 3654
3364 3655
3365 3655
3366 3655
3367 3655
187012 3523
187013 3523
187015 3523
187016 3523
136515 4905
136516 4905
332751 4905
136517 4905
302131 3692
302132 3692
302133 3692
302134 3692
266876 4495
212238 4495
291530 4495
266877 4495
191492 4325
191493 4325
191494 4325
191495 4325
324274 4988
324275 4988
324276 4988
324277 4988
15830 4227
15831 4227
15832 4227
15833 4227
128392 3863
128393 3863
128394 3863
128396 3863
24106 4069
24107 4069
24108 4069
24109 4069
67112 4280
298113 4280
67113 4280
67114 4280
298779 4330
298780 4330
298781 4330
298782 4330
152134 4410
152135 4410
273078 4410
152136 4410
83471 4769
83472 4769
83473 4769
83475 4769
248187 4496
269200 4496
248188 4496
248189 4496
45924 4711
45925 4711
45926 4711
45927 4711
331058 4824
331059 4824
331060 4824
331645 4824
182196 4990
182197 4990
182198 4990
329998 4990
272962 820
188723 820
272963 820
222243 2258
222244 2258
222245 2258
251630 1658
251631 1658
251632 1658
281341 4350
281342 4350
281343 4350
31557 4489
31558 4489
31559 4489
306306 4797
306307 4797
195492 4797
302502 4487
302503 4487
302504 4487
260443 4910
272393 4910
272394 4910
279540 4498
203956 4498
279541 4498
303474 265
305822 265
305823 265
209985 4914
209986 4914
209987 4914
252848 276
252849 276
252850 276
120773 3978
120774 3978
120775 3978
137362 4801
137363 4801
137364 4801
97483 4610
97484 4610
97485 4610
333124 4713
333125 4713
329029 4713
204721 4349
332267 4349
332268 4349
286302 4246
286303 4246
286304 4246
327186 4991
327187 4991
313840 4991
305359 4717
305360 4717
305361 4717
284006 4909
284008 4909
284009 4909
293483 4733
293484 4733
293485 4733
292531 4250
292532 4250
292533 4250
47569 1823
47570 1823
47571 1823
166464 2703
166465 2703
166466 2703
227199 3963
227200 3963
227201 3963
21052 4917
21053 4917
21054 4917
270694 4911
270695 4911
270696 4911
202528 1363
202529 1363
202530 1363
171025 2356
171026 2356
171027 2356
334065 843
334066 843
334067 843
58638 901
58639 901
58640 901
111154 4463
111155 4463
39533 4463
310379 2894
310380 2894
310381 2894
173444 4726
173445 4726
173446 4726
323850 4228
323851 4228
323852 4228
235831 1019
235832 1019
235834 1019
57611 1396
57612 1396
57613 1396
158961 4321
158962 4321
158963 4321
331222 4714
331223 4714
36788 4714
297395 1427
297396 1427
297397 1427
314458 2016
314459 2016
304999 2016
276555 4185
276556 4185
276557 4185
280871 4184
280872 4184
280873 4184
89385 4351
89386 4351
89387 4351
155435 1152
155436 1152
155437 1152
318692 4992
318694 4992
318695 4992
308030 4428
308031 4428
243459 4428
214028 4320
214029 4320
108058 4320
249609 2508
249610 2508
249611 2508
17816 2529
17817 2529
17818 2529
62570 4333
235067 4333
235068 4333
299250 4718
103818 4718
299251 4718
242116 4725
242117 4725
242118 4725
316651 1737
316652 1737
316653 1737
113342 4916
113343 4916
113344 4916
256557 4722
275324 4722
275325 4722
231154 3974
231155 3974
231156 3974
196318 3664
196319 3664
196320 3664
181387 4331
311571 4331
311572 4331
180331 1566
180332 1566
180333 1566
328633 1573
328634 1573
328635 1573
206260 2991
206261 2991
206262 2991
175406 2251
175407 2251
175408 2251
167474 4424
167475 4424
167476 4424
242104 1735
242105 1735
242106 1735
320680 1897
320681 1897
320682 1897
255075 4912
255076 4912
255077 4912
256416 2868
256417 2868
256418 2868
134487 4078
134488 4078
134489 4078
187004 3845
187005 3845
187006 3845
265401 4723
265402 4723
265403 4723
257355 4233
257356 4233
257357 4233
275863 4996
275864 4996
275865 4996
106837 3202
106838 3202
106839 3202
31248 2319
31249 2319
31250 2319
162783 1867
162784 1867
69008 1867
177354 1889
177355 1889
177356 1889
149210 2783
149211 2783
149212 2783
105945 1975
105947 1975
105948 1975
256439 4318
256440 4318
256441 4318
266563 4798
266564 4798
266565 4798
245463 4799
245464 4799
245465 4799
166902 4800
166903 4800
166904 4800
122860 2944
122861 2944
122862 2944
129315 2896
129316 2896
129317 2896
30122 4999
30123 4999
30124 4999
254007 4319
254008 4319
254009 4319
59571 2176
59573 2176
59574 2176
39373 2118
39374 2118
39375 2118
178168 2121
178169 2121
178170 2121
303683 4995
303684 4995
303685 4995
306861 3656
306862 3656
306863 3656
328910 3407
328911 3407
297135 3407
275336 4721
275337 4721
275338 4721
278605 2800
278606 2800
278607 2800
133072 2802
133073 2802
133074 2802
137688 4827
137689 4827
137690 4827
181791 3463
181792 3463
181794 3463
294833 2367
294834 2367
294835 2367
187373 2418
187374 2418
187375 2418
321172 3483
270934 3483
321173 3483
307925 4994
175618 4994
307926 4994
298700 4100
298701 4100
298702 4100
126798 4101
268478 4101
268479 4101
319719 4497
319720 4497
319721 4497
322245 4229
322246 4229
322247 4229
299546 2685
299547 2685
299548 2685
153961 4096
153963 4096
153964 4096
235065 2853
167174 2853
235066 2853
326205 4076
326206 4076
326207 4076
201493 2729
201494 2729
201495 2729
325092 3699
331860 3699
331861 3699
300240 3808
300241 3808
300242 3808
333132 4348
130795 4327
130796 4327
130797 4327
103789 4609
103790 4609
103791 4609
47809 2804
47810 2804
47811 2804
241395 3201
241396 3201
192038 3201
74620 4352
74621 4352
74622 4352
180217 2906
180218 2906
180219 2906
255690 2907
255691 2907
255692 2907
318038 4826
323099 4826
323100 4826
50888 2989
50889 2989
50890 2989
150447 4322
150448 4322
58341 4322
139697 4323
139698 4323
139699 4323
148697 4997
148698 4997
148699 4997
129978 4097
129979 4097
129980 4097
45717 4998
45718 4998
45719 4998
300363 4771
300364 4771
300365 4771
318399 4993
318400 4993
318401 4993
323829 3961
323830 3961
280091 3961
143061 3225
143062 3225
143063 3225
128748 3966
128749 3966
128750 3966
189471 3294
189473 3294
189474 3294
278067 3657
278068 3657
278069 3657
91742 3951
91744 3951
91745 3951
298164 4732
327346 4732
327347 4732
331717 3765
331718 3765
331719 3765
330824 4433
330825 4433
250203 4433
75279 4772
285686 4772
285687 4772
333508 3524
333509 3524
227357 3524
173364 4412
173365 4412
173366 4412
240880 4913
240881 4913
240882 4913
311245 3742
311246 3742
311247 3742
22867 3768
225753 3768
225754 3768
249468 3773
249469 3773
249470 3773
289211 4955
289212 4955
224873 4955
94490 3796
94491 3796
94493 3796
117737 4077
225323 4077
225324 4077
303120 4607
303121 4607
303122 4607
113519 4608
269665 4608
269666 4608
115600 3908
115601 3908
115603 3908
30682 4098
30683 4098
30684 4098
321846 4908
321847 4908
321848 4908
261040 4411
324109 4411
324110 4411
258660 4831
258661 4831
258662 4831
201633 4435
201634 4435
201636 4435
175979 4606
330194 4606
330195 4606
208472 4915
208473 4915
208474 4915
