0 1297
1 1297
2 1297
3 1297
4 1297
5 792
6 792
7 1406
8 792
9 792
10 792
11 792
12 792
13 443
14 443
15 443
16 443
17 443
18 827
19 827
20 586
21 827
22 827
23 827
24 827
25 827
26 827
27 41
28 41
29 41
30 41
31 41
32 41
33 1218
34 1218
35 1218
36 1218
37 1218
38 1218
39 1218
40 1218
41 1218
42 1218
43 1218
44 1218
45 1218
46 443
47 443
48 443
49 135
50 443
51 443
52 443
53 443
54 443
55 58
56 58
57 58
58 58
59 58
60 58
61 58
62 58
63 58
64 58
65 1476
66 724
67 1476
68 1476
69 1476
70 586
71 488
72 488
73 488
74 488
75 488
76 488
77 488
78 488
79 488
80 488
81 488
82 488
83 488
84 488
85 488
86 488
87 499
88 1248
89 109
90 499
91 499
92 499
93 499
94 499
95 1389
96 1322
97 1389
98 1389
99 1389
100 1389
101 1389
102 1263
103 88
104 1263
105 1263
106 1263
107 1263
108 1263
109 1263
110 1263
111 1263
112 1355
113 1355
114 1355
115 1355
116 1355
117 1355
118 1355
119 1355
120 1355
121 1355
122 1444
123 1444
124 1444
125 1444
126 1444
127 1444
128 1444
129 1444
130 1303
131 306
132 1303
133 447
134 46
135 330
136 330
137 330
138 330
139 330
140 443
141 443
142 443
143 443
144 443
145 1004
146 130
147 392
148 1004
149 1004
150 1004
151 1004
152 1004
153 1004
154 1004
155 1004
156 1004
157 1004
158 718
159 718
160 718
161 718
162 718
163 108
164 108
165 108
166 108
167 108
168 108
169 108
170 108
171 108
172 108
173 108
174 108
175 108
176 108
177 880
178 20
179 20
180 20
181 20
182 20
183 20
184 20
185 20
186 1035
187 1035
188 1035
189 1035
190 1035
191 1035
192 1035
193 1035
194 724
195 724
196 724
197 724
198 724
199 724
200 129
201 129
202 129
203 129
204 129
205 129
206 129
207 129
208 628
209 628
210 628
211 628
212 628
213 628
214 628
215 628
216 628
217 628
218 628
219 628
220 628
221 628
222 628
223 849
224 432
225 1052
226 849
227 849
228 849
229 849
230 849
231 306
232 306
233 306
234 306
235 306
236 306
237 306
238 306
239 1089
240 1089
241 1089
242 1089
243 1089
244 1089
245 1451
246 1451
247 1069
248 1089
249 1089
250 628
251 628
252 628
253 628
254 628
255 628
256 628
257 628
258 628
259 628
260 628
261 628
262 628
263 628
264 628
265 628
266 236
267 236
268 236
269 236
270 236
271 236
272 236
273 432
274 432
275 432
276 432
277 432
278 1245
279 1245
280 1245
281 1245
282 1245
283 1245
284 1245
285 1245
286 1245
287 1245
288 1245
289 1245
290 274
291 274
292 274
293 274
294 274
295 274
296 274
297 274
298 274
299 1303
300 1303
301 1303
302 1303
303 1303
304 1303
305 1303
306 1303
307 1303
308 1303
309 1303
310 1303
311 1303
312 1303
313 1303
314 1303
315 1303
316 1303
317 1303
318 1303
319 1303
320 1303
321 1303
322 1303
323 1303
324 1303
325 270
326 270
327 270
328 270
329 270
330 270
331 270
332 270
333 270
334 270
335 270
336 813
337 813
338 813
339 813
340 813
341 813
342 813
343 813
344 43
345 43
346 43
347 43
348 43
349 43
350 1233
351 1233
352 1233
353 1233
354 1233
355 1233
356 1233
357 733
358 733
359 733
360 733
361 29
362 29
363 29
364 29
365 1199
366 1199
367 226
368 1333
369 226
370 226
371 226
372 226
373 226
374 226
375 226
376 226
377 226
378 226
379 226
380 226
381 226
382 221
383 221
384 221
385 221
386 221
387 221
388 221
389 221
390 443
391 443
392 443
393 443
394 443
395 443
396 443
397 443
398 723
399 723
400 723
401 723
402 471
403 471
404 931
405 1098
406 471
407 471
408 471
409 1098
410 471
411 471
412 471
413 471
414 471
415 471
416 471
417 1237
418 1237
419 1237
420 1237
421 1237
422 1237
423 1237
424 1163
425 1163
426 1163
427 1163
428 487
429 649
430 487
431 487
432 487
433 1328
434 487
435 487
436 487
437 487
438 487
439 487
440 487
441 487
442 487
443 487
444 487
445 487
446 487
447 487
448 4
449 4
450 4
451 4
452 4
453 4
454 256
455 662
456 647
457 647
458 647
459 647
460 647
461 108
462 108
463 108
464 876
465 305
466 305
467 305
468 125
469 305
470 305
471 305
472 305
473 785
474 785
475 336
476 785
477 537
478 785
479 785
480 785
481 785
482 785
483 1235
484 1235
485 1235
486 1235
487 1235
488 1235
489 1235
490 1235
491 1235
492 1235
493 1235
494 1235
495 1235
496 1235
497 139
498 139
499 139
500 139
501 139
502 139
503 139
504 1174
505 785
506 785
507 1176
508 1176
509 1176
510 1176
511 1176
512 1176
513 876
514 876
515 876
516 876
517 876
518 876
519 876
520 876
521 876
522 876
523 876
524 1297
525 1297
526 1297
527 1297
528 1297
529 1066
530 1066
531 40
532 200
533 144
534 975
535 200
536 662
537 29
538 662
539 54
540 54
541 54
542 54
543 54
544 54
545 54
546 54
547 1342
548 243
549 243
550 243
551 243
552 243
553 243
554 243
555 243
556 243
557 243
558 1348
559 1348
560 1348
561 1348
562 1348
563 1348
564 1348
565 1348
566 1348
567 1348
568 1348
569 256
570 29
571 662
572 29
573 419
574 29
575 29
576 29
577 29
578 29
579 29
580 1177
581 2
582 1177
583 1177
584 1177
585 1177
586 1128
587 1128
588 1128
589 1128
590 1303
591 1128
592 506
593 506
594 506
595 506
596 506
597 506
598 506
599 506
600 144
601 144
602 144
603 144
604 144
605 144
606 144
607 144
608 144
609 144
610 144
611 144
612 144
613 144
614 995
615 995
616 995
617 995
618 995
619 995
620 995
621 995
622 995
623 704
624 704
625 704
626 704
627 704
628 704
629 704
630 704
631 704
632 566
633 566
634 566
635 566
636 566
637 566
638 566
639 566
640 566
641 431
642 431
643 431
644 431
645 431
646 431
647 431
648 1025
649 1025
650 1025
651 1025
652 1025
653 1025
654 1025
655 1025
656 1025
657 129
658 856
659 856
660 856
661 856
662 856
663 856
664 856
665 16
666 16
667 16
668 16
669 16
670 16
671 106
672 620
673 1333
674 1333
675 1125
676 1333
677 1333
678 620
679 1333
680 1333
681 1333
682 1494
683 1333
684 1333
685 1333
686 1333
687 1333
688 1333
689 1333
690 1333
691 1333
692 1333
693 1422
694 1422
695 1422
696 1422
697 1422
698 1422
699 195
700 195
701 195
702 195
703 195
704 195
705 195
706 195
707 195
708 814
709 814
710 814
711 814
712 814
713 814
714 814
715 814
716 1287
717 351
718 1287
719 1287
720 1287
721 859
722 859
723 859
724 859
725 859
726 859
727 859
728 859
729 859
730 859
731 859
732 34
733 436
734 546
735 546
736 364
737 546
738 546
739 546
740 546
741 1430
742 1284
743 1430
744 1430
745 321
746 1430
747 1430
748 1430
749 1430
750 1430
751 1430
752 1303
753 1303
754 1303
755 1303
756 1303
757 1303
758 213
759 576
760 990
761 213
762 213
763 213
764 213
765 213
766 358
767 358
768 358
769 358
770 358
771 358
772 75
773 75
774 75
775 75
776 75
777 75
778 39
779 39
780 400
781 39
782 39
783 39
784 39
785 248
786 248
787 914
788 248
789 248
790 248
791 248
792 248
793 248
794 248
795 248
796 248
797 40
798 1281
799 1055
800 40
801 40
802 40
803 40
804 40
805 40
806 40
807 1346
808 513
809 513
810 513
811 25
812 513
813 1492
814 765
815 513
816 513
817 513
818 513
819 513
820 513
821 513
822 513
823 513
824 513
825 513
826 513
827 513
828 513
829 513
830 513
831 513
832 513
833 513
834 513
835 513
836 513
837 513
838 513
839 513
840 513
841 513
842 513
843 25
844 194
845 175
846 459
847 194
848 194
849 194
850 194
851 194
852 194
853 175
854 175
855 175
856 175
857 175
858 285
859 824
860 450
861 285
862 285
863 285
864 285
865 285
866 311
867 1080
868 311
869 1080
870 311
871 1080
872 311
873 311
874 1080
875 1080
876 1080
877 1080
878 311
879 1080
880 1080
881 311
882 311
883 311
884 501
885 899
886 1337
887 501
888 501
889 501
890 501
891 1476
892 1476
893 1476
894 1476
895 1476
896 1476
897 785
898 336
899 336
900 336
901 684
902 336
903 785
904 785
905 785
906 336
907 785
908 336
909 336
910 785
911 336
912 785
913 785
914 785
915 336
916 785
917 336
918 785
919 336
920 336
921 785
922 336
923 785
924 785
925 785
926 785
927 785
928 530
929 530
930 530
931 530
932 1036
933 1303
934 530
935 530
936 530
937 530
938 530
939 530
940 530
941 530
942 530
943 1386
944 1386
945 879
946 1144
947 879
948 879
949 879
950 879
951 879
952 879
953 879
954 879
955 879
956 879
957 879
958 879
959 879
960 38
961 38
962 38
963 38
964 38
965 38
966 38
967 9
968 856
969 856
970 856
971 1068
972 1068
973 1068
974 745
975 814
976 1237
977 554
978 1237
979 974
980 974
981 974
982 974
983 974
984 1098
985 1098
986 1098
987 1098
988 1098
989 1098
990 1098
991 1098
992 1098
993 1098
994 1098
995 1098
996 928
997 928
998 928
999 928
1000 928
1001 928
1002 928
1003 928
1004 928
1005 928
1006 928
1007 928
1008 928
1009 928
1010 928
1011 256
1012 256
1013 256
1014 256
1015 256
1016 256
1017 256
1018 256
1019 256
1020 131
1021 688
1022 753
1023 428
1024 428
1025 428
1026 212
1027 798
1028 428
1029 428
1030 428
1031 428
1032 428
1033 428
1034 428
1035 661
1036 661
1037 661
1038 661
1039 661
1040 661
1041 661
1042 661
1043 661
1044 29
1045 1465
1046 1465
1047 29
1048 29
1049 228
1050 228
1051 228
1052 228
1053 228
1054 228
1055 228
1056 595
1057 610
1058 595
1059 390
1060 595
1061 595
1062 595
1063 595
1064 595
1065 595
1066 595
1067 595
1068 595
1069 595
1070 595
1071 595
1072 595
1073 595
1074 416
1075 416
1076 416
1077 416
1078 416
1079 416
1080 647
1081 647
1082 647
1083 647
1084 647
1085 647
1086 185
1087 185
1088 185
1089 185
1090 185
1091 185
1092 185
1093 185
1094 185
1095 185
1096 185
1097 185
1098 185
1099 1476
1100 374
1101 1476
1102 1476
1103 1476
1104 1098
1105 2
1106 2
1107 2
1108 2
1109 2
1110 2
1111 2
1112 2
1113 2
1114 2
1115 2
1116 2
1117 36
1118 36
1119 36
1120 36
1121 36
1122 36
1123 36
1124 1300
1125 628
1126 628
1127 628
1128 862
1129 862
1130 862
1131 862
1132 862
1133 862
1134 862
1135 862
1136 862
1137 862
1138 862
1139 862
1140 862
1141 862
1142 862
1143 862
1144 862
1145 340
1146 340
1147 44
1148 340
1149 340
1150 340
1151 340
1152 340
1153 106
1154 106
1155 114
1156 106
1157 662
1158 662
1159 662
1160 662
1161 662
1162 662
1163 662
1164 326
1165 649
1166 169
1167 649
1168 649
1169 649
1170 649
1171 1404
1172 1404
1173 1404
1174 941
1175 1404
1176 1404
1177 1404
1178 168
1179 168
1180 168
1181 168
1182 168
1183 168
1184 168
1185 168
1186 168
1187 168
1188 168
1189 168
1190 168
1191 215
1192 1303
1193 242
1194 242
1195 242
1196 242
1197 242
1198 242
1199 242
1200 242
1201 242
1202 242
1203 242
1204 242
1205 242
1206 242
1207 242
1208 242
1209 884
1210 884
1211 884
1212 884
1213 884
1214 884
1215 716
1216 884
1217 225
1218 227
1219 225
1220 225
1221 225
1222 225
1223 225
1224 837
1225 837
1226 837
1227 837
1228 854
1229 465
1230 854
1231 854
1232 854
1233 854
1234 854
1235 854
1236 1404
1237 861
1238 861
1239 861
1240 861
1241 861
1242 861
1243 861
1244 861
1245 486
1246 486
1247 486
1248 486
1249 486
1250 486
1251 486
1252 486
1253 486
1254 486
1255 486
1256 486
1257 486
1258 486
1259 486
1260 486
1261 486
1262 486
1263 486
1264 486
1265 486
1266 486
1267 486
1268 486
1269 486
1270 486
1271 486
1272 486
1273 486
1274 486
1275 1292
1276 586
1277 1252
1278 1252
1279 660
1280 1292
1281 138
1282 138
1283 138
1284 138
1285 138
1286 138
1287 138
1288 1451
1289 1451
1290 1451
1291 1052
1292 1303
1293 1464
1294 1125
1295 1125
1296 1125
1297 1125
1298 1125
1299 1125
1300 1125
1301 1125
1302 1125
1303 171
1304 171
1305 171
1306 171
1307 171
1308 171
1309 171
1310 629
1311 629
1312 629
1313 629
1314 629
1315 460
1316 460
1317 900
1318 460
1319 900
1320 460
1321 460
1322 460
1323 848
1324 765
1325 848
1326 276
1327 848
1328 848
1329 848
1330 848
1331 848
1332 848
1333 848
1334 610
1335 610
1336 610
1337 610
1338 246
1339 246
1340 730
1341 246
1342 246
1343 246
1344 246
1345 246
1346 246
1347 29
1348 29
1349 29
1350 1123
1351 29
1352 29
1353 1052
1354 1052
1355 1052
1356 1052
1357 1052
1358 852
1359 611
1360 852
1361 852
1362 852
1363 852
1364 852
1365 852
1366 629
1367 629
1368 629
1369 629
1370 629
1371 1322
1372 1322
1373 1322
1374 1322
1375 1322
1376 1322
1377 1322
1378 374
1379 374
1380 374
1381 374
1382 586
1383 586
1384 131
1385 836
1386 534
1387 586
1388 1302
1389 176
1390 1302
1391 1302
1392 1302
1393 330
1394 1303
1395 1303
1396 1303
1397 1303
1398 330
1399 1429
1400 1429
1401 1429
1402 103
1403 298
1404 298
1405 298
1406 298
1407 298
1408 298
1409 298
1410 298
1411 298
1412 434
1413 687
1414 434
1415 434
1416 434
1417 434
1418 434
1419 434
1420 471
1421 26
1422 26
1423 26
1424 26
1425 26
1426 1098
1427 1098
1428 1098
1429 1098
1430 1098
1431 1098
1432 1098
1433 1329
1434 1329
1435 1329
1436 1329
1437 1329
1438 1329
1439 1329
1440 1329
1441 1329
1442 1329
1443 447
1444 447
1445 447
1446 447
1447 447
1448 447
1449 447
1450 447
1451 447
1452 447
1453 447
1454 447
1455 447
1456 447
1457 620
1458 823
1459 305
1460 305
1461 305
1462 305
1463 305
1464 305
1465 305
1466 305
1467 305
1468 305
1469 414
1470 414
1471 414
1472 414
1473 414
1474 414
1475 414
1476 414
1477 414
1478 414
1479 414
1480 414
1481 414
1482 500
1483 783
1484 783
1485 251
1486 993
1487 915
1488 915
1489 783
1490 783
1491 783
1492 783
1493 915
1494 915
1495 915
1496 915
1497 783
1498 783
1499 783
1500 783
1501 783
1502 783
1503 783
1504 783
1505 48
1506 48
1507 48
1508 48
1509 48
1510 953
1511 1142
1512 883
1513 953
1514 953
1515 196
1516 196
1517 196
1518 196
1519 196
1520 196
1521 899
1522 899
1523 899
1524 899
1525 899
1526 899
1527 899
1528 899
1529 899
1530 899
1531 899
1532 899
1533 899
1534 899
1535 899
1536 902
1537 1416
1538 902
1539 902
1540 902
1541 902
1542 902
1543 902
1544 902
1545 902
1546 1416
1547 1416
1548 1416
1549 1416
1550 1416
1551 1416
1552 1416
1553 1416
1554 1416
1555 1416
1556 1416
1557 1416
1558 1416
1559 1416
1560 1416
1561 1416
1562 1416
1563 1416
1564 1292
1565 158
1566 534
1567 1476
1568 1292
1569 1189
1570 1077
1571 1292
1572 1292
1573 1292
1574 1292
1575 1292
1576 912
1577 534
1578 912
1579 553
1580 912
1581 912
1582 912
1583 534
1584 534
1585 534
1586 534
1587 534
1588 534
1589 534
1590 534
1591 785
1592 785
1593 342
1594 785
1595 186
1596 342
1597 785
1598 785
1599 785
1600 342
1601 342
1602 819
1603 1480
1604 1480
1605 819
1606 819
1607 1480
1608 819
1609 819
1610 819
1611 819
1612 931
1613 523
1614 125
1615 726
1616 125
1617 125
1618 125
1619 125
1620 964
1621 964
1622 964
1623 964
1624 964
1625 964
1626 964
1627 519
1628 1303
1629 1303
1630 1303
1631 1303
1632 519
1633 519
1634 1303
1635 1303
1636 711
1637 1303
1638 1303
1639 1303
1640 1303
1641 519
1642 1303
1643 711
1644 519
1645 711
1646 476
1647 62
1648 62
1649 1404
1650 62
1651 62
1652 222
1653 222
1654 222
1655 222
1656 222
1657 222
1658 222
1659 222
1660 222
1661 1020
1662 158
1663 1020
1664 1020
1665 1020
1666 1020
1667 1020
1668 410
1669 1478
1670 1478
1671 1478
1672 1478
1673 1478
1674 410
1675 410
1676 410
1677 410
1678 410
1679 449
1680 449
1681 449
1682 1248
1683 1248
1684 1248
1685 1342
1686 840
1687 1170
1688 1342
1689 1342
1690 1342
1691 1342
1692 1342
1693 1342
1694 1342
1695 1342
1696 426
1697 426
1698 426
1699 426
1700 426
1701 426
1702 426
1703 426
1704 426
1705 745
1706 745
1707 745
1708 745
1709 745
1710 421
1711 421
1712 421
1713 421
1714 421
1715 421
1716 421
1717 646
1718 646
1719 300
1720 646
1721 646
1722 646
1723 646
1724 1003
1725 1003
1726 1003
1727 1003
1728 1003
1729 1003
1730 1003
1731 1003
1732 1192
1733 1192
1734 1192
1735 1192
1736 1192
1737 1192
1738 1192
1739 421
1740 421
1741 421
1742 421
1743 100
1744 100
1745 100
1746 100
1747 100
1748 100
1749 792
1750 792
1751 1052
1752 1052
1753 235
1754 1052
1755 1052
1756 500
1757 500
1758 500
1759 500
1760 525
1761 525
1762 525
1763 525
1764 525
1765 525
1766 525
1767 525
1768 525
1769 486
1770 486
1771 486
1772 486
1773 486
1774 486
1775 486
1776 486
1777 486
1778 486
1779 486
1780 486
1781 486
1782 486
1783 486
1784 486
1785 486
1786 486
1787 403
1788 403
1789 403
1790 403
1791 403
1792 403
1793 403
1794 403
1795 1053
1796 1480
1797 1480
1798 1480
1799 1480
1800 1480
1801 1480
1802 1480
1803 1480
1804 200
1805 685
1806 1171
1807 372
1808 372
1809 372
1810 372
1811 372
1812 372
1813 1171
1814 372
1815 372
1816 1171
1817 1171
1818 1402
1819 1402
1820 1368
1821 1368
1822 1368
1823 1368
1824 1368
1825 1368
1826 1368
1827 387
1828 387
1829 387
1830 484
1831 37
1832 1019
1833 484
1834 484
1835 484
1836 484
1837 484
1838 484
1839 1098
1840 1098
1841 1098
1842 1098
1843 1098
1844 1098
1845 1098
1846 1397
1847 1397
1848 1397
1849 1397
1850 24
1851 24
1852 24
1853 24
1854 24
1855 24
1856 24
1857 24
1858 1225
1859 1225
1860 1225
1861 1225
1862 1225
1863 235
1864 235
1865 235
1866 1088
1867 1088
1868 1088
1869 1088
1870 1088
1871 1088
1872 1088
1873 1397
1874 1397
1875 1397
1876 1397
1877 961
1878 1281
1879 1281
1880 439
1881 685
1882 685
1883 685
1884 685
1885 685
1886 685
1887 752
1888 752
1889 752
1890 752
1891 752
1892 881
1893 881
1894 881
1895 1168
1896 1168
1897 1234
1898 280
1899 280
1900 280
1901 244
1902 244
1903 1234
1904 1234
1905 1234
1906 492
1907 99
1908 492
1909 492
1910 492
1911 492
1912 492
1913 492
1914 492
1915 492
1916 571
1917 571
1918 571
1919 1366
1920 1067
1921 571
1922 571
1923 571
1924 571
1925 571
1926 571
1927 571
1928 1303
1929 1303
1930 1303
1931 1303
1932 1303
1933 1303
1934 1303
1935 1303
1936 1303
1937 1303
1938 1303
1939 1303
1940 1303
1941 620
1942 620
1943 620
1944 620
1945 304
1946 614
1947 614
1948 614
1949 614
1950 614
1951 614
1952 614
1953 614
1954 614
1955 614
1956 614
1957 614
1958 614
1959 614
1960 614
1961 614
1962 614
1963 99
1964 99
1965 730
1966 99
1967 99
1968 99
1969 99
1970 99
1971 99
1972 99
1973 99
1974 99
1975 1427
1976 572
1977 774
1978 572
1979 572
1980 572
1981 572
1982 572
1983 572
1984 572
1985 280
1986 280
1987 1234
1988 1234
1989 881
1990 881
1991 881
1992 881
1993 881
1994 881
1995 881
1996 745
1997 745
1998 426
1999 745
2000 745
2001 745
2002 133
2003 133
2004 133
2005 133
2006 133
2007 133
2008 1303
2009 1303
2010 1303
2011 1278
2012 1303
2013 1303
2014 1303
2015 1303
2016 1303
2017 1303
2018 1303
2019 1303
2020 1303
2021 1303
2022 1303
2023 1219
2024 785
2025 785
2026 785
2027 785
2028 785
2029 1170
2030 785
2031 785
2032 785
2033 1170
2034 926
2035 785
2036 785
2037 785
2038 1170
2039 785
2040 785
2041 785
2042 785
2043 785
2044 785
2045 785
2046 2
2047 473
2048 473
2049 473
2050 473
2051 473
2052 473
2053 473
2054 473
2055 531
2056 531
2057 531
2058 531
2059 717
2060 531
2061 717
2062 717
2063 717
2064 717
2065 717
2066 717
2067 531
2068 531
2069 531
2070 531
2071 739
2072 109
2073 389
2074 109
2075 109
2076 109
2077 109
2078 256
2079 256
2080 152
2081 1028
2082 1028
2083 1028
2084 1028
2085 152
2086 152
2087 1028
2088 1028
2089 152
2090 152
2091 152
2092 152
2093 152
2094 1028
2095 1028
2096 1406
2097 191
2098 1406
2099 1406
2100 1406
2101 1406
2102 1406
2103 1406
2104 1406
2105 1406
2106 1254
2107 1254
2108 1254
2109 1254
2110 1254
2111 1254
2112 1254
2113 1336
2114 1336
2115 1037
2116 1336
2117 1336
2118 1336
2119 1336
2120 1336
2121 1336
2122 1336
2123 1336
2124 1336
2125 1408
2126 1408
2127 1408
2128 1408
2129 1408
2130 1408
2131 1408
2132 1408
2133 1408
2134 1005
2135 960
2136 1005
2137 1005
2138 1005
2139 1005
2140 46
2141 46
2142 46
2143 46
2144 46
2145 46
2146 46
2147 46
2148 696
2149 665
2150 696
2151 696
2152 696
2153 696
2154 696
2155 419
2156 419
2157 419
2158 419
2159 419
2160 1362
2161 1362
2162 1362
2163 1362
2164 116
2165 1362
2166 1362
2167 1362
2168 132
2169 132
2170 1278
2171 1278
2172 1278
2173 132
2174 1278
2175 1278
2176 1278
2177 132
2178 132
2179 132
2180 132
2181 132
2182 132
2183 132
2184 132
2185 132
2186 132
2187 132
2188 132
2189 132
2190 465
2191 465
2192 465
2193 465
2194 465
2195 465
2196 465
2197 1144
2198 1144
2199 1144
2200 1144
2201 345
2202 2
2203 370
2204 901
2205 901
2206 370
2207 370
2208 370
2209 370
2210 901
2211 901
2212 901
2213 901
2214 254
2215 900
2216 900
2217 254
2218 900
2219 254
2220 254
2221 254
2222 254
2223 254
2224 254
2225 254
2226 900
2227 900
2228 900
2229 646
2230 646
2231 1256
2232 1347
2233 1072
2234 1347
2235 1347
2236 1347
2237 1256
2238 1347
2239 1347
2240 1347
2241 1347
2242 1347
2243 1347
2244 1347
2245 280
2246 280
2247 280
2248 280
2249 280
2250 280
2251 280
2252 793
2253 793
2254 793
2255 793
2256 793
2257 229
2258 229
2259 229
2260 229
2261 229
2262 229
2263 158
2264 158
2265 158
2266 158
2267 1475
2268 1475
2269 1475
2270 1475
2271 1475
2272 1475
2273 1475
2274 1475
2275 582
2276 275
2277 275
2278 275
2279 275
2280 765
2281 275
2282 275
2283 765
2284 275
2285 275
2286 275
2287 275
2288 275
2289 275
2290 275
2291 275
2292 275
2293 275
2294 275
2295 275
2296 275
2297 275
2298 765
2299 765
2300 765
2301 765
2302 765
2303 765
2304 765
2305 765
2306 765
2307 264
2308 29
2309 29
2310 29
2311 29
2312 29
2313 29
2314 29
2315 752
2316 1466
2317 1466
2318 752
2319 611
2320 1466
2321 752
2322 752
2323 1466
2324 1466
2325 1466
2326 1466
2327 1466
2328 752
2329 752
2330 752
2331 514
2332 514
2333 1369
2334 514
2335 514
2336 514
2337 514
2338 514
2339 514
2340 514
2341 514
2342 820
2343 443
2344 820
2345 60
2346 820
2347 820
2348 820
2349 820
2350 820
2351 820
2352 820
2353 820
2354 1054
2355 1303
2356 1054
2357 1054
2358 1054
2359 1054
2360 1054
2361 1054
2362 1054
2363 1234
2364 1234
2365 1234
2366 781
2367 957
2368 957
2369 957
2370 957
2371 957
2372 500
2373 500
2374 500
2375 500
2376 500
2377 500
2378 1174
2379 1174
2380 1174
2381 1174
2382 1174
2383 1174
2384 950
2385 950
2386 950
2387 950
2388 950
2389 950
2390 950
2391 950
2392 950
2393 950
2394 440
2395 422
2396 491
2397 440
2398 491
2399 440
2400 440
2401 440
2402 440
2403 440
2404 1021
2405 1021
2406 1021
2407 1021
2408 1021
2409 1021
2410 1021
2411 1021
2412 791
2413 791
2414 791
2415 791
2416 791
2417 791
2418 1210
2419 1210
2420 1210
2421 1210
2422 1210
2423 1210
2424 280
2425 280
2426 244
2427 244
2428 1234
2429 244
2430 244
2431 244
2432 244
2433 1234
2434 1234
2435 1234
2436 500
2437 500
2438 500
2439 500
2440 500
2441 1327
2442 1327
2443 1327
2444 1327
2445 1327
2446 1327
2447 1327
2448 278
2449 278
2450 1049
2451 977
2452 766
2453 278
2454 278
2455 278
2456 278
2457 278
2458 278
2459 278
2460 278
2461 37
2462 37
2463 621
2464 37
2465 37
2466 37
2467 37
2468 37
2469 694
2470 124
2471 694
2472 694
2473 694
2474 694
2475 694
2476 836
2477 836
2478 836
2479 586
2480 586
2481 586
2482 586
2483 586
2484 1249
2485 836
2486 836
2487 836
2488 836
2489 1393
2490 164
2491 1311
2492 159
2493 519
2494 519
2495 519
2496 1104
2497 537
2498 537
2499 537
2500 537
2501 537
2502 537
2503 1271
2504 582
2505 582
2506 582
2507 582
2508 582
2509 582
2510 582
2511 582
2512 1129
2513 1129
2514 1129
2515 135
2516 135
2517 135
2518 135
2519 135
2520 814
2521 814
2522 814
2523 814
2524 814
2525 814
2526 765
2527 88
2528 88
2529 88
2530 88
2531 88
2532 88
2533 88
2534 580
2535 580
2536 580
2537 580
2538 580
2539 426
2540 131
2541 119
2542 1002
2543 131
2544 131
2545 131
2546 131
2547 131
2548 131
2549 131
2550 131
2551 131
2552 131
2553 99
2554 106
2555 106
2556 106
2557 106
2558 106
2559 106
2560 1463
2561 730
2562 99
2563 730
2564 730
2565 730
2566 730
2567 730
2568 1440
2569 1440
2570 1440
2571 1440
2572 1440
2573 762
2574 762
2575 762
2576 762
2577 762
2578 762
2579 762
2580 793
2581 762
2582 762
2583 762
2584 762
2585 426
2586 426
2587 1357
2588 1085
2589 1357
2590 1357
2591 746
2592 746
2593 1357
2594 1357
2595 1357
2596 858
2597 785
2598 785
2599 785
2600 785
2601 13
2602 13
2603 13
2604 13
2605 13
2606 13
2607 13
2608 13
2609 13
2610 13
2611 13
2612 13
2613 13
2614 716
2615 716
2616 716
2617 716
2618 716
2619 1490
2620 1490
2621 1490
2622 931
2623 931
2624 931
2625 337
2626 337
2627 337
2628 337
2629 397
2630 277
2631 397
2632 397
2633 397
2634 397
2635 1234
2636 1234
2637 419
2638 611
2639 611
2640 1145
2641 611
2642 611
2643 611
2644 611
2645 611
2646 611
2647 611
2648 29
2649 41
2650 1153
2651 1153
2652 1153
2653 1153
2654 1153
2655 1153
2656 1153
2657 434
2658 434
2659 434
2660 434
2661 434
2662 131
2663 1098
2664 131
2665 131
2666 131
2667 838
2668 838
2669 838
2670 838
2671 838
2672 838
2673 838
2674 838
2675 838
2676 838
2677 1438
2678 1438
2679 1327
2680 1438
2681 1438
2682 1438
2683 789
2684 41
2685 41
2686 41
2687 41
2688 41
2689 41
2690 41
2691 41
2692 41
2693 576
2694 576
2695 576
2696 576
2697 576
2698 576
2699 1426
2700 1426
2701 1426
2702 1426
2703 386
2704 580
2705 580
2706 386
2707 580
2708 580
2709 580
2710 580
2711 1142
2712 1142
2713 1142
2714 1142
2715 1142
2716 1142
2717 1142
2718 1142
2719 569
2720 569
2721 569
2722 569
2723 569
2724 569
2725 569
2726 569
2727 1049
2728 1049
2729 1049
2730 1049
2731 1049
2732 1049
2733 1049
2734 534
2735 424
2736 534
2737 1035
2738 1050
2739 1035
2740 1035
2741 1082
2742 455
2743 1082
2744 1319
2745 1319
2746 1082
2747 1082
2748 1082
2749 1082
2750 1082
2751 1082
2752 144
2753 144
2754 144
2755 144
2756 144
2757 144
2758 144
2759 144
2760 739
2761 739
2762 739
2763 739
2764 739
2765 619
2766 620
2767 620
2768 620
2769 620
2770 620
2771 276
2772 276
2773 47
2774 276
2775 276
2776 276
2777 1369
2778 761
2779 287
2780 1369
2781 1369
2782 1369
2783 1369
2784 876
2785 876
2786 876
2787 876
2788 876
2789 876
2790 876
2791 876
2792 876
2793 481
2794 481
2795 481
2796 481
2797 481
2798 481
2799 481
2800 481
2801 733
2802 733
2803 733
2804 733
2805 733
2806 733
2807 781
2808 781
2809 781
2810 781
2811 781
2812 781
2813 781
2814 23
2815 23
2816 23
2817 23
2818 23
2819 23
2820 23
2821 23
2822 23
2823 661
2824 1226
2825 661
2826 235
2827 235
2828 235
2829 235
2830 235
2831 235
2832 235
2833 719
2834 719
2835 719
2836 719
2837 719
2838 719
2839 750
2840 750
2841 750
2842 160
2843 926
2844 398
2845 926
2846 926
2847 926
2848 926
2849 1311
2850 1311
2851 1311
2852 1311
2853 1311
2854 1311
2855 1311
2856 1311
2857 1248
2858 1248
2859 1248
2860 1364
2861 1248
2862 1248
2863 424
2864 926
2865 926
2866 926
2867 926
2868 883
2869 245
2870 883
2871 883
2872 883
2873 439
2874 883
2875 883
2876 883
2877 538
2878 538
2879 538
2880 538
2881 538
2882 299
2883 538
2884 538
2885 538
2886 538
2887 538
2888 538
2889 538
2890 538
2891 480
2892 480
2893 480
2894 480
2895 480
2896 480
2897 480
2898 9
2899 87
2900 853
2901 87
2902 87
2903 87
2904 87
2905 87
2906 87
2907 87
2908 1486
2909 1486
2910 1486
2911 1486
2912 1075
2913 1075
2914 1075
2915 1075
2916 1246
2917 1246
2918 1246
2919 1246
2920 1246
2921 1246
2922 1246
2923 1246
2924 1246
2925 1464
2926 1246
2927 665
2928 665
2929 665
2930 665
2931 665
2932 665
2933 513
2934 513
2935 513
2936 513
2937 513
2938 513
2939 513
2940 513
2941 513
2942 513
2943 513
2944 513
2945 513
2946 513
2947 513
2948 480
2949 480
2950 861
2951 861
2952 1086
2953 861
2954 1086
2955 1086
2956 1086
2957 1086
2958 1086
2959 997
2960 384
2961 83
2962 997
2963 997
2964 997
2965 997
2966 997
2967 997
2968 1451
2969 1297
2970 860
2971 860
2972 860
2973 860
2974 860
2975 860
2976 860
2977 860
2978 860
2979 860
2980 962
2981 962
2982 962
2983 962
2984 962
2985 962
2986 962
2987 962
2988 962
2989 962
2990 962
2991 926
2992 559
2993 926
2994 926
2995 926
2996 130
2997 836
2998 836
2999 836
3000 836
3001 836
3002 575
3003 486
3004 486
3005 140
3006 326
3007 140
3008 140
3009 140
3010 140
3011 140
3012 373
3013 373
3014 373
3015 373
3016 373
3017 373
3018 373
3019 373
3020 876
3021 876
3022 876
3023 876
3024 876
3025 876
3026 876
3027 876
3028 781
3029 596
3030 596
3031 596
3032 596
3033 596
3034 596
3035 626
3036 626
3037 626
3038 626
3039 626
3040 626
3041 626
3042 626
3043 626
3044 1033
3045 1033
3046 1033
3047 1033
3048 1033
3049 1033
3050 1033
3051 1033
3052 575
3053 575
3054 575
3055 575
3056 575
3057 476
3058 476
3059 476
3060 476
3061 476
3062 351
3063 351
3064 1287
3065 351
3066 351
3067 351
3068 351
3069 620
3070 620
3071 620
3072 620
3073 1295
3074 990
3075 990
3076 990
3077 990
3078 990
3079 990
3080 990
3081 594
3082 594
3083 765
3084 594
3085 594
3086 594
3087 594
3088 422
3089 594
3090 594
3091 594
3092 594
3093 594
3094 594
3095 594
3096 594
3097 594
3098 594
3099 594
3100 594
3101 594
3102 594
3103 594
3104 1402
3105 719
3106 134
3107 134
3108 134
3109 1103
3110 134
3111 134
3112 134
3113 134
3114 134
3115 134
3116 134
3117 134
3118 134
3119 134
3120 134
3121 134
3122 134
3123 818
3124 818
3125 818
3126 818
3127 818
3128 855
3129 603
3130 603
3131 855
3132 855
3133 1333
3134 1467
3135 252
3136 252
3137 181
3138 596
3139 1147
3140 895
3141 895
3142 359
3143 359
3144 359
3145 359
3146 359
3147 359
3148 359
3149 359
3150 359
3151 373
3152 373
3153 511
3154 373
3155 373
3156 1356
3157 1219
3158 1219
3159 1219
3160 1219
3161 1219
3162 1219
3163 1356
3164 1219
3165 785
3166 785
3167 785
3168 785
3169 785
3170 424
3171 424
3172 300
3173 300
3174 300
3175 300
3176 737
3177 300
3178 300
3179 424
3180 300
3181 737
3182 737
3183 737
3184 737
3185 737
3186 215
3187 668
3188 668
3189 654
3190 215
3191 215
3192 668
3193 668
3194 668
3195 215
3196 654
3197 215
3198 215
3199 215
3200 215
3201 695
3202 695
3203 695
3204 342
3205 785
3206 335
3207 313
3208 96
3209 265
3210 265
3211 265
3212 265
3213 265
3214 265
3215 265
3216 1395
3217 1395
3218 1395
3219 1395
3220 1395
3221 1395
3222 1395
3223 1395
3224 1395
3225 1198
3226 1283
3227 1198
3228 382
3229 1198
3230 1198
3231 1198
3232 1198
3233 1198
3234 1198
3235 1198
3236 1198
3237 1322
3238 1248
3239 1248
3240 1248
3241 1140
3242 1140
3243 1140
3244 1140
3245 1140
3246 1140
3247 1479
3248 1479
3249 1098
3250 293
3251 663
3252 1479
3253 1479
3254 293
3255 474
3256 1479
3257 474
3258 1479
3259 1240
3260 1240
3261 1240
3262 1240
3263 1240
3264 1240
3265 785
3266 1240
3267 1240
3268 1240
3269 785
3270 703
3271 703
3272 703
3273 703
3274 703
3275 703
3276 703
3277 703
3278 1309
3279 373
3280 1309
3281 1309
3282 1309
3283 1309
3284 1309
3285 373
3286 373
3287 835
3288 835
3289 835
3290 835
3291 1451
3292 274
3293 274
3294 903
3295 903
3296 903
3297 903
3298 903
3299 903
3300 903
3301 903
3302 903
3303 903
3304 390
3305 390
3306 390
3307 390
3308 390
3309 390
3310 390
3311 459
3312 459
3313 459
3314 459
3315 459
3316 459
3317 459
3318 459
3319 459
3320 1145
3321 1145
3322 1145
3323 1145
3324 1145
3325 1145
3326 1145
3327 1145
3328 1145
3329 1145
3330 1145
3331 1145
3332 1074
3333 926
3334 1074
3335 559
3336 967
3337 1074
3338 1074
3339 568
3340 568
3341 568
3342 568
3343 568
3344 568
3345 568
3346 568
3347 296
3348 296
3349 296
3350 296
3351 1277
3352 648
3353 945
3354 1277
3355 1277
3356 1277
3357 1277
3358 1277
3359 1277
3360 1277
3361 1277
3362 1277
3363 590
3364 1051
3365 590
3366 1051
3367 1051
3368 590
3369 590
3370 590
3371 1051
3372 1051
3373 542
3374 542
3375 542
3376 355
3377 542
3378 542
3379 542
3380 542
3381 296
3382 296
3383 296
3384 345
3385 345
3386 345
3387 345
3388 345
3389 926
3390 926
3391 926
3392 926
3393 926
3394 926
3395 926
3396 926
3397 926
3398 891
3399 1483
3400 405
3401 1483
3402 1483
3403 1483
3404 1483
3405 1483
3406 460
3407 1091
3408 460
3409 460
3410 460
3411 1303
3412 450
3413 450
3414 450
3415 450
3416 897
3417 897
3418 897
3419 897
3420 897
3421 897
3422 455
3423 455
3424 455
3425 455
3426 455
3427 455
3428 455
3429 1271
3430 365
3431 1271
3432 1271
3433 1271
3434 1271
3435 1271
3436 1271
3437 1271
3438 1271
3439 327
3440 509
3441 327
3442 509
3443 327
3444 509
3445 509
3446 327
3447 327
3448 994
3449 994
3450 994
3451 994
3452 1060
3453 994
3454 994
3455 1476
3456 1476
3457 1035
3458 1035
3459 1035
3460 1050
3461 1035
3462 1035
3463 1035
3464 1035
3465 1050
3466 1035
3467 1035
3468 1050
3469 1050
3470 406
3471 406
3472 406
3473 406
3474 406
3475 406
3476 406
3477 406
3478 406
3479 406
3480 406
3481 406
3482 1024
3483 1024
3484 1024
3485 1024
3486 1024
3487 1024
3488 1383
3489 1024
3490 1024
3491 1024
3492 272
3493 272
3494 272
3495 272
3496 272
3497 272
3498 272
3499 272
3500 272
3501 272
3502 371
3503 371
3504 371
3505 371
3506 371
3507 371
3508 371
3509 371
3510 371
3511 371
3512 326
3513 326
3514 326
3515 326
3516 535
3517 535
3518 535
3519 535
3520 535
3521 535
3522 535
3523 535
3524 515
3525 515
3526 515
3527 515
3528 515
3529 515
3530 515
3531 515
3532 515
3533 1057
3534 1034
3535 1034
3536 1057
3537 1057
3538 1057
3539 1057
3540 945
3541 1057
3542 1057
3543 1057
3544 1057
3545 751
3546 927
3547 751
3548 927
3549 927
3550 927
3551 927
3552 927
3553 927
3554 927
3555 927
3556 927
3557 927
3558 927
3559 927
3560 751
3561 751
3562 751
3563 751
3564 751
3565 751
3566 751
3567 751
3568 1339
3569 1339
3570 1339
3571 1339
3572 1355
3573 1355
3574 1355
3575 1355
3576 1103
3577 1103
3578 1103
3579 1103
3580 1103
3581 1103
3582 1103
3583 1103
3584 1103
3585 1103
3586 1103
3587 1103
3588 1103
3589 1103
3590 1103
3591 1103
3592 1103
3593 503
3594 503
3595 387
3596 503
3597 503
3598 503
3599 503
3600 503
3601 503
3602 503
3603 503
3604 405
3605 405
3606 405
3607 405
3608 405
3609 990
3610 990
3611 990
3612 990
3613 990
3614 990
3615 990
3616 337
3617 337
3618 337
3619 1047
3620 877
3621 877
3622 877
3623 877
3624 877
3625 877
3626 877
3627 877
3628 877
3629 877
3630 877
3631 877
3632 877
3633 877
3634 877
3635 877
3636 877
3637 245
3638 245
3639 245
3640 245
3641 245
3642 245
3643 944
3644 944
3645 944
3646 944
3647 944
3648 1226
3649 1226
3650 1226
3651 1226
3652 1226
3653 1226
3654 1226
3655 1226
3656 1226
3657 1226
3658 1226
3659 1226
3660 1226
3661 1226
3662 1226
3663 1226
3664 1226
3665 628
3666 628
3667 628
3668 628
3669 628
3670 348
3671 311
3672 311
3673 311
3674 311
3675 311
3676 384
3677 384
3678 384
3679 384
3680 384
3681 386
3682 386
3683 386
3684 386
3685 1292
3686 554
3687 1292
3688 1292
3689 1292
3690 1292
3691 1292
3692 893
3693 893
3694 893
3695 290
3696 787
3697 903
3698 903
3699 903
3700 199
3701 199
3702 199
3703 199
3704 199
3705 199
3706 199
3707 199
3708 199
3709 199
3710 199
3711 199
3712 199
3713 199
3714 199
3715 1327
3716 1303
3717 1303
3718 1303
3719 1303
3720 1303
3721 346
3722 346
3723 346
3724 346
3725 346
3726 346
3727 443
3728 443
3729 443
3730 443
3731 443
3732 443
3733 443
3734 9
3735 9
3736 1413
3737 9
3738 9
3739 9
3740 9
3741 1443
3742 591
3743 591
3744 1443
3745 591
3746 591
3747 41
3748 41
3749 41
3750 41
3751 761
3752 761
3753 761
3754 761
3755 761
3756 1182
3757 818
3758 818
3759 1182
3760 818
3761 818
3762 818
3763 893
3764 893
3765 1482
3766 893
3767 893
3768 893
3769 893
3770 893
3771 893
3772 893
3773 1030
3774 250
3775 250
3776 250
3777 250
3778 250
3779 250
3780 250
3781 72
3782 72
3783 72
3784 72
3785 72
3786 72
3787 72
3788 72
3789 2
3790 2
3791 178
3792 178
3793 178
3794 309
3795 178
3796 309
3797 178
3798 178
3799 178
3800 178
3801 178
3802 178
3803 1180
3804 1303
3805 1194
3806 1303
3807 51
3808 51
3809 51
3810 51
3811 51
3812 51
3813 51
3814 1337
3815 1337
3816 1337
3817 1337
3818 2
3819 778
3820 778
3821 778
3822 778
3823 778
3824 778
3825 778
3826 778
3827 778
3828 778
3829 779
3830 779
3831 779
3832 779
3833 779
3834 779
3835 779
3836 251
3837 251
3838 251
3839 251
3840 251
3841 251
3842 59
3843 1241
3844 193
3845 1241
3846 1241
3847 1241
3848 1241
3849 1241
3850 1241
3851 63
3852 495
3853 495
3854 63
3855 495
3856 495
3857 495
3858 63
3859 785
3860 495
3861 63
3862 495
3863 495
3864 495
3865 495
3866 785
3867 785
3868 495
3869 63
3870 495
3871 495
3872 63
3873 63
3874 495
3875 495
3876 63
3877 1453
3878 1453
3879 1453
3880 1453
3881 1453
3882 1453
3883 1453
3884 1453
3885 1453
3886 1453
3887 1407
3888 28
3889 28
3890 28
3891 28
3892 28
3893 28
3894 28
3895 28
3896 28
3897 28
3898 28
3899 28
3900 28
3901 28
3902 28
3903 448
3904 448
3905 448
3906 448
3907 448
3908 448
3909 448
3910 448
3911 1347
3912 1347
3913 30
3914 853
3915 853
3916 853
3917 853
3918 853
3919 282
3920 282
3921 282
3922 1116
3923 1116
3924 282
3925 282
3926 282
3927 282
3928 282
3929 282
3930 282
3931 282
3932 282
3933 282
3934 282
3935 282
3936 1074
3937 1073
3938 1074
3939 1074
3940 1074
3941 1074
3942 1074
3943 765
3944 765
3945 765
3946 765
3947 765
3948 765
3949 765
3950 765
3951 765
3952 765
3953 765
3954 765
3955 765
3956 765
3957 765
3958 765
3959 471
3960 1066
3961 1066
3962 1066
3963 1066
3964 1066
3965 978
3966 1333
3967 1333
3968 48
3969 48
3970 48
3971 48
3972 48
3973 48
3974 47
3975 47
3976 47
3977 47
3978 47
3979 47
3980 47
3981 814
3982 650
3983 650
3984 650
3985 650
3986 650
3987 650
3988 297
3989 297
3990 297
3991 297
3992 297
3993 787
3994 297
3995 787
3996 297
3997 297
3998 297
3999 297
4000 787
4001 787
4002 787
4003 86
4004 748
4005 748
4006 748
4007 748
4008 748
4009 748
4010 748
4011 1482
4012 1482
4013 1482
4014 1482
4015 1482
4016 1482
4017 1482
4018 1156
4019 1156
4020 1156
4021 1156
4022 1156
4023 960
4024 960
4025 960
4026 960
4027 960
4028 472
4029 837
4030 837
4031 837
4032 837
4033 837
4034 1352
4035 1352
4036 1352
4037 684
4038 684
4039 684
4040 684
4041 684
4042 684
4043 684
4044 684
4045 176
4046 176
4047 1234
4048 1062
4049 1062
4050 1062
4051 1062
4052 1062
4053 1062
4054 1062
4055 1062
4056 1062
4057 1039
4058 389
4059 1039
4060 1039
4061 1039
4062 1039
4063 1039
4064 1039
4065 1307
4066 1307
4067 1307
4068 1307
4069 977
4070 977
4071 977
4072 977
4073 977
4074 977
4075 977
4076 977
4077 446
4078 446
4079 446
4080 83
4081 83
4082 83
4083 83
4084 83
4085 83
4086 1098
4087 535
4088 535
4089 535
4090 535
4091 1307
4092 1307
4093 1307
4094 1307
4095 1307
4096 1307
4097 1307
4098 1307
4099 1307
4100 1307
4101 1307
4102 1307
4103 1307
4104 1307
4105 1307
4106 1307
4107 1307
4108 1307
4109 1307
4110 1307
4111 1307
4112 1307
4113 1307
4114 1307
4115 176
4116 176
4117 545
4118 701
4119 545
4120 545
4121 545
4122 545
4123 545
4124 322
4125 545
4126 545
4127 545
4128 545
4129 545
4130 1170
4131 1170
4132 1170
4133 192
4134 192
4135 192
4136 192
4137 192
4138 192
4139 192
4140 25
4141 25
4142 25
4143 25
4144 25
4145 25
4146 25
4147 25
4148 25
4149 25
4150 25
4151 628
4152 905
4153 628
4154 628
4155 628
4156 628
4157 628
4158 82
4159 905
4160 905
4161 905
4162 905
4163 905
4164 905
4165 99
4166 99
4167 99
4168 99
4169 691
4170 99
4171 99
4172 99
4173 99
4174 99
4175 558
4176 785
4177 558
4178 558
4179 558
4180 558
4181 558
4182 558
4183 558
4184 558
4185 785
4186 785
4187 785
4188 785
4189 667
4190 667
4191 667
4192 321
4193 667
4194 667
4195 667
4196 667
4197 667
4198 667
4199 667
4200 667
4201 667
4202 785
4203 785
4204 785
4205 785
4206 785
4207 785
4208 785
4209 785
4210 785
4211 785
4212 785
4213 785
4214 785
4215 341
4216 785
4217 785
4218 785
4219 785
4220 785
4221 785
4222 785
4223 785
4224 785
4225 382
4226 1283
4227 1283
4228 1283
4229 1283
4230 1283
4231 1283
4232 1283
4233 1283
4234 1283
4235 849
4236 1198
4237 1198
4238 1198
4239 1141
4240 1141
4241 1141
4242 1141
4243 1141
4244 1141
4245 1141
4246 1141
4247 1141
4248 1141
4249 160
4250 160
4251 1273
4252 160
4253 160
4254 160
4255 160
4256 160
4257 160
4258 8
4259 8
4260 8
4261 8
4262 8
4263 8
4264 8
4265 8
4266 8
4267 8
4268 8
4269 1098
4270 1098
4271 1098
4272 1098
4273 1098
4274 1471
4275 1014
4276 1471
4277 1471
4278 1471
4279 1471
4280 1471
4281 1471
4282 1471
4283 1471
4284 1109
4285 362
4286 1109
4287 1109
4288 1109
4289 1029
4290 1029
4291 1029
4292 1029
4293 1029
4294 1029
4295 1029
4296 1029
4297 1152
4298 775
4299 876
4300 523
4301 523
4302 523
4303 377
4304 377
4305 377
4306 377
4307 557
4308 377
4309 377
4310 377
4311 377
4312 377
4313 377
4314 377
4315 377
4316 377
4317 377
4318 377
4319 461
4320 461
4321 461
4322 461
4323 461
4324 461
4325 461
4326 961
4327 395
4328 961
4329 961
4330 961
4331 961
4332 961
4333 961
4334 1036
4335 1036
4336 1036
4337 1036
4338 1036
4339 1036
4340 1036
4341 1
4342 1
4343 785
4344 1
4345 1
4346 1
4347 1
4348 587
4349 710
4350 207
4351 587
4352 587
4353 587
4354 587
4355 587
4356 587
4357 436
4358 436
4359 436
4360 436
4361 436
4362 436
4363 436
4364 436
4365 1366
4366 1366
4367 1366
4368 382
4369 1366
4370 1366
4371 1366
4372 1366
4373 1366
4374 1366
4375 1486
4376 1486
4377 1486
4378 1486
4379 1175
4380 1098
4381 223
4382 726
4383 1098
4384 1098
4385 1098
4386 1003
4387 1003
4388 34
4389 34
4390 34
4391 502
4392 204
4393 502
4394 502
4395 502
4396 502
4397 502
4398 502
4399 502
4400 204
4401 204
4402 204
4403 204
4404 1423
4405 1423
4406 1423
4407 553
4408 553
4409 553
4410 553
4411 1237
4412 1237
4413 1237
4414 1237
4415 1237
4416 1237
4417 1321
4418 978
4419 978
4420 978
4421 978
4422 978
4423 978
4424 1321
4425 1321
4426 1321
4427 1321
4428 1321
4429 1321
4430 1321
4431 345
4432 99
4433 422
4434 422
4435 422
4436 491
4437 906
4438 491
4439 99
4440 491
4441 99
4442 99
4443 491
4444 491
4445 491
4446 491
4447 491
4448 422
4449 422
4450 422
4451 355
4452 355
4453 398
4454 355
4455 355
4456 355
4457 355
4458 355
4459 1407
4460 1441
4461 1407
4462 1407
4463 1407
4464 1407
4465 1407
4466 1407
4467 1407
4468 1117
4469 1117
4470 1117
4471 1117
4472 1117
4473 1117
4474 1117
4475 1117
4476 1117
4477 1117
4478 1117
4479 607
4480 607
4481 1232
4482 1232
4483 450
4484 1232
4485 1232
4486 1232
4487 1232
4488 1232
4489 1232
4490 450
4491 1303
4492 491
4493 1452
4494 340
4495 340
4496 340
4497 340
4498 1452
4499 1452
4500 1452
4501 975
4502 975
4503 975
4504 975
4505 92
4506 92
4507 92
4508 92
4509 92
4510 92
4511 92
4512 1032
4513 1032
4514 1032
4515 1032
4516 1032
4517 1032
4518 1032
4519 1032
4520 1032
4521 1032
4522 723
4523 723
4524 723
4525 1085
4526 1085
4527 1085
4528 1273
4529 1273
4530 489
4531 239
4532 785
4533 1470
4534 1470
4535 1470
4536 1470
4537 1470
4538 1470
4539 785
4540 785
4541 785
4542 785
4543 785
4544 785
4545 785
4546 785
4547 785
4548 785
4549 1498
4550 1498
4551 1498
4552 1498
4553 1498
4554 1155
4555 1155
4556 1155
4557 1155
4558 382
4559 382
4560 382
4561 382
4562 382
4563 382
4564 1293
4565 1293
4566 1293
4567 1293
4568 1293
4569 1293
4570 1293
4571 1293
4572 1293
4573 1196
4574 1196
4575 1196
4576 1196
4577 1196
4578 1196
4579 420
4580 420
4581 420
4582 420
4583 420
4584 420
4585 1069
4586 1069
4587 1069
4588 1069
4589 1069
4590 214
4591 214
4592 214
4593 214
4594 214
4595 214
4596 214
4597 214
4598 214
4599 214
4600 214
4601 214
4602 214
4603 953
4604 953
4605 953
4606 1423
4607 130
4608 130
4609 130
4610 130
4611 130
4612 130
4613 130
4614 130
4615 130
4616 130
4617 130
4618 130
4619 130
4620 130
4621 426
4622 60
4623 60
4624 60
4625 60
4626 60
4627 259
4628 930
4629 930
4630 930
4631 930
4632 930
4633 930
4634 424
4635 312
4636 424
4637 424
4638 424
4639 424
4640 1068
4641 1068
4642 1068
4643 1068
4644 1068
4645 1068
4646 914
4647 914
4648 350
4649 350
4650 968
4651 1098
4652 350
4653 350
4654 350
4655 345
4656 345
4657 345
4658 1293
4659 1293
4660 1293
4661 1293
4662 1066
4663 1066
4664 941
4665 941
4666 941
4667 941
4668 941
4669 1243
4670 941
4671 965
4672 965
4673 965
4674 965
4675 965
4676 965
4677 91
4678 785
4679 785
4680 785
4681 111
4682 2
4683 111
4684 111
4685 111
4686 111
4687 111
4688 701
4689 701
4690 701
4691 701
4692 701
4693 701
4694 101
4695 101
4696 101
4697 101
4698 101
4699 101
4700 101
4701 101
4702 101
4703 101
4704 769
4705 309
4706 309
4707 309
4708 309
4709 309
4710 1098
4711 1098
4712 1098
4713 975
4714 1381
4715 1381
4716 1381
4717 1381
4718 1381
4719 1381
4720 1381
4721 1381
4722 469
4723 469
4724 469
4725 469
4726 469
4727 469
4728 469
4729 469
4730 469
4731 502
4732 1237
4733 1237
4734 502
4735 502
4736 502
4737 726
4738 726
4739 726
4740 79
4741 79
4742 79
4743 79
4744 79
4745 713
4746 713
4747 713
4748 713
4749 232
4750 232
4751 232
4752 232
4753 232
4754 678
4755 678
4756 678
4757 678
4758 678
4759 678
4760 617
4761 617
4762 617
4763 617
4764 617
4765 617
4766 617
4767 617
4768 1492
4769 1492
4770 785
4771 1492
4772 1492
4773 1492
4774 1492
4775 1492
4776 1492
4777 1374
4778 1374
4779 1374
4780 1374
4781 1374
4782 1374
4783 1374
4784 1093
4785 1093
4786 1093
4787 1093
4788 1093
4789 508
4790 508
4791 508
4792 508
4793 508
4794 1131
4795 692
4796 692
4797 1131
4798 1131
4799 62
4800 62
4801 62
4802 62
4803 1156
4804 153
4805 153
4806 153
4807 153
4808 153
4809 374
4810 374
4811 870
4812 483
4813 374
4814 227
4815 227
4816 227
4817 227
4818 227
4819 227
4820 227
4821 227
4822 227
4823 580
4824 580
4825 580
4826 1405
4827 1405
4828 1405
4829 1405
4830 1405
4831 1405
4832 1405
4833 1405
4834 1405
4835 1405
4836 1405
4837 223
4838 223
4839 223
4840 223
4841 223
4842 223
4843 223
4844 785
4845 785
4846 785
4847 785
4848 1428
4849 1428
4850 1428
4851 1428
4852 1428
4853 1428
4854 597
4855 1428
4856 1428
4857 1428
4858 1428
4859 34
4860 34
4861 34
4862 34
4863 34
4864 34
4865 34
4866 34
4867 710
4868 710
4869 710
4870 710
4871 710
4872 310
4873 310
4874 310
4875 310
4876 310
4877 310
4878 310
4879 501
4880 501
4881 501
4882 501
4883 501
4884 608
4885 608
4886 608
4887 608
4888 608
4889 116
4890 116
4891 116
4892 116
4893 116
4894 116
4895 116
4896 1290
4897 648
4898 648
4899 648
4900 648
4901 648
4902 648
4903 648
4904 648
4905 103
4906 103
4907 263
4908 263
4909 263
4910 263
4911 263
4912 263
4913 263
4914 263
4915 263
4916 1175
4917 1175
4918 1175
4919 1175
4920 1175
4921 321
4922 389
4923 321
4924 321
4925 321
4926 321
4927 321
4928 321
4929 321
4930 321
4931 321
4932 321
4933 321
4934 321
4935 321
4936 321
4937 321
4938 321
4939 321
4940 1014
4941 1014
4942 1014
4943 1014
4944 1363
4945 1363
4946 1363
4947 1363
4948 903
4949 903
4950 903
4951 903
4952 903
4953 903
4954 903
4955 903
4956 824
4957 824
4958 824
4959 824
4960 824
4961 824
4962 824
4963 824
4964 824
4965 824
4966 824
4967 824
4968 824
4969 1034
4970 1034
4971 1034
4972 1034
4973 828
4974 828
4975 828
4976 828
4977 828
4978 828
4979 828
4980 828
4981 828
4982 828
4983 202
4984 202
4985 202
4986 202
4987 202
4988 202
4989 202
4990 202
4991 1181
4992 1181
4993 1181
4994 1181
4995 1181
4996 967
4997 967
4998 967
4999 967
5000 1180
5001 10
5002 967
5003 967
5004 967
5005 330
5006 330
5007 330
5008 1196
5009 1196
5010 1196
5011 1196
5012 365
5013 365
5014 365
5015 365
5016 365
5017 365
5018 608
5019 99
5020 1498
5021 1498
5022 1498
5023 1498
5024 1498
5025 1498
5026 153
5027 153
5028 153
5029 153
5030 652
5031 652
5032 26
5033 652
5034 652
5035 652
5036 652
5037 652
5038 652
5039 652
5040 652
5041 652
5042 421
5043 1279
5044 1279
5045 1279
5046 1279
5047 1279
5048 1279
5049 1279
5050 1279
5051 1279
5052 1279
5053 1279
5054 1279
5055 1279
5056 1279
5057 1279
5058 1279
5059 1279
5060 765
5061 765
5062 765
5063 765
5064 1497
5065 765
5066 765
5067 765
5068 765
5069 765
5070 765
5071 765
5072 1345
5073 1345
5074 1345
5075 1345
5076 1345
5077 1345
5078 113
5079 113
5080 113
5081 113
5082 113
5083 113
5084 113
5085 113
5086 113
5087 113
5088 113
5089 215
5090 212
5091 212
5092 212
5093 212
5094 212
5095 1102
5096 1102
5097 1102
5098 1102
5099 1451
5100 1451
5101 1451
5102 1451
5103 1451
5104 1098
5105 1098
5106 1098
5107 1098
5108 1098
5109 755
5110 755
5111 755
5112 755
5113 755
5114 755
5115 1104
5116 1104
5117 1104
5118 1104
5119 1104
5120 1104
5121 1104
5122 1104
5123 1104
5124 1104
5125 1104
5126 1104
5127 1323
5128 668
5129 1438
5130 34
5131 34
5132 34
5133 34
5134 34
5135 1444
5136 1444
5137 1444
5138 373
5139 1301
5140 373
5141 688
5142 688
5143 688
5144 688
5145 688
5146 688
5147 688
5148 1065
5149 1065
5150 1065
5151 1065
5152 1065
5153 1065
5154 1065
5155 1065
5156 1065
5157 1065
5158 1065
5159 1065
5160 1065
5161 1065
5162 1065
5163 1066
5164 1066
5165 1066
5166 1066
5167 1066
5168 363
5169 1456
5170 1456
5171 1456
5172 1456
5173 1456
5174 1456
5175 1456
5176 327
5177 327
5178 1459
5179 1459
5180 1459
5181 1459
5182 1459
5183 1459
5184 991
5185 1045
5186 759
5187 1045
5188 1045
5189 759
5190 759
5191 759
5192 759
5193 759
5194 1249
5195 1249
5196 1249
5197 1249
5198 1249
5199 1249
5200 1249
5201 1262
5202 1262
5203 1262
5204 1262
5205 1262
5206 1262
5207 30
5208 993
5209 993
5210 993
5211 993
5212 993
5213 238
5214 238
5215 238
5216 238
5217 238
5218 238
5219 238
5220 238
5221 80
5222 80
5223 30
5224 80
5225 80
5226 80
5227 80
5228 80
5229 472
5230 472
5231 1217
5232 472
5233 472
5234 472
5235 472
5236 472
5237 785
5238 785
5239 785
5240 785
5241 785
5242 785
5243 785
5244 785
5245 785
5246 785
5247 682
5248 701
5249 701
5250 701
5251 701
5252 926
5253 926
5254 1042
5255 1042
5256 1042
5257 5
5258 5
5259 5
5260 731
5261 5
5262 5
5263 5
5264 5
5265 5
5266 1319
5267 181
5268 540
5269 181
5270 181
5271 181
5272 181
5273 181
5274 181
5275 181
5276 8
5277 8
5278 8
5279 8
5280 8
5281 8
5282 8
5283 8
5284 8
5285 1412
5286 1412
5287 1412
5288 1412
5289 1412
5290 1412
5291 1412
5292 1412
5293 1412
5294 1412
5295 1412
5296 1412
5297 1412
5298 1412
5299 1412
5300 1412
5301 1067
5302 1067
5303 1067
5304 1067
5305 1067
5306 1067
5307 1067
5308 1067
5309 1152
5310 1152
5311 1152
5312 1152
5313 1152
5314 1152
5315 1152
5316 450
5317 450
5318 450
5319 450
5320 579
5321 579
5322 579
5323 579
5324 579
5325 579
5326 903
5327 921
5328 342
5329 342
5330 277
5331 277
5332 277
5333 835
5334 835
5335 835
5336 115
5337 115
5338 740
5339 115
5340 115
5341 115
5342 115
5343 37
5344 37
5345 37
5346 37
5347 37
5348 395
5349 395
5350 395
5351 395
5352 395
5353 395
5354 395
5355 395
5356 395
5357 395
5358 395
5359 395
5360 395
5361 395
5362 395
5363 395
5364 395
5365 1414
5366 1414
5367 1414
5368 1414
5369 1414
5370 1414
5371 1414
5372 1414
5373 1414
5374 1072
5375 1072
5376 1072
5377 1072
5378 1072
5379 153
5380 153
5381 570
5382 291
5383 39
5384 291
5385 291
5386 450
5387 1303
5388 450
5389 1303
5390 801
5391 801
5392 801
5393 801
5394 801
5395 801
5396 810
5397 179
5398 179
5399 179
5400 179
5401 1303
5402 1303
5403 1098
5404 1098
5405 1193
5406 1193
5407 1193
5408 1193
5409 1193
5410 1193
5411 1193
5412 1193
5413 1193
5414 1193
5415 1
5416 925
5417 1
5418 1
5419 1
5420 1
5421 1
5422 925
5423 925
5424 925
5425 1216
5426 1216
5427 1216
5428 1216
5429 1216
5430 1216
5431 1216
5432 837
5433 1393
5434 1393
5435 1393
5436 1393
5437 1393
5438 1393
5439 1393
5440 823
5441 823
5442 823
5443 823
5444 823
5445 840
5446 840
5447 840
5448 840
5449 840
5450 840
5451 895
5452 668
5453 668
5454 668
5455 668
5456 668
5457 668
5458 668
5459 668
5460 1372
5461 1372
5462 1372
5463 471
5464 471
5465 471
5466 471
5467 471
5468 471
5469 978
5470 978
5471 978
5472 1302
5473 1302
5474 1302
5475 1302
5476 1302
5477 1302
5478 639
5479 639
5480 639
5481 639
5482 639
5483 639
5484 639
5485 639
5486 639
5487 1372
5488 1372
5489 1372
5490 1372
5491 1372
5492 1372
5493 1372
5494 1372
5495 1372
5496 1372
5497 1372
5498 1372
5499 1372
5500 1372
5501 578
5502 578
5503 578
5504 578
5505 578
5506 578
5507 578
5508 326
5509 1250
5510 1250
5511 1250
5512 1250
5513 1250
5514 1250
5515 1250
5516 1250
5517 1250
5518 1250
5519 1249
5520 1249
5521 608
5522 608
5523 608
5524 608
5525 798
5526 798
5527 798
5528 798
5529 798
5530 798
5531 1332
5532 1332
5533 1332
5534 1332
5535 1332
5536 1332
5537 1127
5538 1127
5539 1127
5540 1127
5541 1127
5542 1127
5543 1127
5544 1127
5545 1127
5546 1127
5547 1127
5548 1127
5549 1098
5550 1011
5551 765
5552 1098
5553 828
5554 828
5555 828
5556 828
5557 828
5558 69
5559 1303
5560 112
5561 112
5562 1081
5563 400
5564 1081
5565 1081
5566 1081
5567 1081
5568 1081
5569 1081
5570 1081
5571 1081
5572 1303
5573 529
5574 529
5575 1303
5576 1193
5577 1193
5578 1193
5579 1193
5580 1193
5581 1193
5582 1402
5583 670
5584 1402
5585 1402
5586 1438
5587 1438
5588 1438
5589 773
5590 1438
5591 1438
5592 1438
5593 1438
5594 1438
5595 1438
5596 1438
5597 1438
5598 1438
5599 1438
5600 1481
5601 1481
5602 1481
5603 1481
5604 1481
5605 1481
5606 1481
5607 1481
5608 1481
5609 1481
5610 1130
5611 1130
5612 1130
5613 1130
5614 1130
5615 1130
5616 1130
5617 1130
5618 1339
5619 1237
5620 1237
5621 1237
5622 1237
5623 1237
5624 1237
5625 1237
5626 1237
5627 1237
5628 200
5629 1098
5630 1098
5631 1098
5632 1098
5633 1098
5634 1098
5635 1098
5636 1098
5637 1098
5638 1098
5639 1098
5640 1098
5641 1098
5642 1098
5643 1098
5644 1098
5645 1098
5646 1098
5647 1098
5648 1098
5649 1098
5650 1098
5651 835
5652 835
5653 835
5654 400
5655 400
5656 1330
5657 400
5658 400
5659 400
5660 400
5661 400
5662 400
5663 400
5664 400
5665 400
5666 400
5667 400
5668 667
5669 667
5670 667
5671 667
5672 667
5673 788
5674 788
5675 524
5676 524
5677 788
5678 788
5679 788
5680 788
5681 788
5682 30
5683 30
5684 30
5685 30
5686 30
5687 30
5688 30
5689 30
5690 30
5691 30
5692 30
5693 1441
5694 1441
5695 1098
5696 1098
5697 1098
5698 1209
5699 1209
5700 1209
5701 1209
5702 1209
5703 1209
5704 91
5705 91
5706 91
5707 232
5708 232
5709 232
5710 232
5711 232
5712 1303
5713 1303
5714 903
5715 1303
5716 1303
5717 1303
5718 1303
5719 1340
5720 1340
5721 1340
5722 389
5723 389
5724 389
5725 389
5726 389
5727 389
5728 389
5729 1199
5730 1199
5731 1199
5732 1199
5733 1199
5734 1199
5735 1199
5736 53
5737 53
5738 53
5739 53
5740 53
5741 53
5742 53
5743 500
5744 500
5745 868
5746 727
5747 727
5748 868
5749 868
5750 868
5751 1394
5752 666
5753 765
5754 666
5755 666
5756 666
5757 666
5758 666
5759 666
5760 1002
5761 1002
5762 1002
5763 1002
5764 1002
5765 1237
5766 389
5767 389
5768 389
5769 389
5770 1098
5771 1098
5772 601
5773 1372
5774 601
5775 601
5776 601
5777 601
5778 601
5779 601
5780 601
5781 191
5782 191
5783 191
5784 191
5785 1397
5786 1397
5787 1397
5788 1397
5789 1397
5790 1397
5791 1397
5792 1397
5793 1397
5794 1397
5795 1380
5796 1380
5797 1380
5798 1380
5799 636
5800 1380
5801 1445
5802 1445
5803 1445
5804 1445
5805 1445
5806 1445
5807 1445
5808 1445
5809 1445
5810 1011
5811 1011
5812 1011
5813 1011
5814 253
5815 253
5816 253
5817 253
5818 253
5819 253
5820 253
5821 253
5822 253
5823 253
5824 253
5825 253
5826 400
5827 1303
5828 400
5829 785
5830 785
5831 785
5832 102
5833 1257
5834 177
5835 1257
5836 1257
5837 177
5838 1201
5839 216
5840 69
5841 1303
5842 1303
5843 815
5844 69
5845 1303
5846 216
5847 69
5848 1303
5849 216
5850 69
5851 216
5852 815
5853 738
5854 720
5855 738
5856 955
5857 720
5858 738
5859 738
5860 738
5861 738
5862 955
5863 1290
5864 1290
5865 1290
5866 1290
5867 1290
5868 765
5869 765
5870 765
5871 765
5872 765
5873 765
5874 765
5875 765
5876 765
5877 765
5878 765
5879 765
5880 315
5881 315
5882 315
5883 315
5884 315
5885 315
5886 315
5887 874
5888 1303
5889 1303
5890 1303
5891 1303
5892 1303
5893 1303
5894 1467
5895 1467
5896 1467
5897 1467
5898 1467
5899 1467
5900 293
5901 293
5902 293
5903 293
5904 293
5905 293
5906 293
5907 293
5908 293
5909 486
5910 103
5911 1443
5912 103
5913 103
5914 103
5915 103
5916 103
5917 103
5918 103
5919 103
5920 103
5921 103
5922 103
5923 103
5924 103
5925 103
5926 103
5927 103
5928 103
5929 103
5930 103
5931 103
5932 103
5933 103
5934 231
5935 231
5936 231
5937 231
5938 231
5939 231
5940 231
5941 231
5942 231
5943 387
5944 387
5945 387
5946 1165
5947 1486
5948 1486
5949 1102
5950 1102
5951 1102
5952 1102
5953 1102
5954 1102
5955 1102
5956 1102
5957 1102
5958 1102
5959 1102
5960 1102
5961 1102
5962 1102
5963 1102
5964 1102
5965 1102
5966 1102
5967 252
5968 252
5969 252
5970 252
5971 252
5972 835
5973 835
5974 835
5975 835
5976 179
5977 179
5978 179
5979 179
5980 179
5981 1455
5982 1455
5983 1455
5984 691
5985 691
5986 691
5987 691
5988 691
5989 691
5990 823
5991 823
5992 42
5993 42
5994 42
5995 710
5996 765
5997 765
5998 861
5999 861
6000 861
6001 861
6002 1359
6003 1359
6004 1359
6005 1359
6006 1359
6007 1359
6008 1359
6009 1359
6010 1359
6011 1085
6012 1085
6013 1085
6014 1085
6015 1085
6016 1085
6017 1085
6018 259
6019 259
6020 259
6021 259
6022 259
6023 259
6024 259
6025 259
6026 259
6027 259
6028 259
6029 259
6030 259
6031 259
6032 259
6033 290
6034 1282
6035 1114
6036 1282
6037 1282
6038 290
6039 290
6040 290
6041 290
6042 290
6043 1114
6044 1114
6045 290
6046 290
6047 1114
6048 290
6049 1114
6050 1282
6051 539
6052 539
6053 539
6054 539
6055 539
6056 539
6057 539
6058 539
6059 539
6060 539
6061 308
6062 308
6063 6
6064 308
6065 308
6066 308
6067 6
6068 6
6069 6
6070 6
6071 6
6072 6
6073 716
6074 200
6075 200
6076 200
6077 200
6078 200
6079 200
6080 200
6081 1415
6082 1415
6083 1415
6084 1415
6085 1415
6086 1415
6087 1415
6088 1415
6089 1415
6090 1415
6091 1415
6092 1415
6093 1415
6094 722
6095 722
6096 722
6097 722
6098 722
6099 722
6100 722
6101 382
6102 382
6103 382
6104 159
6105 723
6106 723
6107 723
6108 723
6109 723
6110 597
6111 597
6112 1122
6113 1122
6114 1122
6115 1122
6116 1122
6117 1122
6118 1122
6119 1122
6120 1122
6121 1122
6122 1122
6123 286
6124 559
6125 559
6126 559
6127 559
6128 824
6129 824
6130 785
6131 785
6132 785
6133 1303
6134 1303
6135 1303
6136 1303
6137 1303
6138 362
6139 362
6140 362
6141 362
6142 362
6143 362
6144 362
6145 362
6146 41
6147 41
6148 41
6149 1378
6150 974
6151 1185
6152 1185
6153 1185
6154 1185
6155 1185
6156 1185
6157 1185
6158 1185
6159 1185
6160 1185
6161 1185
6162 1185
6163 536
6164 536
6165 536
6166 536
6167 536
6168 536
6169 591
6170 591
6171 591
6172 591
6173 591
6174 1443
6175 1484
6176 1484
6177 1484
6178 1484
6179 1484
6180 189
6181 870
6182 870
6183 870
6184 1035
6185 424
6186 424
6187 424
6188 424
6189 751
6190 751
6191 751
6192 751
6193 988
6194 988
6195 751
6196 302
6197 302
6198 302
6199 302
6200 164
6201 1249
6202 302
6203 302
6204 302
6205 553
6206 553
6207 553
6208 553
6209 1188
6210 596
6211 596
6212 596
6213 1457
6214 1457
6215 1457
6216 1457
6217 1457
6218 1457
6219 1457
6220 1457
6221 1457
6222 1457
6223 1457
6224 1457
6225 1303
6226 1303
6227 710
6228 1303
6229 1303
6230 1303
6231 1303
6232 1303
6233 1303
6234 1303
6235 1303
6236 1397
6237 765
6238 765
6239 765
6240 765
6241 765
6242 765
6243 765
6244 849
6245 849
6246 849
6247 56
6248 56
6249 56
6250 56
6251 56
6252 56
6253 1381
6254 1381
6255 1381
6256 1381
6257 363
6258 363
6259 363
6260 363
6261 363
6262 363
6263 363
6264 363
6265 363
6266 137
6267 82
6268 137
6269 137
6270 137
6271 137
6272 137
6273 137
6274 137
6275 1090
6276 1090
6277 1090
6278 1090
6279 1090
6280 1090
6281 1090
6282 1090
6283 1090
6284 695
6285 695
6286 1102
6287 1303
6288 1303
6289 1303
6290 1303
6291 1303
6292 1303
6293 1303
6294 1303
6295 1303
6296 878
6297 904
6298 904
6299 878
6300 878
6301 878
6302 878
6303 878
6304 904
6305 878
6306 904
6307 904
6308 521
6309 1400
6310 33
6311 33
6312 1400
6313 1400
6314 904
6315 904
6316 904
6317 904
6318 904
6319 1400
6320 529
6321 529
6322 529
6323 529
6324 933
6325 529
6326 1193
6327 1193
6328 529
6329 529
6330 1193
6331 1193
6332 529
6333 529
6334 1193
6335 584
6336 225
6337 225
6338 225
6339 1007
6340 1007
6341 1007
6342 1007
6343 1007
6344 269
6345 988
6346 988
6347 988
6348 679
6349 679
6350 679
6351 679
6352 679
6353 679
6354 808
6355 765
6356 808
6357 808
6358 808
6359 808
6360 808
6361 808
6362 808
6363 808
6364 808
6365 808
6366 1378
6367 1378
6368 1378
6369 1378
6370 1378
6371 835
6372 835
6373 835
6374 835
6375 675
6376 1148
6377 675
6378 675
6379 675
6380 675
6381 675
6382 1497
6383 765
6384 1497
6385 728
6386 765
6387 765
6388 1497
6389 1497
6390 1497
6391 1497
6392 1497
6393 443
6394 906
6395 906
6396 906
6397 906
6398 1047
6399 1047
6400 1047
6401 1047
6402 1047
6403 18
6404 18
6405 18
6406 651
6407 18
6408 18
6409 18
6410 651
6411 651
6412 651
6413 651
6414 566
6415 1443
6416 1443
6417 1443
6418 1443
6419 1443
6420 1443
6421 398
6422 398
6423 398
6424 926
6425 926
6426 926
6427 926
6428 926
6429 891
6430 891
6431 891
6432 891
6433 1185
6434 1185
6435 1185
6436 765
6437 765
6438 765
6439 765
6440 765
6441 765
6442 1303
6443 1303
6444 483
6445 1303
6446 1303
6447 1303
6448 557
6449 483
6450 1129
6451 483
6452 1303
6453 1303
6454 1303
6455 1303
6456 1303
6457 1303
6458 1186
6459 1186
6460 1186
6461 1186
6462 1186
6463 1186
6464 1186
6465 1186
6466 1186
6467 1186
6468 1186
6469 382
6470 382
6471 382
6472 785
6473 785
6474 319
6475 319
6476 319
6477 319
6478 319
6479 319
6480 319
6481 319
6482 319
6483 1170
6484 1170
6485 1170
6486 1170
6487 1170
6488 350
6489 350
6490 350
6491 350
6492 350
6493 350
6494 350
6495 350
6496 1237
6497 1237
6498 1237
6499 1237
6500 1237
6501 1237
6502 1237
6503 1237
6504 1237
6505 149
6506 814
6507 814
6508 547
6509 547
6510 547
6511 479
6512 42
6513 1300
6514 479
6515 479
6516 479
6517 479
6518 479
6519 468
6520 1402
6521 1402
6522 1402
6523 1402
6524 1402
6525 1402
6526 134
6527 1053
6528 1053
6529 1053
6530 1053
6531 1053
6532 1053
6533 1053
6534 364
6535 364
6536 364
6537 364
6538 364
6539 364
6540 741
6541 741
6542 741
6543 741
6544 741
6545 741
6546 741
6547 741
6548 741
6549 741
6550 741
6551 1327
6552 1327
6553 986
6554 296
6555 1303
6556 348
6557 899
6558 183
6559 183
6560 183
6561 183
6562 183
6563 183
6564 183
6565 183
6566 183
6567 921
6568 921
6569 921
6570 286
6571 921
6572 286
6573 921
6574 921
6575 921
6576 286
6577 286
6578 921
6579 286
6580 286
6581 286
6582 1454
6583 1172
6584 1454
6585 1454
6586 1454
6587 1454
6588 1454
6589 1454
6590 1136
6591 385
6592 1240
6593 785
6594 785
6595 464
6596 464
6597 464
6598 464
6599 464
6600 464
6601 464
6602 1128
6603 727
6604 727
6605 727
6606 727
6607 1353
6608 1353
6609 1353
6610 1353
6611 1353
6612 1353
6613 1353
6614 1353
6615 1353
6616 1353
6617 1353
6618 1353
6619 1353
6620 1353
6621 348
6622 348
6623 348
6624 348
6625 348
6626 398
6627 398
6628 1173
6629 1173
6630 1173
6631 1173
6632 1173
6633 565
6634 1173
6635 141
6636 141
6637 141
6638 141
6639 141
6640 141
6641 141
6642 141
6643 141
6644 701
6645 1303
6646 1303
6647 1300
6648 1300
6649 1300
6650 1300
6651 1300
6652 1300
6653 1300
6654 874
6655 874
6656 874
6657 874
6658 874
6659 1380
6660 1380
6661 1380
6662 1380
6663 1380
6664 1380
6665 1380
6666 565
6667 565
6668 565
6669 565
6670 565
6671 486
6672 317
6673 317
6674 317
6675 317
6676 1187
6677 1187
6678 922
6679 1187
6680 765
6681 765
6682 765
6683 765
6684 765
6685 753
6686 753
6687 753
6688 753
6689 753
6690 753
6691 1136
6692 1136
6693 1136
6694 1136
6695 1136
6696 1357
6697 1131
6698 1131
6699 1131
6700 1131
6701 692
6702 692
6703 692
6704 692
6705 1163
6706 1163
6707 1163
6708 1163
6709 1163
6710 155
6711 155
6712 1394
6713 1394
6714 155
6715 1394
6716 1394
6717 1394
6718 155
6719 766
6720 766
6721 766
6722 766
6723 766
6724 766
6725 766
6726 766
6727 766
6728 766
6729 766
6730 766
6731 536
6732 536
6733 536
6734 536
6735 536
6736 810
6737 810
6738 810
6739 810
6740 1203
6741 810
6742 810
6743 810
6744 810
6745 99
6746 1100
6747 99
6748 99
6749 99
6750 99
6751 99
6752 486
6753 316
6754 316
6755 316
6756 316
6757 316
6758 316
6759 316
6760 316
6761 731
6762 731
6763 731
6764 731
6765 731
6766 313
6767 313
6768 313
6769 313
6770 313
6771 313
6772 313
6773 313
6774 313
6775 1446
6776 1446
6777 1446
6778 1446
6779 1446
6780 1446
6781 317
6782 317
6783 159
6784 159
6785 159
6786 159
6787 159
6788 159
6789 547
6790 22
6791 547
6792 22
6793 22
6794 825
6795 825
6796 825
6797 825
6798 825
6799 825
6800 825
6801 825
6802 825
6803 825
6804 825
6805 825
6806 870
6807 870
6808 870
6809 801
6810 801
6811 801
6812 801
6813 801
6814 801
6815 801
6816 1286
6817 1286
6818 1286
6819 1286
6820 1286
6821 1286
6822 1286
6823 400
6824 896
6825 400
6826 1303
6827 1303
6828 876
6829 1307
6830 1307
6831 1307
6832 1307
6833 926
6834 926
6835 926
6836 926
6837 1193
6838 1193
6839 1193
6840 1098
6841 1098
6842 287
6843 399
6844 287
6845 1000
6846 27
6847 1000
6848 1000
6849 1000
6850 1000
6851 1000
6852 287
6853 143
6854 143
6855 143
6856 773
6857 302
6858 302
6859 302
6860 217
6861 217
6862 217
6863 217
6864 217
6865 217
6866 217
6867 217
6868 217
6869 339
6870 339
6871 339
6872 339
6873 339
6874 339
6875 339
6876 339
6877 339
6878 339
6879 339
6880 339
6881 1075
6882 1075
6883 1075
6884 1444
6885 1249
6886 559
6887 559
6888 234
6889 234
6890 234
6891 234
6892 234
6893 234
6894 234
6895 234
6896 234
6897 555
6898 555
6899 555
6900 555
6901 555
6902 555
6903 682
6904 682
6905 682
6906 682
6907 682
6908 682
6909 82
6910 82
6911 82
6912 82
6913 159
6914 159
6915 159
6916 159
6917 159
6918 159
6919 1150
6920 1150
6921 1150
6922 1150
6923 1150
6924 1327
6925 1327
6926 1327
6927 1327
6928 1327
6929 1327
6930 1327
6931 1327
6932 1327
6933 1327
6934 1327
6935 1327
6936 1327
6937 1327
6938 1327
6939 1327
6940 1327
6941 1327
6942 1327
6943 153
6944 153
6945 1303
6946 1303
6947 1303
6948 1188
6949 1188
6950 1188
6951 1188
6952 1188
6953 986
6954 986
6955 986
6956 986
6957 986
6958 508
6959 271
6960 271
6961 136
6962 271
6963 1120
6964 271
6965 271
6966 271
6967 161
6968 161
6969 161
6970 161
6971 161
6972 161
6973 161
6974 161
6975 765
6976 765
6977 765
6978 765
6979 765
6980 765
6981 765
6982 1183
6983 765
6984 765
6985 486
6986 486
6987 486
6988 794
6989 1169
6990 1169
6991 1169
6992 1169
6993 1169
6994 1169
6995 1169
6996 1169
6997 1169
6998 1303
6999 1252
7000 1252
7001 1252
7002 1252
7003 1363
7004 1363
7005 1363
7006 1363
7007 1363
7008 1363
7009 1363
7010 1363
7011 1363
7012 1363
7013 1363
7014 1363
7015 1363
7016 1363
7017 1363
7018 1363
7019 510
7020 510
7021 510
7022 510
7023 1019
7024 1019
7025 1019
7026 1019
7027 1019
7028 1423
7029 1423
7030 1423
7031 1423
7032 1237
7033 1237
7034 1237
7035 385
7036 385
7037 385
7038 385
7039 385
7040 524
7041 957
7042 957
7043 957
7044 167
7045 957
7046 957
7047 257
7048 50
7049 50
7050 257
7051 257
7052 257
7053 1380
7054 720
7055 720
7056 720
7057 720
7058 720
7059 765
7060 765
7061 654
7062 654
7063 654
7064 30
7065 1130
7066 1130
7067 1130
7068 1237
7069 1237
7070 1237
7071 1237
7072 1237
7073 1172
7074 1172
7075 1172
7076 1172
7077 1172
7078 1172
7079 1172
7080 1172
7081 1098
7082 1098
7083 1098
7084 1098
7085 1098
7086 1098
7087 1098
7088 1098
7089 1098
7090 1098
7091 1098
7092 1098
7093 1098
7094 1098
7095 1098
7096 1098
7097 1098
7098 1098
7099 1098
7100 1276
7101 1276
7102 1276
7103 1276
7104 1276
7105 1276
7106 1276
7107 1276
7108 1276
7109 1276
7110 1276
7111 1276
7112 1276
7113 1276
7114 549
7115 549
7116 549
7117 549
7118 549
7119 549
7120 549
7121 549
7122 549
7123 549
7124 549
7125 549
7126 934
7127 785
7128 1427
7129 1427
7130 1427
7131 1427
7132 1427
7133 1427
7134 1427
7135 1427
7136 1427
7137 1051
7138 1051
7139 1051
7140 1098
7141 102
7142 102
7143 102
7144 102
7145 102
7146 794
7147 794
7148 794
7149 794
7150 1487
7151 1487
7152 1487
7153 1487
7154 1487
7155 1098
7156 1098
7157 1098
7158 1098
7159 1098
7160 1098
7161 1098
7162 1098
7163 1098
7164 186
7165 186
7166 186
7167 186
7168 186
7169 186
7170 501
7171 501
7172 501
7173 94
7174 94
7175 94
7176 94
7177 94
7178 94
7179 94
7180 94
7181 94
7182 94
7183 1093
7184 1093
7185 1093
7186 1059
7187 331
7188 1059
7189 1059
7190 1059
7191 1059
7192 1059
7193 1059
7194 93
7195 93
7196 93
7197 93
7198 93
7199 1031
7200 767
7201 767
7202 767
7203 767
7204 767
7205 767
7206 767
7207 1031
7208 1031
7209 1031
7210 1031
7211 1031
7212 1121
7213 1121
7214 1121
7215 1121
7216 1121
7217 1461
7218 1328
7219 1328
7220 1328
7221 1328
7222 1328
7223 1280
7224 1280
7225 1280
7226 1280
7227 1280
7228 1280
7229 1280
7230 1280
7231 1280
7232 1280
7233 1461
7234 1461
7235 1461
7236 1461
7237 1461
7238 1380
7239 1380
7240 1380
7241 1380
7242 44
7243 44
7244 44
7245 44
7246 44
7247 44
7248 44
7249 373
7250 373
7251 373
7252 373
7253 373
7254 1316
7255 1094
7256 1316
7257 1094
7258 1316
7259 1316
7260 967
7261 1074
7262 1074
7263 967
7264 967
7265 1074
7266 1074
7267 967
7268 967
7269 299
7270 1042
7271 1042
7272 1042
7273 1042
7274 150
7275 150
7276 952
7277 150
7278 150
7279 150
7280 150
7281 150
7282 1002
7283 1002
7284 1002
7285 1002
7286 1002
7287 1002
7288 1002
7289 554
7290 554
7291 554
7292 554
7293 554
7294 554
7295 554
7296 554
7297 239
7298 239
7299 239
7300 239
7301 239
7302 239
7303 1433
7304 1272
7305 1433
7306 1433
7307 1433
7308 207
7309 207
7310 207
7311 207
7312 207
7313 1011
7314 1011
7315 1011
7316 1011
7317 1197
7318 1168
7319 1168
7320 1168
7321 1168
7322 994
7323 994
7324 994
7325 994
7326 1055
7327 486
7328 463
7329 520
7330 520
7331 463
7332 463
7333 463
7334 463
7335 463
7336 520
7337 520
7338 520
7339 520
7340 520
7341 520
7342 383
7343 1303
7344 383
7345 383
7346 383
7347 383
7348 383
7349 383
7350 383
7351 1081
7352 1081
7353 112
7354 112
7355 112
7356 112
7357 112
7358 112
7359 112
7360 112
7361 112
7362 652
7363 37
7364 37
7365 159
7366 159
7367 159
7368 159
7369 119
7370 119
7371 119
7372 119
7373 119
7374 119
7375 765
7376 765
7377 765
7378 765
7379 765
7380 765
7381 765
7382 765
7383 765
7384 913
7385 913
7386 913
7387 913
7388 913
7389 913
7390 913
7391 913
7392 913
7393 164
7394 164
7395 164
7396 21
7397 21
7398 21
7399 21
7400 21
7401 41
7402 41
7403 41
7404 21
7405 142
7406 142
7407 1091
7408 142
7409 142
7410 142
7411 142
7412 1354
7413 1354
7414 1354
7415 1354
7416 1354
7417 1354
7418 1354
7419 1354
7420 1354
7421 1354
7422 1354
7423 1354
7424 1354
7425 1354
7426 1354
7427 155
7428 155
7429 155
7430 155
7431 155
7432 1129
7433 1129
7434 1129
7435 1129
7436 1303
7437 1303
7438 401
7439 1303
7440 1303
7441 1303
7442 1303
7443 1303
7444 1303
7445 1303
7446 1303
7447 1303
7448 1303
7449 1303
7450 1303
7451 1303
7452 1303
7453 1303
7454 42
7455 42
7456 42
7457 1095
7458 1320
7459 1095
7460 1095
7461 1095
7462 1320
7463 1320
7464 1320
7465 1095
7466 1095
7467 1095
7468 1095
7469 1095
7470 1095
7471 1320
7472 1095
7473 1320
7474 19
7475 1303
7476 19
7477 19
7478 19
7479 19
7480 19
7481 1303
7482 19
7483 957
7484 562
7485 1199
7486 957
7487 562
7488 562
7489 562
7490 562
7491 562
7492 407
7493 407
7494 407
7495 407
7496 407
7497 407
7498 407
7499 407
7500 407
7501 450
7502 631
7503 631
7504 631
7505 631
7506 631
7507 631
7508 631
7509 177
7510 177
7511 177
7512 177
7513 177
7514 1257
7515 1257
7516 1303
7517 1303
7518 1303
7519 1303
7520 1194
7521 1303
7522 876
7523 876
7524 876
7525 1093
7526 1093
7527 945
7528 1093
7529 1491
7530 1491
7531 1491
7532 1491
7533 1098
7534 1491
7535 1491
7536 1491
7537 1491
7538 1491
7539 1491
7540 896
7541 896
7542 896
7543 187
7544 187
7545 187
7546 187
7547 187
7548 765
7549 765
7550 765
7551 765
7552 765
7553 765
7554 765
7555 765
7556 144
7557 81
7558 1148
7559 1148
7560 1148
7561 1148
7562 1148
7563 1148
7564 292
7565 292
7566 292
7567 292
7568 292
7569 292
7570 292
7571 292
7572 434
7573 434
7574 434
7575 434
7576 434
7577 434
7578 1303
7579 1303
7580 1303
7581 1414
7582 1414
7583 1414
7584 1414
7585 1414
7586 1414
7587 1414
7588 1414
7589 1414
7590 144
7591 144
7592 1284
7593 1284
7594 1284
7595 1284
7596 1284
7597 1284
7598 1105
7599 1105
7600 1093
7601 1364
7602 1093
7603 945
7604 945
7605 1093
7606 946
7607 1303
7608 1312
7609 1303
7610 1303
7611 1303
7612 1303
7613 1303
7614 1303
7615 1303
7616 1347
7617 1347
7618 1347
7619 1347
7620 1347
7621 621
7622 621
7623 1424
7624 1424
7625 1424
7626 1424
7627 1424
7628 1424
7629 876
7630 876
7631 876
7632 519
7633 519
7634 519
7635 486
7636 486
7637 486
7638 486
7639 486
7640 486
7641 486
7642 1094
7643 1094
7644 859
7645 859
7646 450
7647 1433
7648 1433
7649 1433
7650 1433
7651 1433
7652 1433
7653 1433
7654 1433
7655 765
7656 765
7657 765
7658 765
7659 765
7660 765
7661 765
7662 765
7663 765
7664 765
7665 793
7666 793
7667 793
7668 793
7669 188
7670 188
7671 932
7672 932
7673 932
7674 932
7675 932
7676 932
7677 188
7678 188
7679 188
7680 188
7681 188
7682 188
7683 1240
7684 1240
7685 1240
7686 1240
7687 1465
7688 1465
7689 1465
7690 1465
7691 662
7692 726
7693 312
7694 312
7695 312
7696 312
7697 312
7698 312
7699 312
7700 312
7701 312
7702 312
7703 312
7704 671
7705 671
7706 1484
7707 671
7708 671
7709 671
7710 671
7711 671
7712 671
7713 671
7714 785
7715 785
7716 785
7717 610
7718 610
7719 610
7720 610
7721 610
7722 607
7723 607
7724 607
7725 607
7726 607
7727 607
7728 607
7729 1094
7730 1094
7731 1094
7732 1363
7733 1363
7734 1363
7735 1363
7736 1363
7737 1363
7738 1363
7739 1363
7740 1363
7741 76
7742 76
7743 76
7744 76
7745 76
7746 76
7747 76
7748 76
7749 645
7750 645
7751 645
7752 645
7753 645
7754 645
7755 645
7756 645
7757 645
7758 1092
7759 1092
7760 1092
7761 1092
7762 1092
7763 1092
7764 1298
7765 1298
7766 1298
7767 1298
7768 1298
7769 1316
7770 1094
7771 1094
7772 1316
7773 1094
7774 944
7775 944
7776 944
7777 1059
7778 1059
7779 1059
7780 1059
7781 1059
7782 110
7783 716
7784 716
7785 716
7786 716
7787 716
7788 1303
7789 1303
7790 1303
7791 1303
7792 1303
7793 1303
7794 1303
7795 1303
7796 1303
7797 338
7798 147
7799 147
7800 147
7801 147
7802 147
7803 147
7804 147
7805 147
7806 147
7807 269
7808 269
7809 663
7810 110
7811 110
7812 110
7813 110
7814 110
7815 110
7816 1364
7817 1364
7818 1364
7819 1364
7820 1364
7821 1364
7822 1208
7823 1312
7824 1208
7825 1312
7826 1312
7827 1488
7828 1488
7829 1488
7830 1488
7831 1488
7832 1488
7833 1488
7834 1488
7835 1488
7836 1488
7837 1488
7838 1488
7839 1488
7840 1488
7841 1488
7842 1303
7843 1303
7844 1098
7845 1098
7846 1098
7847 364
7848 865
7849 364
7850 443
7851 443
7852 443
7853 443
7854 1035
7855 1050
7856 1050
7857 1050
7858 1050
7859 1035
7860 1385
7861 1385
7862 1385
7863 1385
7864 1385
7865 1385
7866 1385
7867 1385
7868 1385
7869 1385
7870 1385
7871 1385
7872 1397
7873 1397
7874 1397
7875 72
7876 250
7877 250
7878 1197
7879 1197
7880 1197
7881 1197
7882 1197
7883 1197
7884 1197
7885 1197
7886 1197
7887 755
7888 755
7889 755
7890 755
7891 755
7892 755
7893 755
7894 755
7895 755
7896 755
7897 755
7898 755
7899 755
7900 382
7901 382
7902 382
7903 382
7904 788
7905 788
7906 788
7907 788
7908 788
7909 788
7910 130
7911 130
7912 130
7913 130
7914 876
7915 876
7916 876
7917 97
7918 1194
7919 769
7920 1194
7921 1194
7922 1194
7923 1194
7924 795
7925 1194
7926 769
7927 769
7928 769
7929 769
7930 769
7931 769
7932 1301
7933 1301
7934 1301
7935 1301
7936 1301
7937 1030
7938 1030
7939 1030
7940 1030
7941 1030
7942 785
7943 785
7944 785
7945 149
7946 149
7947 149
7948 149
7949 149
7950 149
7951 876
7952 876
7953 876
7954 876
7955 908
7956 908
7957 908
7958 984
7959 908
7960 984
7961 984
7962 908
7963 908
7964 908
7965 908
7966 1167
7967 1167
7968 1167
7969 1167
7970 1167
7971 1167
7972 1167
7973 1167
7974 1167
7975 1423
7976 1274
7977 1274
7978 895
7979 895
7980 895
7981 895
7982 895
7983 1494
7984 1494
7985 1494
7986 1494
7987 1494
7988 1494
7989 679
7990 679
7991 679
7992 375
7993 375
7994 375
7995 375
7996 375
7997 375
7998 590
7999 590
8000 590
8001 1397
8002 1397
8003 1397
8004 1397
8005 1432
8006 1432
8007 1432
8008 1432
8009 1432
8010 1432
8011 1320
8012 1320
8013 176
8014 758
8015 758
8016 758
8017 758
8018 758
8019 758
8020 568
8021 568
8022 568
8023 568
8024 568
8025 568
8026 144
8027 144
8028 144
8029 81
8030 718
8031 718
8032 718
8033 718
8034 1189
8035 1189
8036 1189
8037 1189
8038 1189
8039 1189
8040 1189
8041 785
8042 785
8043 785
8044 785
8045 785
8046 397
8047 397
8048 397
8049 1356
8050 1356
8051 1356
8052 1279
8053 1279
8054 1303
8055 1303
8056 1303
8057 1353
8058 1353
8059 1353
8060 1353
8061 68
8062 68
8063 820
8064 276
8065 820
8066 820
8067 389
8068 389
8069 331
8070 331
8071 331
8072 331
8073 331
8074 1452
8075 1452
8076 1452
8077 1452
8078 1452
8079 1452
8080 1452
8081 264
8082 264
8083 264
8084 264
8085 264
8086 264
8087 1312
8088 1312
8089 1312
8090 1312
8091 446
8092 446
8093 446
8094 446
8095 446
8096 446
8097 399
8098 399
8099 399
8100 399
8101 399
8102 597
8103 597
8104 597
8105 597
8106 597
8107 597
8108 597
8109 597
8110 597
8111 1347
8112 1347
8113 1347
8114 1347
8115 970
8116 970
8117 970
8118 970
8119 970
8120 970
8121 970
8122 970
8123 970
8124 508
8125 508
8126 508
8127 508
8128 508
8129 508
8130 508
8131 508
8132 1044
8133 1044
8134 505
8135 1044
8136 1044
8137 1044
8138 1044
8139 1044
8140 1044
8141 1044
8142 1044
8143 607
8144 607
8145 607
8146 607
8147 607
8148 607
8149 607
8150 607
8151 556
8152 556
8153 556
8154 556
8155 556
8156 556
8157 556
8158 268
8159 268
8160 268
8161 268
8162 268
8163 268
8164 268
8165 709
8166 709
8167 709
8168 709
8169 709
8170 709
8171 709
8172 709
8173 709
8174 709
8175 709
8176 1237
8177 1237
8178 1237
8179 374
8180 374
8181 374
8182 374
8183 687
8184 687
8185 687
8186 687
8187 687
8188 434
8189 434
8190 1415
8191 1415
8192 1415
8193 1415
8194 1415
8195 1415
8196 1357
8197 1357
8198 1357
8199 1357
8200 1357
8201 1087
8202 1440
8203 1440
8204 1440
8205 1098
8206 1098
8207 1098
8208 1098
8209 610
8210 1098
8211 1098
8212 1098
8213 610
8214 610
8215 610
8216 1098
8217 1165
8218 1165
8219 1165
8220 1165
8221 1165
8222 1165
8223 1165
8224 1165
8225 1165
8226 1165
8227 1165
8228 1165
8229 1165
8230 1165
8231 969
8232 1076
8233 1076
8234 969
8235 969
8236 969
8237 969
8238 969
8239 969
8240 1076
8241 969
8242 1156
8243 1156
8244 1043
8245 1043
8246 1043
8247 1043
8248 1043
8249 1043
8250 1043
8251 1043
8252 1043
8253 1248
8254 1248
8255 1248
8256 1248
8257 1248
8258 1152
8259 1152
8260 794
8261 794
8262 794
8263 794
8264 794
8265 328
8266 328
8267 328
8268 328
8269 328
8270 328
8271 328
8272 328
8273 328
8274 328
8275 343
8276 343
8277 343
8278 343
8279 343
8280 343
8281 583
8282 583
8283 583
8284 583
8285 583
8286 583
8287 583
8288 729
8289 729
8290 729
8291 729
8292 729
8293 729
8294 299
8295 299
8296 299
8297 299
8298 299
8299 299
8300 713
8301 189
8302 189
8303 189
8304 189
8305 189
8306 1100
8307 1100
8308 1100
8309 1100
8310 1100
8311 1100
8312 86
8313 86
8314 86
8315 1164
8316 1164
8317 1164
8318 1164
8319 1164
8320 613
8321 613
8322 613
8323 613
8324 136
8325 136
8326 136
8327 136
8328 136
8329 1303
8330 1303
8331 1303
8332 765
8333 765
8334 765
8335 450
8336 450
8337 79
8338 79
8339 676
8340 79
8341 1327
8342 1380
8343 1380
8344 1380
8345 1380
8346 1380
8347 1380
8348 756
8349 756
8350 653
8351 756
8352 756
8353 756
8354 653
8355 756
8356 154
8357 154
8358 154
8359 154
8360 154
8361 154
8362 154
8363 1237
8364 1220
8365 1220
8366 1220
8367 1220
8368 1220
8369 1220
8370 785
8371 785
8372 1109
8373 1109
8374 1109
8375 619
8376 619
8377 619
8378 619
8379 619
8380 1013
8381 934
8382 1013
8383 1013
8384 1013
8385 1074
8386 1074
8387 1074
8388 1013
8389 1074
8390 1013
8391 1013
8392 1074
8393 1013
8394 1098
8395 1098
8396 1098
8397 1098
8398 1465
8399 1465
8400 1465
8401 1465
8402 1465
8403 1465
8404 1465
8405 1465
8406 1465
8407 1391
8408 1391
8409 1391
8410 1391
8411 1391
8412 1391
8413 1055
8414 1055
8415 1055
8416 1055
8417 1055
8418 1055
8419 1055
8420 1055
8421 671
8422 671
8423 671
8424 671
8425 671
8426 671
8427 671
8428 671
8429 671
8430 93
8431 93
8432 1238
8433 93
8434 93
8435 93
8436 93
8437 1496
8438 93
8439 93
8440 93
8441 93
8442 93
8443 1238
8444 1380
8445 930
8446 930
8447 930
8448 663
8449 1098
8450 1134
8451 1134
8452 1134
8453 1134
8454 1134
8455 1134
8456 1134
8457 1134
8458 1134
8459 935
8460 935
8461 935
8462 935
8463 935
8464 1403
8465 1403
8466 1403
8467 1403
8468 1403
8469 1403
8470 613
8471 613
8472 613
8473 613
8474 613
8475 613
8476 613
8477 1098
8478 1098
8479 1098
8480 1098
8481 1098
8482 1098
8483 1098
8484 1098
8485 1098
8486 1098
8487 1098
8488 823
8489 823
8490 823
8491 823
8492 1303
8493 1303
8494 1303
8495 1303
8496 1303
8497 1303
8498 1303
8499 474
8500 474
8501 474
8502 474
8503 474
8504 765
8505 483
8506 483
8507 483
8508 483
8509 483
8510 483
8511 240
8512 822
8513 240
8514 240
8515 240
8516 240
8517 240
8518 240
8519 903
8520 903
8521 903
8522 903
8523 903
8524 903
8525 1303
8526 903
8527 903
8528 903
8529 903
8530 903
8531 903
8532 903
8533 903
8534 903
8535 903
8536 903
8537 903
8538 1303
8539 450
8540 450
8541 450
8542 1303
8543 450
8544 450
8545 450
8546 450
8547 450
8548 450
8549 450
8550 1303
8551 968
8552 968
8553 205
8554 205
8555 205
8556 338
8557 205
8558 205
8559 1445
8560 746
8561 746
8562 746
8563 746
8564 1217
8565 1217
8566 1217
8567 1217
8568 1217
8569 1217
8570 1217
8571 1217
8572 1217
8573 1217
8574 247
8575 1217
8576 1217
8577 96
8578 309
8579 96
8580 96
8581 96
8582 96
8583 96
8584 309
8585 309
8586 309
8587 309
8588 379
8589 379
8590 379
8591 379
8592 379
8593 379
8594 379
8595 656
8596 157
8597 656
8598 656
8599 656
8600 656
8601 400
8602 400
8603 400
8604 400
8605 792
8606 792
8607 792
8608 1404
8609 1404
8610 1404
8611 1404
8612 1237
8613 1237
8614 1237
8615 1237
8616 41
8617 929
8618 929
8619 929
8620 929
8621 929
8622 929
8623 929
8624 929
8625 1303
8626 1303
8627 523
8628 523
8629 523
8630 523
8631 523
8632 523
8633 523
8634 523
8635 523
8636 523
8637 1487
8638 1487
8639 167
8640 167
8641 1303
8642 1303
8643 1303
8644 1303
8645 1303
8646 1303
8647 1303
8648 1303
8649 1303
8650 1303
8651 1303
8652 130
8653 130
8654 216
8655 216
8656 974
8657 974
8658 974
8659 1372
8660 1372
8661 1372
8662 894
8663 894
8664 894
8665 894
8666 894
8667 894
8668 894
8669 894
8670 894
8671 894
8672 894
8673 623
8674 623
8675 623
8676 623
8677 623
8678 623
8679 623
8680 1353
8681 1353
8682 1353
8683 1353
8684 1353
8685 1353
8686 1353
8687 1353
8688 1353
8689 1353
8690 1353
8691 1353
8692 1353
8693 1353
8694 540
8695 540
8696 540
8697 540
8698 540
8699 540
8700 1397
8701 1397
8702 394
8703 394
8704 394
8705 394
8706 394
8707 394
8708 394
8709 394
8710 394
8711 394
8712 1154
8713 1154
8714 1154
8715 1154
8716 1154
8717 1154
8718 1154
8719 1154
8720 1154
8721 1154
8722 1154
8723 1154
8724 1154
8725 710
8726 1303
8727 710
8728 710
8729 710
8730 277
8731 277
8732 277
8733 277
8734 277
8735 277
8736 768
8737 768
8738 768
8739 768
8740 768
8741 768
8742 768
8743 768
8744 768
8745 768
8746 768
8747 768
8748 8
8749 78
8750 78
8751 78
8752 78
8753 78
8754 816
8755 1303
8756 1303
8757 1303
8758 1303
8759 1303
8760 1303
8761 166
8762 166
8763 166
8764 166
8765 166
8766 166
8767 166
8768 166
8769 166
8770 166
8771 524
8772 524
8773 524
8774 524
8775 524
8776 333
8777 333
8778 333
8779 333
8780 333
8781 333
8782 1397
8783 1397
8784 1397
8785 1414
8786 1414
8787 765
8788 765
8789 816
8790 1303
8791 1303
8792 816
8793 816
8794 816
8795 816
8796 816
8797 30
8798 30
8799 192
8800 192
8801 192
8802 114
8803 114
8804 114
8805 114
8806 114
8807 114
8808 114
8809 1051
8810 1051
8811 519
8812 519
8813 519
8814 519
8815 519
8816 519
8817 519
8818 816
8819 1414
8820 1363
8821 1363
8822 1363
8823 1363
8824 84
8825 84
8826 84
8827 84
8828 84
8829 84
8830 84
8831 84
8832 84
8833 84
8834 84
8835 84
8836 84
8837 84
8838 84
8839 1358
8840 1358
8841 1358
8842 1358
8843 1358
8844 1358
8845 1358
8846 1358
8847 1358
8848 1188
8849 1431
8850 1431
8851 1431
8852 1431
8853 1431
8854 975
8855 975
8856 890
8857 890
8858 890
8859 890
8860 890
8861 890
8862 890
8863 1462
8864 890
8865 851
8866 851
8867 851
8868 851
8869 851
8870 851
8871 851
8872 765
8873 765
8874 765
8875 765
8876 765
8877 765
8878 765
8879 765
8880 765
8881 765
8882 765
8883 765
8884 765
8885 352
8886 765
8887 765
8888 765
8889 765
8890 765
8891 765
8892 352
8893 765
8894 765
8895 505
8896 505
8897 505
8898 505
8899 505
8900 505
8901 988
8902 988
8903 988
8904 988
8905 988
8906 876
8907 603
8908 603
8909 1281
8910 1281
8911 1281
8912 1281
8913 1281
8914 671
8915 1098
8916 1098
8917 1098
8918 1098
8919 1098
8920 1098
8921 1098
8922 1098
8923 1098
8924 1098
8925 1487
8926 1487
8927 1487
8928 1487
8929 1487
8930 1487
8931 1487
8932 1487
8933 1487
8934 1487
8935 1487
8936 1487
8937 1487
8938 1487
8939 1487
8940 1487
8941 1487
8942 903
8943 1072
8944 1072
8945 1072
8946 1072
8947 607
8948 607
8949 1281
8950 450
8951 450
8952 450
8953 774
8954 1361
8955 774
8956 774
8957 774
8958 625
8959 625
8960 625
8961 625
8962 625
8963 625
8964 625
8965 625
8966 625
8967 1282
8968 354
8969 354
8970 354
8971 354
8972 354
8973 354
8974 354
8975 354
8976 354
8977 296
8978 296
8979 296
8980 870
8981 870
8982 870
8983 870
8984 870
8985 1258
8986 1258
8987 1258
8988 1258
8989 1258
8990 1258
8991 1073
8992 1073
8993 1073
8994 1073
8995 1073
8996 1073
8997 1073
8998 237
8999 237
9000 237
9001 237
9002 237
9003 237
9004 237
9005 237
9006 237
9007 830
9008 830
9009 1313
9010 1313
9011 1313
9012 830
9013 830
9014 830
9015 830
9016 830
9017 830
9018 1313
9019 858
9020 858
9021 858
9022 1133
9023 1133
9024 1133
9025 1133
9026 858
9027 858
9028 858
9029 858
9030 858
9031 858
9032 858
9033 1133
9034 1133
9035 858
9036 858
9037 1446
9038 1446
9039 1446
9040 337
9041 337
9042 337
9043 337
9044 1328
9045 1328
9046 1328
9047 1328
9048 1328
9049 1328
9050 345
9051 345
9052 345
9053 373
9054 1496
9055 1496
9056 1496
9057 1496
9058 1496
9059 1394
9060 1394
9061 1394
9062 1394
9063 1394
9064 1394
9065 296
9066 296
9067 1353
9068 1353
9069 570
9070 570
9071 570
9072 570
9073 1091
9074 1091
9075 1091
9076 1091
9077 557
9078 97
9079 97
9080 97
9081 97
9082 97
9083 1208
9084 1208
9085 1208
9086 1208
9087 1312
9088 1312
9089 1254
9090 1254
9091 773
9092 773
9093 773
9094 773
9095 773
9096 773
9097 290
9098 1274
9099 472
9100 472
9101 472
9102 472
9103 353
9104 353
9105 353
9106 353
9107 353
9108 353
9109 353
9110 353
9111 353
9112 987
9113 1111
9114 1111
9115 987
9116 1111
9117 987
9118 1111
9119 987
9120 987
9121 987
9122 987
9123 987
9124 341
9125 1442
9126 341
9127 341
9128 341
9129 341
9130 945
9131 945
9132 945
9133 945
9134 945
9135 945
9136 945
9137 945
9138 945
9139 945
9140 561
9141 785
9142 785
9143 934
9144 934
9145 934
9146 934
9147 1098
9148 271
9149 271
9150 271
9151 271
9152 271
9153 512
9154 512
9155 512
9156 512
9157 512
9158 512
9159 512
9160 1369
9161 1369
9162 1319
9163 1319
9164 1319
9165 1319
9166 1319
9167 1319
9168 1319
9169 765
9170 765
9171 765
9172 765
9173 434
9174 434
9175 434
9176 434
9177 1398
9178 1398
9179 1398
9180 1398
9181 1398
9182 1336
9183 1336
9184 1336
9185 1105
9186 1105
9187 905
9188 905
9189 905
9190 905
9191 905
9192 905
9193 1303
9194 1303
9195 96
9196 96
9197 96
9198 1373
9199 709
9200 1193
9201 1303
9202 1303
9203 750
9204 750
9205 750
9206 750
9207 750
9208 1237
9209 1237
9210 1237
9211 1237
9212 1237
9213 1098
9214 1098
9215 1098
9216 1098
9217 1098
9218 1098
9219 1098
9220 1098
9221 1098
9222 1098
9223 1098
9224 1098
9225 1098
9226 1098
9227 1098
9228 1098
9229 1098
9230 1098
9231 1098
9232 975
9233 975
9234 975
9235 975
9236 262
9237 1105
9238 1105
9239 1105
9240 1105
9241 697
9242 1098
9243 522
9244 522
9245 522
9246 522
9247 522
9248 522
9249 296
9250 296
9251 296
9252 296
9253 296
9254 1303
9255 1303
9256 1303
9257 1303
9258 1303
9259 1303
9260 1303
9261 1303
9262 1348
9263 1348
9264 1072
9265 1256
9266 1072
9267 1256
9268 1256
9269 1072
9270 1072
9271 1195
9272 1195
9273 1195
9274 1195
9275 1195
9276 1195
9277 1195
9278 336
9279 336
9280 70
9281 70
9282 70
9283 70
9284 70
9285 70
9286 70
9287 70
9288 70
9289 70
9290 657
9291 657
9292 153
9293 153
9294 153
9295 153
9296 69
9297 69
9298 1072
9299 1303
9300 1303
9301 1303
9302 1303
9303 1303
9304 1303
9305 1303
9306 1303
9307 327
9308 327
9309 327
9310 1181
9311 1181
9312 1181
9313 1181
9314 1181
9315 1181
9316 1181
9317 1181
9318 1303
9319 774
9320 774
9321 774
9322 489
9323 489
9324 489
9325 489
9326 489
9327 489
9328 489
9329 489
9330 489
9331 489
9332 1273
9333 1495
9334 1495
9335 1495
9336 1007
9337 1007
9338 1007
9339 1007
9340 326
9341 326
9342 326
9343 1358
9344 8
9345 1303
9346 1305
9347 1305
9348 1305
9349 1305
9350 1305
9351 1305
9352 1305
9353 1305
9354 1305
9355 1305
9356 1305
9357 1303
9358 1303
9359 1303
9360 1303
9361 1303
9362 1303
9363 1303
9364 556
9365 556
9366 556
9367 519
9368 711
9369 519
9370 711
9371 1228
9372 952
9373 519
9374 519
9375 1303
9376 604
9377 604
9378 604
9379 604
9380 604
9381 861
9382 861
9383 757
9384 757
9385 757
9386 757
9387 757
9388 757
9389 757
9390 757
9391 1207
9392 1207
9393 1207
9394 1207
9395 1207
9396 1207
9397 667
9398 667
9399 667
9400 667
9401 1303
9402 670
9403 670
9404 670
9405 670
9406 670
9407 670
9408 670
9409 26
9410 26
9411 26
9412 26
9413 26
9414 750
9415 750
9416 750
9417 750
9418 750
9419 750
9420 1303
9421 1303
9422 1303
9423 671
9424 671
9425 169
9426 169
9427 169
9428 169
9429 169
9430 1305
9431 1346
9432 1346
9433 1346
9434 1346
9435 1346
9436 1346
9437 1346
9438 811
9439 811
9440 811
9441 811
9442 811
9443 811
9444 811
9445 811
9446 811
9447 811
9448 811
9449 811
9450 811
9451 811
9452 856
9453 856
9454 856
9455 856
9456 856
9457 173
9458 173
9459 173
9460 173
9461 173
9462 173
9463 173
9464 173
9465 173
9466 173
9467 173
9468 173
9469 173
9470 173
9471 173
9472 173
9473 173
9474 1303
9475 1303
9476 1303
9477 1303
9478 1298
9479 1298
9480 1298
9481 1298
9482 1298
9483 1298
9484 740
9485 740
9486 740
9487 740
9488 740
9489 740
9490 262
9491 262
9492 262
9493 262
9494 262
9495 439
9496 439
9497 439
9498 439
9499 439
9500 439
9501 810
9502 810
9503 443
9504 443
9505 443
9506 443
9507 958
9508 1037
9509 1037
9510 1037
9511 1037
9512 1037
9513 149
9514 149
9515 149
9516 837
9517 837
9518 837
9519 1303
9520 1303
9521 1303
9522 669
9523 669
9524 669
9525 669
9526 669
9527 669
9528 669
9529 1372
9530 945
9531 945
9532 945
9533 945
9534 945
9535 945
9536 945
9537 387
9538 387
9539 387
9540 387
9541 291
9542 291
9543 387
9544 61
9545 61
9546 61
9547 61
9548 61
9549 61
9550 785
9551 785
9552 785
9553 785
9554 810
9555 810
9556 810
9557 810
9558 1303
9559 1194
9560 1194
9561 1303
9562 1303
9563 1303
9564 816
9565 450
9566 1412
9567 1412
9568 1412
9569 266
9570 266
9571 266
9572 266
9573 266
9574 266
9575 266
9576 266
9577 266
9578 1190
9579 1193
9580 1190
9581 1190
9582 1190
9583 1190
9584 1190
9585 1190
9586 771
9587 856
9588 1303
9589 1094
9590 1094
9591 1094
9592 856
9593 856
9594 856
9595 856
9596 856
9597 1303
9598 1258
9599 1303
9600 1303
9601 1303
9602 1303
9603 1303
9604 903
9605 609
9606 609
9607 609
9608 609
9609 609
9610 609
9611 609
9612 609
9613 609
9614 609
9615 609
9616 609
9617 68
9618 68
9619 68
9620 68
9621 68
9622 68
9623 68
9624 68
9625 68
9626 68
9627 968
9628 968
9629 968
9630 968
9631 968
9632 968
9633 968
9634 968
9635 968
9636 968
9637 912
9638 553
9639 553
9640 553
9641 553
9642 1327
9643 1327
9644 1327
9645 1327
9646 1327
9647 1327
9648 490
9649 490
9650 490
9651 490
9652 490
9653 490
9654 490
9655 490
9656 490
9657 490
9658 711
9659 1228
9660 711
9661 711
9662 711
9663 728
9664 728
9665 728
9666 728
9667 728
9668 1258
9669 1258
9670 157
9671 157
9672 157
9673 157
9674 157
9675 765
9676 765
9677 401
9678 401
9679 401
9680 401
9681 401
9682 401
9683 401
9684 401
9685 828
9686 193
9687 193
9688 193
9689 193
9690 193
9691 758
9692 758
9693 758
9694 758
9695 758
9696 764
9697 764
9698 764
9699 764
9700 764
9701 764
9702 764
9703 1168
9704 1168
9705 1168
9706 596
9707 596
9708 596
9709 1434
9710 1434
9711 1434
9712 1434
9713 1434
9714 1220
9715 1220
9716 1220
9717 1220
9718 1220
9719 801
9720 801
9721 801
9722 801
9723 801
9724 164
9725 164
9726 164
9727 164
9728 164
9729 815
9730 815
9731 815
9732 815
9733 119
9734 119
9735 119
9736 119
9737 119
9738 119
9739 1303
9740 771
9741 771
9742 771
9743 771
9744 771
9745 771
9746 991
9747 991
9748 991
9749 991
9750 991
9751 991
9752 837
9753 837
9754 711
9755 711
9756 952
9757 711
9758 311
9759 311
9760 311
9761 311
9762 1080
9763 311
9764 331
9765 331
9766 331
9767 119
9768 1098
9769 765
9770 765
9771 765
9772 765
9773 765
9774 765
9775 765
9776 765
9777 765
9778 765
9779 765
9780 1123
9781 1123
9782 1123
9783 1123
9784 1123
9785 1123
9786 1123
9787 1048
9788 1048
9789 1048
9790 1048
9791 1048
9792 1048
9793 1048
9794 1048
9795 1048
9796 1048
9797 1048
9798 1048
9799 835
9800 835
9801 835
9802 835
9803 1181
9804 1181
9805 1460
9806 1181
9807 1181
9808 1460
9809 1460
9810 1460
9811 1460
9812 1460
9813 1460
9814 1460
9815 558
9816 558
9817 1098
9818 1356
9819 1356
9820 1356
9821 1356
9822 1356
9823 1356
9824 1356
9825 921
9826 921
9827 921
9828 921
9829 795
9830 795
9831 795
9832 795
9833 795
9834 738
9835 167
9836 167
9837 167
9838 167
9839 167
9840 167
9841 167
9842 989
9843 989
9844 989
9845 989
9846 989
9847 989
9848 989
9849 989
9850 989
9851 989
9852 989
9853 989
9854 989
9855 989
9856 989
9857 1195
9858 1195
9859 1195
9860 1195
9861 1195
9862 1195
9863 1195
9864 149
9865 373
9866 373
9867 373
9868 373
9869 373
9870 373
9871 1318
9872 1318
9873 1318
9874 1318
9875 1318
9876 1318
9877 1318
9878 1318
9879 1318
9880 1318
9881 1318
9882 1318
9883 1318
9884 1318
9885 1318
9886 1318
9887 1318
9888 1318
9889 1318
9890 1318
9891 1318
9892 1318
9893 1318
9894 69
9895 69
9896 815
9897 1303
9898 1303
9899 1303
9900 1303
9901 1303
9902 931
9903 931
9904 931
9905 931
9906 976
9907 976
9908 976
9909 976
9910 976
9911 976
9912 976
9913 976
9914 976
9915 976
9916 976
9917 976
9918 976
9919 1295
9920 1295
9921 1295
9922 1295
9923 1295
9924 643
9925 643
9926 643
9927 643
9928 643
9929 69
9930 1256
9931 69
9932 69
9933 61
9934 61
9935 61
9936 1258
9937 878
9938 878
9939 878
9940 878
9941 878
9942 878
9943 878
9944 878
9945 878
9946 722
9947 722
9948 722
9949 722
9950 81
9951 81
9952 81
9953 81
9954 958
9955 958
9956 958
9957 958
9958 958
9959 958
9960 958
9961 958
9962 958
9963 958
9964 1303
9965 1303
9966 1303
9967 1303
9968 1303
9969 521
9970 1303
9971 1466
9972 1466
9973 1466
9974 1352
9975 1352
9976 1352
9977 1352
9978 1352
9979 1352
9980 657
9981 1433
9982 657
9983 657
9984 657
9985 657
9986 657
9987 926
9988 926
9989 926
9990 926
9991 1353
9992 1353
9993 291
9994 291
9995 291
9996 291
9997 291
9998 291
9999 291
10000 1413
10001 1413
10002 1413
10003 1413
10004 1413
10005 1188
10006 1188
10007 1188
10008 1188
10009 282
10010 282
10011 282
10012 282
10013 282
10014 282
10015 1164
10016 1164
10017 1164
10018 1164
10019 1164
10020 1164
10021 1164
10022 1164
10023 1337
10024 1337
10025 1337
10026 1337
10027 1337
10028 1337
10029 276
10030 276
10031 276
10032 276
10033 276
10034 276
10035 257
10036 149
10037 149
10038 1303
10039 1303
10040 927
10041 427
10042 427
10043 427
10044 427
10045 427
10046 427
10047 1303
10048 1303
10049 1303
10050 1211
10051 1211
10052 1211
10053 1211
10054 1211
10055 1211
10056 1211
10057 1211
10058 1211
10059 1211
10060 1211
10061 1211
10062 1211
10063 1211
10064 1211
10065 1237
10066 1237
10067 720
10068 14
10069 738
10070 1075
10071 1075
10072 1075
10073 1075
10074 939
10075 939
10076 939
10077 939
10078 939
10079 939
10080 939
10081 939
10082 939
10083 939
10084 1146
10085 1146
10086 1146
10087 1146
10088 1146
10089 1146
10090 287
10091 287
10092 287
10093 287
10094 287
10095 287
10096 287
10097 269
10098 819
10099 819
10100 1328
10101 1328
10102 1164
10103 1442
10104 1442
10105 546
10106 546
10107 546
10108 546
10109 546
10110 546
10111 716
10112 1435
10113 1435
10114 1435
10115 1435
10116 999
10117 999
10118 999
10119 999
10120 999
10121 999
10122 607
10123 607
10124 607
10125 607
10126 607
10127 652
10128 652
10129 652
10130 1199
10131 240
10132 240
10133 822
10134 822
10135 822
10136 822
10137 822
10138 240
10139 240
10140 240
10141 240
10142 240
10143 1077
10144 1077
10145 1077
10146 1077
10147 1077
10148 1077
10149 1177
10150 1177
10151 1177
10152 1177
10153 1177
10154 785
10155 785
10156 785
10157 785
10158 785
10159 14
10160 14
10161 14
10162 14
10163 14
10164 14
10165 1482
10166 510
10167 510
10168 510
10169 510
10170 897
10171 897
10172 607
10173 607
10174 603
10175 603
10176 603
10177 855
10178 1363
10179 1363
10180 1363
10181 1363
10182 1363
10183 1211
10184 1211
10185 1211
10186 1211
10187 1211
10188 1211
10189 1211
10190 1304
10191 1304
10192 1304
10193 1304
10194 1304
10195 1304
10196 1304
10197 1304
10198 1304
10199 1304
10200 1307
10201 1345
10202 1345
10203 1345
10204 1345
10205 1303
10206 1303
10207 946
10208 946
10209 946
10210 946
10211 946
10212 929
10213 929
10214 1237
10215 1237
10216 1237
10217 324
10218 324
10219 324
10220 324
10221 324
10222 324
10223 324
10224 660
10225 660
10226 935
10227 1489
10228 1489
10229 1489
10230 1489
10231 1489
10232 1489
10233 1489
10234 1489
10235 1489
10236 1489
10237 1489
10238 1489
10239 1303
10240 1303
10241 910
10242 910
10243 910
10244 910
10245 910
10246 910
10247 910
10248 1098
10249 999
10250 999
10251 999
10252 895
10253 895
10254 895
10255 974
10256 974
10257 974
10258 974
10259 974
10260 974
10261 450
10262 450
10263 450
10264 450
10265 450
10266 450
10267 450
10268 1383
10269 1383
10270 1383
10271 1381
10272 999
10273 149
10274 149
10275 149
10276 1051
10277 1051
10278 1051
10279 1099
10280 1099
10281 1099
10282 1099
10283 1099
10284 1099
10285 1099
10286 1099
10287 1099
10288 1099
10289 1099
10290 1099
10291 1493
10292 510
10293 510
10294 510
10295 510
10296 510
10297 1303
10298 1303
10299 1303
10300 1303
10301 1303
10302 1129
10303 956
10304 956
10305 956
10306 956
10307 956
10308 922
10309 922
10310 922
10311 922
10312 922
10313 922
10314 922
10315 922
10316 922
10317 922
10318 922
10319 613
10320 613
10321 1183
10322 1183
10323 1183
10324 1183
10325 39
10326 39
10327 39
10328 39
10329 631
10330 631
10331 631
10332 139
10333 975
10334 257
10335 50
10336 257
10337 804
10338 804
10339 804
10340 829
10341 829
10342 205
10343 205
10344 205
10345 205
10346 163
10347 163
10348 163
10349 1038
10350 1038
10351 163
10352 163
10353 163
10354 163
10355 163
10356 1038
10357 1038
10358 1038
10359 1038
10360 1038
10361 1038
10362 1038
10363 624
10364 1201
10365 1201
10366 1201
10367 1201
10368 1201
10369 1201
10370 1201
10371 1464
10372 1464
10373 1464
10374 1464
10375 1464
10376 810
10377 810
10378 810
10379 810
10380 50
10381 50
10382 50
10383 1187
10384 1187
10385 1187
10386 922
10387 1303
10388 710
10389 710
10390 1303
10391 1303
10392 1303
10393 1363
10394 592
10395 1138
10396 592
10397 592
10398 592
10399 592
10400 592
10401 1138
10402 592
10403 592
10404 1138
10405 785
10406 1457
10407 922
10408 922
10409 655
10410 655
10411 655
10412 655
10413 655
10414 655
10415 1248
10416 1248
10417 570
10418 570
10419 613
10420 613
10421 86
10422 86
10423 86
10424 86
10425 561
10426 561
10427 561
10428 561
10429 561
10430 1014
10431 521
10432 521
10433 521
10434 823
10435 823
10436 823
10437 823
10438 823
10439 823
10440 510
10441 800
10442 1156
10443 800
10444 800
10445 800
10446 800
10447 800
10448 49
10449 49
10450 49
10451 49
10452 49
10453 49
10454 49
10455 49
10456 49
10457 49
10458 49
10459 653
10460 403
10461 1156
10462 1156
10463 528
10464 528
10465 528
10466 528
10467 1374
10468 1374
10469 604
10470 604
10471 604
10472 604
10473 661
10474 661
10475 661
10476 661
10477 661
10478 785
10479 802
10480 802
10481 802
10482 802
10483 802
10484 802
10485 795
10486 795
10487 795
10488 795
10489 795
10490 584
10491 584
10492 584
10493 584
10494 584
10495 785
10496 341
10497 785
10498 785
10499 341
10500 785
10501 785
10502 341
10503 341
10504 785
10505 785
10506 823
10507 823
10508 823
10509 823
10510 1194
10511 1194
10512 1194
10513 490
10514 1177
10515 1177
10516 1093
10517 1093
10518 1093
10519 712
10520 1093
10521 975
10522 975
10523 975
10524 1382
10525 1382
10526 1382
10527 1382
10528 1382
10529 1382
10530 1382
10531 468
10532 468
10533 468
10534 468
10535 468
10536 756
10537 653
10538 653
10539 653
10540 653
10541 653
10542 653
10543 665
10544 665
10545 665
10546 665
10547 665
10548 1303
10549 1303
10550 1303
10551 566
10552 819
10553 819
10554 819
10555 653
10556 756
10557 756
10558 653
10559 756
10560 653
10561 653
10562 653
10563 653
10564 91
10565 91
10566 1098
10567 1098
10568 1098
10569 1098
10570 1098
10571 1098
10572 1098
10573 1098
10574 1098
10575 1098
10576 1098
10577 1098
10578 1098
10579 71
10580 624
10581 100
10582 100
10583 100
10584 974
10585 974
10586 974
10587 804
10588 804
10589 804
10590 804
10591 785
10592 785
10593 1098
10594 671
10595 556
10596 556
10597 556
10598 556
10599 556
10600 556
10601 1191
10602 1191
10603 1191
10604 1191
10605 1191
10606 1191
10607 1191
10608 1191
10609 1191
10610 1191
10611 1203
10612 1203
10613 1203
10614 1203
10615 1203
10616 1203
10617 281
10618 281
10619 281
10620 281
10621 281
10622 281
10623 281
10624 281
10625 281
10626 661
10627 661
10628 1098
10629 1098
10630 1098
10631 1098
10632 1098
10633 392
10634 392
10635 392
10636 392
10637 392
10638 392
10639 438
10640 438
10641 438
10642 438
10643 438
10644 438
10645 438
10646 438
10647 438
10648 438
10649 438
10650 765
10651 337
10652 337
10653 337
10654 956
10655 956
10656 757
10657 956
10658 956
10659 956
10660 956
10661 956
10662 956
10663 1349
10664 680
10665 1349
10666 896
10667 896
10668 896
10669 1303
10670 1303
10671 1098
10672 1098
10673 218
10674 218
10675 218
10676 218
10677 218
10678 218
10679 1193
10680 1193
10681 1193
10682 1193
10683 220
10684 1254
10685 1254
10686 71
10687 71
10688 71
10689 71
10690 71
10691 450
10692 450
10693 1303
10694 765
10695 765
10696 765
10697 765
10698 765
10699 1098
10700 1098
10701 1007
10702 1237
10703 652
10704 652
10705 652
10706 652
10707 652
10708 652
10709 652
10710 652
10711 652
10712 652
10713 652
10714 652
10715 1098
10716 1098
10717 1098
10718 1098
10719 1098
10720 1098
10721 1098
10722 608
10723 929
10724 449
10725 449
10726 449
10727 756
10728 550
10729 550
10730 550
10731 550
10732 550
10733 550
10734 550
10735 550
10736 550
10737 550
10738 765
10739 765
10740 506
10741 506
10742 1303
10743 1303
10744 1303
10745 828
10746 828
10747 1310
10748 1310
10749 1310
10750 1310
10751 1310
10752 1310
10753 1310
10754 1310
10755 1310
10756 1310
10757 1310
10758 1310
10759 1310
10760 1072
10761 1098
10762 1098
10763 1098
10764 1098
10765 1098
10766 124
10767 124
10768 124
10769 124
10770 124
10771 795
10772 523
10773 1055
10774 1055
10775 574
10776 574
10777 574
10778 574
10779 574
10780 722
10781 722
10782 933
10783 933
10784 933
10785 933
10786 933
10787 933
10788 557
10789 557
10790 557
10791 557
10792 557
10793 557
10794 557
10795 828
10796 1098
10797 1098
10798 1098
10799 1098
10800 1098
10801 766
10802 814
10803 814
10804 1363
10805 1363
10806 1363
10807 1426
10808 1303
10809 1303
10810 48
10811 48
10812 722
10813 722
10814 722
10815 722
10816 722
10817 722
10818 119
10819 119
10820 1311
10821 1311
10822 1311
10823 1304
10824 1304
10825 1304
10826 214
10827 214
10828 214
10829 1098
10830 1194
10831 1194
10832 1183
10833 1183
10834 1183
10835 382
10836 382
10837 382
10838 382
10839 382
10840 1098
10841 1200
10842 1200
10843 1200
10844 1164
10845 713
10846 713
10847 713
10848 713
10849 716
10850 86
10851 48
10852 48
10853 967
10854 967
10855 829
10856 829
10857 829
10858 829
10859 829
10860 829
10861 1180
10862 1180
10863 1180
10864 1180
10865 1214
10866 1214
10867 1214
10868 1214
10869 876
10870 1098
10871 1098
10872 710
10873 710
10874 1193
10875 1193
10876 1193
10877 1193
10878 1193
10879 1193
10880 1193
10881 1193
10882 1193
10883 1193
10884 1193
10885 1193
10886 1193
10887 890
10888 890
10889 1303
10890 775
10891 775
10892 775
10893 775
10894 775
10895 775
10896 795
10897 247
10898 247
10899 247
10900 247
10901 247
10902 1266
10903 1266
10904 1266
10905 1266
10906 1266
10907 1266
10908 706
10909 1429
10910 1429
10911 1429
10912 1429
10913 1098
10914 1098
10915 304
10916 304
10917 304
10918 304
10919 1004
10920 1004
10921 1382
10922 528
10923 528
10924 528
10925 528
10926 1119
10927 1119
10928 1119
10929 1119
10930 1119
10931 829
10932 829
10933 829
10934 1005
10935 1303
10936 1098
10937 1098
10938 62
10939 62
10940 62
10941 1048
10942 680
10943 680
10944 680
10945 22
10946 22
10947 22
10948 22
10949 393
10950 331
10951 393
10952 393
10953 393
10954 393
10955 393
10956 1059
10957 1317
10958 1317
10959 1317
10960 1317
10961 1059
10962 946
10963 946
10964 519
10965 519
10966 528
10967 528
10968 528
10969 1338
10970 1338
10971 1338
10972 1338
10973 159
10974 76
10975 1098
10976 1098
10977 1155
10978 1155
10979 1155
10980 1155
10981 1155
10982 1155
10983 1155
10984 1155
10985 1155
10986 228
10987 228
10988 228
10989 228
10990 228
10991 228
10992 1488
10993 1488
10994 1488
10995 1488
10996 815
10997 815
10998 69
10999 815
11000 216
11001 643
11002 643
11003 643
11004 643
11005 1098
11006 1434
11007 1434
11008 1098
11009 1098
11010 1098
11011 10
11012 10
11013 10
11014 10
11015 10
11016 22
11017 22
11018 22
11019 22
11020 22
11021 22
11022 22
11023 22
11024 1440
11025 1440
11026 1440
11027 1404
11028 1404
11029 1404
11030 671
11031 671
11032 671
11033 1126
11034 1126
11035 1126
11036 1126
11037 974
11038 276
11039 276
11040 276
11041 276
11042 1242
11043 1242
11044 1242
11045 1242
11046 1242
11047 1242
11048 1242
11049 1242
11050 1242
11051 1242
11052 755
11053 755
11054 1126
11055 1126
11056 1126
11057 1126
11058 1126
11059 994
11060 994
11061 994
11062 511
11063 511
11064 511
11065 511
11066 1098
11067 1098
11068 1490
11069 1490
11070 1490
11071 1490
11072 1490
11073 1490
11074 1490
11075 1490
11076 1196
11077 1196
11078 1196
11079 1196
11080 1102
11081 1102
11082 1102
11083 1102
11084 1363
11085 977
11086 977
11087 676
11088 676
11089 676
11090 676
11091 676
11092 216
11093 1442
11094 1442
11095 1442
11096 1442
11097 1442
11098 1442
11099 1442
11100 1442
11101 1442
11102 835
11103 835
11104 835
11105 835
11106 835
11107 322
11108 311
11109 311
11110 1461
11111 1461
11112 489
11113 1273
11114 489
11115 489
11116 489
11117 785
11118 785
11119 216
11120 815
11121 660
11122 660
11123 660
11124 660
11125 660
11126 269
11127 269
11128 712
11129 712
11130 712
11131 712
11132 712
11133 712
11134 1200
11135 1200
11136 1200
11137 1200
11138 1200
11139 1426
11140 1426
11141 1426
11142 974
11143 974
11144 974
11145 974
11146 974
11147 974
11148 974
11149 974
11150 974
11151 974
11152 974
11153 974
11154 974
11155 803
11156 803
11157 803
11158 803
11159 556
11160 556
11161 556
11162 556
11163 940
11164 940
11165 940
11166 940
11167 940
11168 940
11169 940
11170 940
11171 940
11172 785
11173 311
11174 311
11175 521
11176 521
11177 583
11178 583
11179 583
11180 59
11181 59
11182 59
11183 59
11184 59
11185 865
11186 865
11187 865
11188 865
11189 865
11190 865
11191 975
11192 975
11193 1166
11194 1166
11195 1166
11196 1166
11197 1166
11198 275
11199 275
11200 275
11201 275
11202 275
11203 973
11204 1098
11205 370
11206 557
11207 557
11208 557
11209 1098
11210 802
11211 802
11212 802
11213 802
11214 802
11215 802
11216 835
11217 835
11218 828
11219 828
11220 828
11221 1238
11222 1238
11223 1238
11224 1238
11225 792
11226 792
11227 1060
11228 1060
11229 1060
11230 1060
11231 1060
11232 1060
11233 1060
11234 1060
11235 1060
11236 1060
11237 1060
11238 1370
11239 1370
11240 1370
11241 1370
11242 1370
11243 1370
11244 1370
11245 1370
11246 1370
11247 1370
11248 1002
11249 1002
11250 1002
11251 1002
11252 1002
11253 789
11254 789
11255 789
11256 789
11257 789
11258 1163
11259 1163
11260 1163
11261 1163
11262 1102
11263 1102
11264 1102
11265 1102
11266 1102
11267 1339
11268 1339
11269 1339
11270 1339
11271 322
11272 322
11273 322
11274 322
11275 322
11276 765
11277 765
11278 765
11279 451
11280 451
11281 1166
11282 1166
11283 450
11284 450
11285 1094
11286 1094
11287 671
11288 671
11289 671
11290 1384
11291 451
11292 451
11293 451
11294 451
11295 451
11296 451
11297 451
11298 451
11299 451
11300 296
11301 296
11302 543
11303 543
11304 543
11305 543
11306 543
11307 543
11308 543
11309 543
11310 543
11311 1338
11312 1338
11313 1338
11314 1338
11315 1435
11316 1435
11317 1435
11318 1435
11319 1161
11320 1098
11321 1161
11322 1161
11323 1161
11324 1161
11325 607
11326 607
11327 1320
11328 1320
11329 1320
11330 1320
11331 1320
11332 906
11333 906
11334 906
11335 906
11336 906
11337 22
11338 22
11339 22
11340 625
11341 1412
11342 969
11343 969
11344 969
11345 969
11346 903
11347 422
11348 422
11349 422
11350 422
11351 1093
11352 1184
11353 1093
11354 1093
11355 1184
11356 1093
11357 1093
11358 1382
11359 1382
11360 1237
11361 1237
11362 803
11363 803
11364 803
11365 1441
11366 1441
11367 1441
11368 1441
11369 1441
11370 1441
11371 1441
11372 1441
11373 1441
11374 1441
11375 621
11376 621
11377 621
11378 621
11379 621
11380 27
11381 27
11382 27
11383 27
11384 27
11385 27
11386 27
11387 1345
11388 1345
11389 57
11390 487
11391 487
11392 973
11393 90
11394 90
11395 973
11396 90
11397 90
11398 90
11399 90
11400 90
11401 90
11402 1
11403 1
11404 1
11405 1380
11406 1380
11407 1380
11408 1
11409 1
11410 1
11411 1
11412 1212
11413 1212
11414 1212
11415 1212
11416 1303
11417 624
11418 624
11419 624
11420 624
11421 451
11422 451
11423 1098
11424 1229
11425 1229
11426 1229
11427 1229
11428 1229
11429 1229
11430 1229
11431 1331
11432 1331
11433 1331
11434 1331
11435 1331
11436 1331
11437 1331
11438 607
11439 828
11440 765
11441 765
11442 765
11443 765
11444 765
11445 765
11446 765
11447 1049
11448 767
11449 767
11450 767
11451 767
11452 767
11453 767
11454 282
11455 282
11456 1384
11457 1384
11458 1384
11459 1384
11460 1384
11461 1098
11462 1098
11463 1098
11464 1098
11465 1433
11466 1433
11467 697
11468 697
11469 697
11470 697
11471 434
11472 434
11473 434
11474 434
11475 434
11476 434
11477 434
11478 434
11479 434
11480 331
11481 331
11482 331
11483 331
11484 331
11485 331
11486 1147
11487 1147
11488 1147
11489 1147
11490 1147
11491 1147
11492 1147
11493 1147
11494 1087
11495 1087
11496 1087
11497 1087
11498 1087
11499 1087
11500 765
11501 335
11502 335
11503 335
11504 335
11505 335
11506 335
11507 335
11508 335
11509 335
11510 335
11511 335
11512 335
11513 335
11514 335
11515 335
11516 1298
11517 1298
11518 1298
11519 1298
11520 1298
11521 1298
11522 1439
11523 1439
11524 1439
11525 1439
11526 1098
11527 1098
11528 204
11529 204
11530 204
11531 204
11532 204
11533 204
11534 282
11535 665
11536 665
11537 765
11538 765
11539 765
11540 765
11541 765
11542 765
11543 765
11544 291
11545 819
11546 819
11547 819
11548 536
11549 631
11550 608
11551 608
11552 669
11553 697
11554 697
11555 896
11556 896
11557 144
11558 1120
11559 1120
11560 1120
11561 1120
11562 1120
11563 1120
11564 1093
11565 329
11566 329
11567 329
11568 418
11569 329
11570 329
11571 329
11572 329
11573 1056
11574 1376
11575 816
11576 207
11577 331
11578 331
11579 331
11580 331
11581 331
11582 1272
11583 1272
11584 1272
11585 1272
11586 1272
11587 765
11588 765
11589 765
11590 765
11591 729
11592 729
11593 729
11594 187
11595 187
11596 187
11597 645
11598 377
11599 377
11600 377
11601 204
11602 204
11603 204
11604 204
11605 1096
11606 1096
11607 1096
11608 1096
11609 643
11610 988
11611 1005
11612 1005
11613 914
11614 914
11615 914
11616 914
11617 1197
11618 1197
11619 1197
11620 654
11621 654
11622 654
11623 654
11624 654
11625 654
11626 57
11627 57
11628 57
11629 57
11630 1463
11631 1463
11632 62
11633 62
11634 62
11635 62
11636 62
11637 62
11638 62
11639 788
11640 331
11641 331
11642 360
11643 360
11644 360
11645 331
11646 331
11647 233
11648 233
11649 233
11650 233
11651 233
11652 233
11653 233
11654 233
11655 1311
11656 1311
11657 1440
11658 1440
11659 1440
11660 1440
11661 1440
11662 1440
11663 607
11664 607
11665 607
11666 607
11667 746
11668 746
11669 746
11670 746
11671 331
11672 331
11673 331
11674 654
11675 654
11676 1316
11677 1316
11678 1316
11679 1316
11680 1316
11681 706
11682 706
11683 706
11684 706
11685 706
11686 706
11687 994
11688 994
11689 994
11690 994
11691 645
11692 645
11693 1412
11694 1493
11695 1493
11696 1493
11697 1493
11698 1493
11699 1493
11700 1194
11701 1194
11702 1194
11703 1194
11704 191
11705 22
11706 1303
11707 1352
11708 654
11709 922
11710 176
11711 176
11712 176
11713 176
11714 176
11715 176
11716 176
11717 176
11718 176
11719 176
11720 176
11721 636
11722 636
11723 636
11724 636
11725 636
11726 636
11727 1403
11728 1403
11729 1403
11730 1403
11731 1403
11732 1403
11733 1403
11734 1403
11735 1403
11736 1403
11737 1403
11738 1402
11739 1402
11740 1402
11741 1402
11742 1402
11743 1402
11744 1402
11745 1402
11746 1402
11747 1402
11748 1402
11749 1402
11750 338
11751 338
11752 338
11753 338
11754 338
11755 338
11756 338
11757 338
11758 338
11759 338
11760 1402
11761 1402
11762 352
11763 352
11764 352
11765 352
11766 655
11767 655
11768 655
11769 57
11770 57
11771 187
11772 187
11773 187
11774 1463
11775 1463
11776 1463
11777 655
11778 655
11779 655
11780 655
11781 1340
11782 1340
11783 1340
11784 1340
11785 596
11786 596
11787 903
11788 903
11789 736
11790 736
11791 736
11792 736
11793 736
11794 736
11795 736
11796 736
11797 736
11798 1303
11799 1463
11800 1049
11801 1402
11802 1402
11803 1319
11804 1319
11805 1319
11806 1319
11807 945
11808 945
11809 945
11810 945
11811 736
11812 736
11813 736
11814 736
11815 1403
11816 1380
11817 1380
11818 1380
11819 1380
11820 1380
11821 1119
11822 1119
11823 1119
11824 946
11825 1404
11826 1404
11827 1404
11828 1404
11829 1404
11830 1404
11831 1404
11832 1402
11833 1402
11834 1402
11835 1402
11836 1402
11837 1402
11838 1402
11839 1338
11840 1338
11841 1435
11842 1435
11843 1216
11844 1216
11845 1029
11846 1029
11847 1029
11848 1029
11849 921
11850 921
11851 680
11852 680
11853 680
11854 1403
11855 1403
11856 1403
11857 46
11858 46
11859 46
11860 1352
11861 1352
11862 1352
11863 1352
11864 1272
11865 1403
11866 1403
11867 625
11868 1398
11869 1398
11870 1398
11871 1398
11872 78
11873 78
11874 78
11875 220
11876 220
11877 220
11878 220
11879 220
11880 1005
11881 1005
11882 1005
11883 643
11884 1003
11885 1042
11886 1042
11887 1042
11888 1042
11889 1042
11890 380
11891 380
11892 380
11893 380
11894 380
11895 380
11896 380
11897 829
11898 829
11899 1284
11900 1284
11901 1212
11902 1212
11903 1212
11904 1212
11905 1212
11906 286
11907 286
11908 286
11909 286
11910 663
11911 663
11912 663
11913 663
11914 1323
11915 1323
11916 1323
11917 1323
11918 1323
11919 1323
11920 78
11921 78
11922 78
11923 78
11924 78
11925 78
11926 1193
11927 1193
11928 1193
11929 1193
11930 33
11931 33
11932 33
11933 33
11934 1006
11935 1006
11936 1006
11937 1006
11938 1006
11939 1006
11940 1006
11941 1006
11942 1006
11943 1006
11944 1094
11945 1003
11946 360
11947 360
11948 360
11949 625
11950 1166
11951 1166
11952 1166
11953 1166
11954 1352
11955 1434
11956 1434
11957 1434
11958 825
11959 825
11960 825
11961 183
11962 1003
11963 1003
11964 511
11965 511
11966 511
11967 143
11968 143
11969 143
11970 143
11971 143
11972 143
11973 1216
11974 1216
11975 1216
11976 304
11977 1163
11978 1163
11979 1163
11980 1434
11981 1434
11982 1434
11983 656
11984 656
11985 656
11986 656
11987 656
11988 656
11989 656
11990 692
11991 692
11992 1433
11993 1433
11994 1433
11995 1433
11996 1433
11997 680
11998 680
