14 63
3240 257
310 309
313 378
37 527
322 563
3242 0
342 673
3116 713
349 724
3163 90
24476 813
8033 833
388 864
6092 878
6098 897
392 913
9755 917
9782 587
3950 55
6248 772
13612 45
25177 45
15743 45
25215 45
11361 386
6250 878
11221 1102
10410 1146
6103 90
10436 881
82 199
10528 238
10555 45
6105 1190
448 1200
6144 1118
6178 564
6373 1263
6400 1213
6451 1293
6457 1313
6494 943
6634 843
6643 1272
6645 248
6678 1381
8104 45
3493 1415
485 102
151 275
156 1467
171 632
508 19
6892 1135
7284 1294
7344 238
7486 238
7631 343
3418 1694
7655 1695
15793 24
533 553
13354 843
13362 521
6768 1272
13404 1150
13415 281
8954 939
12824 45
12924 284
557 375
13007 102
9969 1806
6203 45
580 45
5795 1824
4011 255
11472 1838
11493 277
11503 917
4028 45
11559 1853
11621 45
11660 45
3424 842
5796 1319
11767 562
5797 228
11813 1173
11821 1917
11939 45
11944 45
11961 56
11967 1024
10586 56
5808 1962
5831 285
5841 1976
5862 1068
5865 1984
5867 102
5894 1999
5895 2000
5897 1373
5909 543
10347 285
10357 301
13650 192
15815 45
28080 2057
639 394
28125 55
28353 301
28373 45
28454 255
12612 1999
675 1076
30198 284
693 2172
8968 238
30595 40
13670 112
713 913
30900 63
30913 45
30941 45
31057 45
24647 45
13695 114
4147 282
15969 843
24825 275
15984 45
13975 486
8975 192
14141 139
7958 736
14376 45
14742 45
10602 182
10603 2241
14832 182
25831 45
25837 1300
25851 45
25871 1236
25874 281
4171 1989
25881 238
25888 1124
25901 1190
763 1128
25916 2446
25918 309
25923 285
25927 558
25928 629
25934 1225
25945 238
25949 45
16079 1950
16352 555
16365 867
10606 238
16387 45
16553 1969
16600 2479
16894 1540
17770 2432
18281 255
18334 2539
18885 45
19060 1518
790 0
19305 45
19488 1894
19592 277
10617 271
19853 281
19993 1903
20642 45
20926 867
20961 2646
33366 938
830 474
879 238
953 120
965 1110
1097 553
1122 238
1169 2442
1227 821
1310 2705
1325 45
1390 284
1487 2712
1614 2728
1616 1094
1704 45
1717 1190
1727 1140
36243 281
35641 45
9712 1041
36661 45
33442 45
32366 285
11282 556
33461 1294
33466 2129
33470 2472
33472 898
33478 2406
33487 1969
33490 2705
33494 1182
33501 906
33507 1467
33545 546
25048 1840
33571 2406
33582 297
33593 1907
33603 2820
33622 2804
33625 2827
33627 2790
33628 2455
33630 2829
33632 2128
33654 2665
27537 1829
33663 284
33668 549
33675 281
33691 1301
33696 2125
33701 45
33708 1897
33727 281
33733 1066
10623 2016
33759 2850
33764 238
33772 1853
33778 45
33782 2857
33786 1108
33805 238
33807 2728
33813 1122
33835 1540
33837 1306
13580 709
33853 712
33854 2872
33892 238
33895 1139
11286 2679
33945 565
33956 1309
33957 2887
1774 830
33971 1929
33979 2890
33980 2127
33981 45
33997 2894
34015 559
34063 2004
34066 2854
34075 1993
34097 2904
34116 2905
1777 2790
34119 2334
34132 1306
34150 2874
34151 1123
34160 285
34162 284
34176 281
34183 1993
34189 1824
34205 1284
34214 45
34231 45
34246 1066
34256 238
34257 698
34274 914
34301 1190
34302 1986
34313 1099
34340 1193
34350 2448
32369 2915
25807 732
34364 2828
34383 2129
34391 2374
34400 2197
34401 152
34409 2924
34434 2679
25978 1200
34470 228
34483 877
34492 45
34496 548
34498 2493
34503 2932
34506 1230
34519 1083
28582 2011
34551 1134
34569 1978
10627 1944
34598 2728
34608 1068
34620 2804
34621 1867
34625 1824
34650 238
34665 546
34667 45
34689 1134
34700 2712
26191 2955
34711 508
34717 45
34721 2861
31584 2961
31612 906
32307 1467
4265 112
35687 2665
37630 102
37688 3011
32375 3015
32378 45
32380 1301
32389 45
32391 45
32398 281
32401 45
49216 2538
37756 224
32413 3031
37763 1139
32418 45
49248 882
32425 45
32430 45
32438 45
32440 45
32442 527
32457 45
32461 1240
32466 3029
37826 2807
32468 45
32478 1110
32480 45
32485 3060
4301 1079
32495 301
37863 1894
32498 45
49460 313
27539 2965
29834 114
37919 2804
10642 45
38833 45
38892 2014
34733 45
39109 3124
39201 2804
34734 1139
39442 238
39670 40
39925 3181
4343 866
40190 56
40633 45
40700 2265
40820 24
40898 1201
40930 281
41008 3222
41084 102
34737 1896
50367 1886
37571 45
50884 1027
50898 1663
10656 45
54153 45
27724 3302
27731 3305
55121 567
55230 1381
41316 45
55338 2128
55345 3312
55597 238
55608 45
55615 2550
54543 45
57485 301
57492 1853
34747 2923
28624 1102
57554 45
56359 2828
57561 1102
57568 45
34754 1134
57571 238
41344 3346
57620 1287
57622 1976
34759 2850
57628 2810
57640 45
57650 238
57673 2914
57677 1128
41347 1073
51071 881
57731 2932
56367 1969
54551 45
57811 301
34776 2516
34778 1150
58776 45
58785 2165
51078 45
41380 521
10659 748
55986 45
51302 462
51381 45
51405 45
51595 3380
51633 45
51872 45
8246 1572
47367 281
52253 2670
52374 45
52422 45
52550 1399
52589 45
58571 1134
58582 3241
58605 938
58608 45
60712 423
60718 238
41468 1564
57078 881
47465 45
48079 45
32560 102
10371 284
32618 636
32664 45
32676 45
32691 45
32742 45
32777 45
32790 677
32806 45
32819 45
32832 45
32885 45
61028 474
61149 2850
61681 2901
62326 45
62398 524
9043 285
64160 576
41553 1467
64205 238
64209 135
41555 3450
64244 1292
64276 394
41564 2002
64289 45
64301 1163
57149 3397
57162 238
56380 2005
58699 238
56383 45
4469 343
56392 45
56396 45
41595 1306
41598 1909
56411 238
56417 45
56433 45
56455 562
4510 45
56459 1361
56465 238
56471 45
56472 1824
56488 281
56499 2961
34808 629
59188 711
59207 301
59235 2515
59242 1371
59255 2009
59265 930
75997 1995
76018 112
76490 45
61746 1511
42074 45
42097 238
74323 45
64752 1134
74494 281
74527 45
12165 238
10665 238
65594 238
65674 45
65688 1937
65707 238
66068 301
42161 615
10666 481
10667 228
70681 45
72026 45
62716 474
77989 508
59087 2057
59118 1969
74263 247
69070 714
61808 45
21230 45
67086 1467
67092 1306
67093 45
77310 45
10675 2329
21234 45
69524 45
34817 2874
80396 876
79006 45
79048 301
79079 3312
79097 45
81296 1683
28664 631
90077 1193
90081 45
90095 308
82729 45
42430 622
83346 1338
42461 794
42464 45
10680 45
84382 238
82414 284
42511 521
84587 3581
84674 1110
85025 470
85128 45
85196 284
85550 45
85644 238
85791 45
86054 45
86245 546
56218 3394
86713 45
86745 313
86991 45
34826 45
42650 228
56230 45
90815 308
88469 45
88685 45
62740 166
93142 627
93257 629
93441 45
42698 1243
93496 301
91213 1030
82900 794
42703 1244
93764 3210
42722 45
57835 45
42736 2113
10687 182
32888 3324
113127 1234
113143 517
113636 865
91342 1366
113682 278
113703 45
113704 906
113707 3654
113712 865
95134 277
10688 301
113735 281
113742 45
42806 880
90347 565
15301 880
94384 1359
10690 1717
94486 45
34843 816
42812 1163
95150 308
91816 45
91819 102
91867 2116
91876 1540
113997 1202
114000 1943
113863 935
114810 297
90920 238
90943 2935
90978 281
90996 45
10692 842
91099 1396
91157 1195
95164 284
34861 1944
42837 364
115042 1091
10693 684
95179 3012
114914 45
114916 301
82913 45
114921 2834
42844 1122
114931 238
114944 1272
114961 45
114985 842
95216 546
118277 45
118364 45
95224 45
118530 45
118538 281
118647 45
118661 1299
118703 281
119175 45
116415 45
42859 7
95258 284
119423 301
119655 45
94772 45
120455 1342
42900 375
113930 1801
92285 281
116580 45
4671 45
116633 301
95422 2009
95461 1994
114139 2955
114147 284
114149 2961
114152 876
95462 3526
95469 45
95476 284
114440 281
120559 45
95578 238
120563 45
1903 1219
120583 1824
42985 45
82835 238
115676 1134
42992 45
95630 281
95634 45
114268 301
82966 2828
82980 2601
11294 1054
83001 2403
83010 45
83032 1053
122895 45
115194 45
95742 1200
95751 898
95770 238
95771 881
95779 284
123160 45
123873 45
126248 1361
126257 935
43028 1094
119660 937
43029 3212
95806 714
120971 238
115649 700
115682 45
115759 1518
115817 2393
115846 867
62430 1467
95849 1337
116129 238
95865 2575
95868 508
126609 584
10373 45
91453 301
91456 301
91500 842
43090 45
43102 1246
43105 1269
43112 1272
125918 1272
43141 45
126027 593
96331 2496
96570 238
43275 1163
43281 45
97128 45
97225 843
97263 544
127505 45
36919 228
91277 238
131807 45
131947 45
133048 3807
43332 640
43336 2004
97629 1695
97634 45
43339 238
43341 2510
97814 45
61078 45
97833 2795
97916 3172
97990 45
135597 45
136413 112
10715 103
139682 3858
98615 45
139703 791
139956 45
98641 1974
139787 876
98657 45
141610 629
10717 1986
43455 811
143109 45
140743 1813
143141 1134
98688 238
116313 813
142063 1095
142068 876
98694 45
143864 297
143865 297
46750 872
143885 1120
98701 45
34920 1236
142157 308
98711 45
143394 277
140759 1299
98739 1907
141840 45
126337 1134
34929 45
140770 3871
143513 1973
143522 626
141401 45
98790 904
98794 3395
34933 281
98807 2826
43494 284
43496 238
142216 1139
98885 2826
34938 3459
43505 1163
43506 301
98944 301
98991 3725
142295 1141
99012 301
99026 887
142316 281
99039 881
142326 238
99062 882
53194 281
142331 238
99077 277
99090 301
99122 677
99145 1334
32325 1296
142391 281
99184 238
99189 1554
99224 1894
99242 238
142433 1399
142437 709
99270 547
99290 45
142472 1265
99318 45
43552 2132
99328 1385
99374 2014
99385 3882
142522 45
142528 238
34945 1306
142546 629
99568 45
99577 882
99589 45
142605 301
142622 2665
99658 1301
143934 1139
99668 2838
99671 867
99720 1240
43601 1065
142680 3897
142688 1190
142690 45
99789 45
99798 2411
99812 1914
43613 281
99872 1364
99880 45
99881 1201
99886 1101
99902 1813
99934 45
99969 45
43639 845
43640 45
100127 45
43643 3012
100157 281
142881 238
141273 1140
100197 763
100233 880
100236 2703
100242 2826
140386 281
140420 1201
144405 2832
144408 281
144416 45
144440 1065
43657 281
141278 285
141483 1083
100283 709
43663 7
145430 1546
143744 1442
43665 366
143541 238
83044 1197
145379 2425
100315 1467
143231 308
43673 7
100356 1174
141733 1085
144710 461
144715 2828
43675 2057
144737 45
100362 3331
100363 285
56524 565
78665 807
144777 301
143465 1380
142987 2934
100375 1306
100378 1246
140802 238
143637 547
43683 1139
141232 238
100391 285
53778 45
149691 3113
100445 2580
100446 1999
10724 45
145390 2839
34979 2004
57849 1813
148160 1102
148648 2705
145523 238
100515 45
100619 1358
150822 45
150235 45
150369 45
150435 1201
91528 2807
152152 1316
151684 281
151698 45
151709 45
34988 1467
152494 45
152670 238
32889 45
151901 45
156353 238
139708 3720
156370 297
152053 281
152059 281
155363 281
100747 267
44045 1894
154361 45
154582 267
44122 45
154801 996
154845 45
34994 281
145011 709
145012 1234
91530 1146
145032 45
145043 3958
145055 45
145073 2949
156439 281
156441 281
44199 281
100943 1299
100959 1295
44213 281
159118 1920
44224 45
100983 45
151390 45
100993 284
160966 2007
156562 1909
140819 301
44295 2826
161602 1696
151294 2005
161608 281
161613 308
151311 3965
161621 45
151320 1813
161137 802
44310 238
44316 2840
152111 1217
156581 238
44338 281
44343 1241
101114 45
44348 1237
101124 238
156975 45
157064 45
157147 281
44392 45
155675 1244
155800 1467
155834 1499
158996 1240
44422 1280
155039 1894
44431 1894
101283 45
44443 45
163219 812
163295 45
44474 1328
159288 281
162151 238
164014 45
160295 281
44538 281
162318 281
155955 544
161669 1294
164440 281
171011 45
171264 816
158559 1986
44591 627
101537 1295
164218 2607
35005 1338
164249 2003
101557 301
164262 2607
164270 238
167474 281
44611 1301
171405 45
171409 508
101619 45
101658 3350
171428 629
171431 45
101671 45
101674 284
101712 277
171448 45
56528 1916
140827 238
171454 1824
101721 45
140828 843
171466 281
170013 45
141753 45
170342 1356
101775 238
170350 45
101785 1389
170353 301
101798 1362
158164 238
101815 45
101823 301
101825 1853
101832 543
44633 1358
101836 1356
170414 1381
101839 1356
101848 238
101851 880
101872 1356
101880 45
170460 1383
44647 3858
166424 45
155849 45
175005 301
170070 1572
170071 281
44683 2441
102388 45
169502 281
102587 45
102827 285
177804 2469
44716 1914
179524 45
102873 842
102897 301
181040 881
102928 301
181109 1192
35013 2796
103028 882
178951 45
103330 2829
179141 45
44750 284
183355 284
103398 2057
103441 45
103449 3897
103451 45
103526 45
180867 1024
180540 816
103665 2832
184741 45
184757 2132
74729 1140
186722 1134
189331 45
92560 1134
185088 45
188229 301
188230 238
188235 45
188237 45
188239 45
188241 45
103721 1467
188251 45
188252 45
188254 45
103722 308
188258 238
188259 45
21459 238
186792 238
139970 45
189446 45
189604 1518
189674 3581
192767 2333
103769 2818
194122 45
185618 45
193831 297
193839 629
190613 301
190707 45
195407 45
174022 1409
193813 45
189158 277
197640 45
199434 45
174023 192
196753 238
199824 45
199828 281
199836 2004
188263 45
44831 45
200714 281
199965 1695
10747 45
200490 2903
160540 45
196302 45
204461 45
204466 1294
199844 1909
206209 284
205484 351
104520 1996
207483 301
207856 238
206164 801
204211 1640
209418 45
157328 2914
160542 281
210362 238
210379 281
212861 103
212595 45
212596 45
212599 238
67095 45
162029 4112
104780 301
212602 45
212603 45
212606 45
212611 867
104781 301
212615 45
212616 238
212618 45
212619 45
212620 556
212621 45
212622 45
212625 238
212626 1399
212627 45
212629 45
199973 45
212633 45
212635 4113
212637 3018
212639 45
63818 45
212640 238
212642 45
212643 1399
212645 45
212646 45
212647 238
212648 45
212649 45
212650 45
212651 45
212654 45
212655 2098
212659 238
212660 45
10752 301
212664 45
212668 45
212669 1110
212670 45
212681 45
212683 301
212684 45
104784 2129
212687 1338
212688 45
212690 45
212691 238
104786 45
104787 297
212696 45
212699 45
212700 45
212701 45
212702 45
212703 1378
212707 45
212710 45
212711 238
212712 45
212714 45
10753 301
212715 45
212718 238
104789 2129
212719 238
212720 238
212722 45
212724 45
212725 238
212728 308
212729 238
212730 308
44927 816
56532 629
214581 45
212341 24
211626 238
214945 45
44934 1272
44937 297
217259 45
105157 3355
63819 2947
105193 1021
222028 45
105368 238
159324 281
227764 45
105553 103
228414 281
105568 1129
229709 281
228815 45
228816 45
228819 281
227743 45
56533 1190
228846 45
228861 1134
228869 1134
10758 199
45002 1996
229724 284
152125 897
145096 45
230494 45
230495 1134
35042 2828
45003 45
230497 301
199975 277
230499 45
230504 45
230506 45
105605 45
230511 45
230513 281
156380 565
122618 732
230517 45
230519 45
230521 45
45004 2205
230527 45
230530 45
105606 2407
230531 45
230535 297
230537 45
230539 45
56536 281
230540 2057
230545 45
187146 45
230546 301
230547 45
230551 45
230552 45
230554 508
228653 45
230555 297
230556 45
230557 45
230559 45
230561 45
230562 45
230566 238
105607 284
230568 301
230571 45
230572 1237
230575 1853
230578 301
230580 1696
230581 2129
230582 281
230584 45
230585 45
230586 238
230588 3887
230589 45
56537 297
230591 238
230592 45
230595 45
230597 301
230600 508
105608 4157
230603 238
230604 45
230605 45
230607 45
230608 45
230609 45
230610 238
140881 238
230612 45
230615 45
230617 238
230618 45
230619 45
230620 238
10760 301
230622 45
230623 45
230628 45
230630 281
230633 45
230636 238
56538 1085
230640 45
230641 45
230642 45
230643 45
230645 45
230650 45
230654 281
230655 45
10761 45
230663 45
10762 45
230665 45
230666 45
230667 45
230669 45
230671 45
230672 45
230673 45
10763 45
230675 238
230677 45
230680 281
230681 45
230682 238
230683 45
230687 45
230689 1813
105611 45
230691 45
230692 45
230695 238
230696 45
214970 45
230295 238
232681 45
232885 238
105650 2533
105656 1999
233432 45
233449 3129
105710 238
105712 698
233464 508
105730 1993
234035 45
234081 1546
234092 238
234100 277
234133 45
234137 281
105743 1134
234140 45
234145 45
234146 1853
234168 238
234171 1853
234190 1134
234218 45
234239 1696
234255 1134
234265 1134
234266 45
234286 1134
141308 1134
234311 1853
234329 1134
234333 1134
46384 1546
234771 238
233613 45
74733 917
10767 285
233905 45
105782 3440
237346 238
237396 281
237397 281
234344 1134
237407 45
237413 45
237416 281
237424 281
237426 285
237428 45
236866 238
45099 3312
237239 366
239955 238
235657 45
240798 1101
10769 3724
105917 1167
240141 45
105944 301
105945 612
114257 301
242728 238
243522 45
35055 238
243603 281
243357 238
241859 629
230698 238
243620 45
243629 285
229733 1546
241870 45
241879 284
241893 238
241905 45
241907 1190
230700 45
236233 281
243232 281
35060 45
105983 45
243306 45
243197 45
243950 45
243753 2799
139711 1228
105988 308
243792 3888
244273 2697
245297 2007
245164 2601
106004 238
244221 238
244231 498
245443 2839
161682 1696
243058 238
245497 816
35068 238
244410 684
244424 1141
244450 45
45122 3973
245740 238
245780 45
10773 102
245921 1085
245984 238
246018 238
246068 45
10774 45
246110 2192
246167 228
246189 3355
246479 301
246553 45
106054 301
246679 45
188264 2007
244713 3965
144515 1128
247790 45
247690 238
247773 238
247706 281
140921 1333
246836 4236
248877 45
10775 228
106096 2929
116323 1758
215209 45
253700 1155
106169 45
10776 297
255264 2057
199977 45
255269 281
255275 45
255276 301
255283 45
255284 1134
241912 45
255305 238
255308 45
255314 238
56542 281
255321 281
228891 281
187156 238
106185 45
255371 281
255392 45
241916 45
255434 281
106187 45
255447 281
255448 3673
255455 238
256214 2424
106229 45
45156 45
245505 281
5961 2687
257561 238
50501 249
259855 2165
3714 281
21567 238
229740 669
263073 45
263074 297
264705 238
264560 45
21570 281
265325 45
106533 45
106586 631
272742 45
272299 4315
272187 238
106679 301
171390 281
277144 45
276344 629
106800 301
278926 285
280400 2874
106862 547
281819 238
281682 285
281683 1907
106937 45
283979 238
285042 562
286854 281
285323 45
285351 238
198399 301
285400 45
285441 45
285542 45
285553 45
285568 45
285572 45
285586 45
199985 508
285644 45
285680 45
285690 45
285702 45
285775 238
187171 45
285804 45
285809 45
285825 45
285841 45
285868 45
285884 45
285931 238
285935 45
285947 281
285973 238
286026 45
286028 45
230704 45
286045 45
286078 45
286111 238
56545 1190
286131 45
286147 45
286161 281
286165 45
286208 45
286216 238
286222 45
230705 45
229743 45
10787 45
286298 45
286316 1399
158734 1322
286367 45
286375 45
286386 45
287126 2646
287139 2873
106956 882
35104 1061
283463 1190
283767 308
140991 228
283822 238
283825 284
283887 238
106966 308
283926 308
283930 308
284456 45
287595 238
287639 238
287652 301
287670 238
106975 2850
287672 277
287673 238
287675 238
151676 2646
140465 301
288617 4361
288511 45
287797 281
287847 281
287865 45
235948 45
287897 45
287913 238
286526 1054
142937 45
287053 45
287056 281
288353 45
287276 238
287289 45
290134 45
290075 301
290076 1801
290077 45
290079 45
290081 238
290083 238
290084 45
290087 45
290088 277
107003 2007
290089 45
107004 1343
10788 45
290090 45
290092 45
290093 238
290095 45
290096 45
290097 45
290098 45
290100 238
290101 45
290102 45
290104 45
290105 45
290107 45
290108 1399
290109 45
290110 45
290111 238
54605 45
107022 807
107041 546
107207 2847
107210 1467
292025 1999
107215 546
256645 2496
45319 281
293148 3356
293665 1384
91316 3563
294260 203
296358 238
295611 238
107288 301
296215 45
107307 45
297549 45
45329 238
10792 3922
300871 2005
301446 281
301447 281
300818 45
107357 1259
301983 301
301986 238
303514 238
303669 45
305414 45
10796 2507
305286 45
305720 411
308313 45
193843 2687
35126 45
310966 281
311917 45
313290 45
313324 45
314416 2004
314439 238
281139 238
315568 45
200739 45
315624 45
138538 1190
320228 102
234356 45
322602 2007
322477 1467
247700 308
324905 869
107595 45
59291 238
10802 45
323917 2952
200740 45
324261 45
325410 45
325413 45
325415 238
322614 238
321092 45
325755 238
325762 45
325763 284
288410 284
325784 2807
143024 238
107615 45
256649 45
326737 1190
326569 238
107625 1362
107626 881
107627 301
326785 2829
326804 2705
325301 45
327437 45
107637 45
324542 629
21630 238
300827 281
322619 281
126343 281
327510 238
107639 45
327529 45
324681 281
327533 281
327544 45
327559 281
327570 45
327584 45
327585 2057
327598 238
327608 45
327619 45
119727 2486
327641 281
327642 281
327644 281
327652 281
327661 281
327683 238
327694 45
328052 2471
230708 238
325253 45
326941 45
322627 45
322645 238
322774 45
322806 45
322830 1717
322905 238
322910 238
21632 45
91565 238
328285 238
328289 238
321154 45
321177 45
321186 45
321194 45
321299 45
256653 45
321401 45
321427 3035
321560 45
321600 308
321634 238
187189 45
321727 45
321807 45
321873 285
321950 45
322042 45
322123 1190
327282 880
327292 2192
329331 656
241927 1237
235674 2057
329527 238
50113 45
107712 301
326683 238
327043 284
331862 1853
107723 301
331651 238
10010 238
328056 3080
328487 3080
119730 538
328632 45
328971 1134
327700 45
238859 281
331757 45
333130 880
333502 281
333505 45
333058 297
322612 297
334309 45
119736 45
335250 238
210402 45
328108 308
335089 45
335912 238
336319 45
107758 238
246959 45
145467 1201
332410 45
298055 45
230709 45
335996 1996
335636 45
336858 228
107765 301
337246 238
107773 301
336066 881
107776 301
336072 882
107781 301
107782 301
107784 301
311691 301
107788 284
107790 301
107791 1368
107793 301
337422 238
330823 45
337798 45
247759 724
339873 45
50114 3897
341150 284
341158 882
10805 882
107821 301
341168 301
107826 301
107827 301
341183 301
341190 301
341191 301
341199 301
107843 301
107845 301
107846 301
107847 301
341212 301
107855 284
107856 791
341220 301
341231 301
107859 881
107861 301
107863 301
341363 1546
339774 45
152690 281
339793 238
341865 45
341867 45
341872 45
341873 238
341874 45
341875 45
341876 45
341877 45
341937 45
64347 45
59293 1368
344475 45
345691 238
345692 508
345696 238
327706 238
345332 45
10806 45
345642 45
345537 45
346869 19
348272 45
318618 45
347973 45
284438 45
66204 238
327711 238
358018 238
358033 238
108012 45
358054 238
108014 238
358068 238
358075 284
358106 238
358112 3699
358851 45
236237 238
230712 45
360232 228
360245 45
360852 301
331878 285
365579 301
324268 45
300831 281
285204 3833
135855 566
188267 301
379125 1201
382022 302
383424 228
384486 238
390479 45
124930 238
113785 45
152087 880
247760 3720
345649 1138
328109 45
174061 3593
399300 1824
399396 45
10816 45
10817 238
275780 794
404517 281
397427 45
87840 45
407437 45
408252 277
408069 45
408535 238
421675 45
421693 45
425121 45
424596 45
327713 238
427138 228
10822 228
426622 238
426659 45
426670 1237
426671 45
426692 45
108661 1894
427336 2496
427338 45
108747 45
427342 45
427418 45
427424 45
427434 45
427458 45
427464 45
429365 238
429242 301
431281 45
347232 45
425851 45
431943 45
323030 45
431414 45
435902 281
90326 45
444483 45
10825 0
159372 281
456277 3563
457512 308
327715 45
465759 816
302002 684
308357 826
385783 45
471695 238
10830 45
472744 45
472881 45
475580 45
476810 45
476870 45
476894 45
476911 45
476966 45
241936 281
301334 238
345711 4672
483510 238
485627 277
35192 238
486732 1695
486332 45
398013 45
496587 2050
496963 45
499673 45
300835 45
425865 281
503446 45
139793 1053
54442 277
385796 45
464175 2205
522773 1354
532426 301
535162 45
10833 45
548697 565
549402 45
550226 45
550809 45
286408 45
450464 3395
448899 238
252734 45
552030 45
157582 45
187301 45
300837 1813
557761 45
229775 45
188270 45
561365 4236
256954 45
564412 45
162651 2514
564212 281
564893 45
448956 3677
325585 45
283721 45
187309 238
575534 45
576262 45
576594 3896
588169 281
588855 238
603192 238
604433 1389
606757 45
323093 45
624142 45
119780 2204
639596 45
641186 45
658137 45
658082 45
327725 238
659579 45
660683 45
669616 45
670641 45
64351 1826
246873 45
478538 301
678860 45
681597 45
685248 45
151342 238
284706 4361
588620 238
286412 238
732013 297
10846 238
328090 45
339454 45
500944 45
10850 45
330918 45
295047 284
10854 238
426700 45
247678 238
21925 24
5097 732
2354 238
284125 238
25984 2057
327729 45
672520 45
12213 238
35218 45
247702 281
327730 281
397183 238
243683 281
230716 281
2364 238
315664 45
244885 284
243685 238
161689 281
9386 301
323 578
353 529
3411 238
6096 238
3966 238
6137 1209
6169 1230
6260 381
6492 943
6499 1122
6559 521
6860 238
3383 517
7328 284
9585 238
13378 248
13474 238
3987 1784
26386 341
579 1812
11397 547
11710 1885
11739 556
12002 1409
5835 1973
5838 238
5896 2006
5906 2011
5914 562
3434 626
3473 308
15847 238
677 91
26183 677
25678 238
30459 2208
15916 987
25520 1021
14176 301
15989 238
25838 1062
25893 238
25903 238
25904 1064
25919 626
764 627
4175 166
16247 481
4178 238
16987 546
10607 182
17283 2329
17616 238
17644 2005
17805 2119
18060 238
18095 1539
18424 238
795 1848
5941 203
19547 861
20028 238
20151 301
20500 1077
20578 1829
816 1812
29528 2664
877 238
878 238
1030 873
1306 2701
1513 2697
36354 238
36803 238
11280 1896
33440 238
33441 2013
33462 486
33463 872
33469 238
1769 867
33518 697
33535 238
33558 277
33695 238
33738 1094
33753 2007
32368 639
33777 238
33787 2448
33797 2192
33832 2601
33858 562
33862 2868
33867 2449
33890 1297
33906 238
33939 1231
33947 238
33959 1380
1776 2454
34000 546
34010 2810
34080 726
34084 285
34108 560
34117 1357
34197 277
34211 238
34228 1103
21018 1184
34359 470
34405 297
34410 238
34431 2849
34458 1226
34472 543
34494 301
34502 1061
34512 832
25049 238
34555 2449
4260 508
34576 2192
34588 284
34596 238
34646 103
34659 2951
34672 2953
37307 1182
37312 1518
34724 238
37388 238
35551 521
4276 842
49672 1095
37673 238
37817 3048
49363 400
49391 2426
37896 2328
38017 3076
38442 112
4321 1968
38734 1430
38759 3113
39143 636
15269 238
40196 297
40728 238
41268 3276
55247 1907
55455 3317
41329 277
56862 1969
57488 905
57556 238
34755 723
57601 2479
57647 238
57727 2953
57728 492
57738 2516
258 1195
41353 301
58857 2931
41366 2792
55752 238
51413 2330
51508 238
41443 277
50058 281
34781 639
58597 3395
5951 2687
58511 2002
58515 284
32710 199
32809 2728
61640 301
34792 1198
34793 2409
59315 238
64190 284
4429 2890
64254 1461
41561 724
64321 238
57171 301
56385 238
56430 795
56468 3467
1853 743
59225 238
59239 238
34811 238
15288 1853
68672 2847
74432 238
74521 238
65532 238
59712 238
65840 238
26615 238
70809 1518
72145 203
67167 1287
42260 549
59115 2478
74193 1524
69826 7
42303 2427
80844 308
74922 3563
68708 301
78140 3222
34820 2404
81668 238
84075 1824
84581 238
80014 881
85275 285
86584 284
42633 2860
10681 182
21285 1226
10684 103
1885 238
93349 238
91227 342
93915 2847
113676 549
42777 870
113762 877
94523 2328
91863 7
114751 547
34846 1452
91015 238
91020 2442
34854 7
91145 1396
34864 878
114845 284
114852 238
114858 238
114870 2333
114892 238
114902 238
114908 238
114912 238
95191 627
114971 2946
95210 297
115013 639
118556 228
42856 386
59283 3394
123513 238
95340 301
34874 238
95388 297
124390 238
114202 278
114059 508
42966 238
91357 832
120540 584
34880 238
120599 1091
95600 267
120635 284
34884 238
52706 238
115677 238
83003 791
95774 3212
123341 238
95787 238
72376 2860
95821 2826
95831 2026
116240 238
129859 1065
95927 632
96003 238
91448 1134
91450 633
91466 277
91482 1896
125767 238
43257 508
96860 353
97110 238
43289 1264
43300 2496
121489 238
121496 917
97686 629
135239 1182
52715 238
97912 1736
98171 238
137793 238
98618 1301
139667 238
43441 238
139746 238
139757 238
98654 1055
141602 238
34909 2006
141624 1123
141639 238
142050 1095
142088 1095
142103 238
140756 3871
83043 2001
141267 562
140220 1094
98737 301
143992 238
140765 1300
144060 3870
144122 301
54577 238
98810 301
142206 284
98925 238
98938 2878
98953 313
142327 308
99101 238
142373 284
142438 1546
99406 238
99441 238
99452 238
142583 3262
90097 1813
99580 543
99614 2699
99636 228
99641 1264
99648 297
99665 1359
99670 880
99716 284
142678 238
99763 2826
142686 297
43605 238
99801 238
142728 885
50195 3077
142762 2009
99924 238
142789 308
142799 284
43632 1944
142803 238
100036 277
100113 238
100178 1335
100179 301
43648 7
140069 3902
140390 238
72421 238
142032 238
143538 238
100291 301
144552 1998
5956 2861
144190 238
100329 285
1945 103
141730 238
43677 3395
100376 238
144388 1294
100380 1093
141219 1076
141226 1076
100405 1134
146373 1223
43802 301
142956 238
142966 1102
143821 705
144226 2853
148153 517
150081 238
149059 1294
151625 915
140808 869
153378 3948
152474 3312
152678 238
151879 313
156350 238
156360 238
151290 281
152124 301
100732 238
155366 801
43968 3350
44013 1240
154558 238
154713 281
154841 238
91529 1146
34995 238
145008 285
145018 238
145041 3957
152551 1194
100934 3763
34998 640
78669 238
155423 301
151348 238
151351 2020
101010 2496
58624 366
151321 633
160406 238
6803 1263
160491 238
44386 1313
155560 1295
44396 238
155574 238
163169 238
44424 238
160001 1240
166384 308
101421 238
143265 2601
168092 238
171253 238
155078 238
170050 3722
164233 1338
164244 284
101560 238
164280 238
101612 238
101665 1240
35007 277
101667 285
44614 238
101694 301
171740 238
170673 281
172492 803
157627 281
101776 882
101814 238
170393 1356
170427 1383
101858 238
170435 546
101867 882
170443 238
101888 881
169950 301
170111 238
5958 284
179945 284
181065 4023
181066 1302
180902 308
103054 1554
138466 238
183379 549
103400 2493
183406 2854
35016 2841
182869 238
184755 238
184771 301
185746 238
103710 2407
188226 238
188232 280
188240 564
193713 1184
35020 2795
113616 873
192826 1069
189508 238
193370 238
192520 1856
192521 308
192538 308
192572 238
186795 1234
3228 238
197405 1399
104119 2005
140304 238
10746 1359
200124 238
205491 284
204495 1294
206205 238
208187 238
104689 238
212968 543
212264 869
212276 2496
212673 238
212997 238
214838 238
4789 1856
227817 297
140878 285
10757 508
199974 238
228881 238
228382 297
105597 284
105604 508
230528 238
230577 238
230613 238
230634 1190
230637 238
230170 238
105616 284
230207 1226
230262 238
229725 2493
230050 4168
228211 115
105665 1467
234028 1306
234150 1231
234253 1986
234275 1134
234302 1134
234315 1134
234321 1134
237175 238
237431 238
237435 238
229732 297
214839 238
237253 238
235645 238
35050 1368
213014 2853
35051 2405
243015 238
243605 238
241865 238
241882 906
243822 238
243211 297
243280 3397
243284 238
243464 2932
244920 301
244227 1046
243059 238
244072 238
106031 881
245527 238
113935 1193
244299 238
244309 1234
244376 889
244391 631
244433 238
35070 301
245976 277
246170 238
246383 2876
246424 626
246592 238
246670 238
106058 238
244111 238
247662 238
247692 1813
247694 238
242822 709
246804 238
248341 238
247857 238
243653 238
245200 238
255306 1301
255348 238
255359 281
255374 238
255400 238
106214 2119
256275 238
256408 238
256413 238
256507 238
256539 238
256585 238
256603 238
256810 2080
244459 2859
256830 238
259505 238
258885 2361
258157 1280
262918 277
263096 724
254684 1467
270216 1912
106578 277
271315 238
268245 238
106635 2841
45258 238
274673 1197
274781 238
275409 238
277118 238
279345 238
106825 2850
106877 238
10785 103
45281 238
281654 285
281660 400
283737 285
284306 1418
283364 238
284468 238
244953 881
284891 238
244954 238
244955 4345
245035 562
284842 238
284486 238
246849 238
286062 238
106947 1399
287185 238
284787 2825
286637 1064
286711 1061
286737 238
286807 1372
63829 1981
283753 238
283762 284
283765 284
283796 308
283810 238
283831 308
283870 277
283881 869
283945 228
283961 905
286557 238
114463 301
140033 238
287597 238
161292 238
287601 238
287611 3414
287613 238
287618 238
287619 238
287627 238
287631 238
287633 238
287636 238
247699 297
287647 238
287654 238
287658 4355
287659 629
10379 238
78680 3922
284768 238
288072 238
287274 238
288247 238
213023 238
289906 4023
290478 4215
290479 301
290696 1191
107042 1386
291901 543
291902 543
291915 238
291931 301
291934 543
107110 2147
291950 2407
107138 2533
107143 238
291971 2005
291978 543
291987 2407
292000 1399
107190 313
292026 543
107236 277
292044 1467
291772 2887
292966 238
293675 238
295449 1357
284732 238
297287 1717
283625 543
301561 301
35120 313
301867 238
301873 238
301880 238
107359 238
301935 238
301951 238
301996 238
303444 238
244958 2887
306542 238
45390 238
35124 238
310276 301
144496 565
311871 238
310755 724
245203 238
242651 1867
313087 1867
141027 2496
313355 284
314401 238
313810 238
120496 3720
314192 238
189479 238
319856 1362
241925 2007
320955 2407
323930 238
244962 238
244963 238
322485 238
107591 277
161683 238
325412 2005
323977 1400
325648 238
325753 238
325768 285
325772 238
325779 238
325780 238
325794 238
321022 709
320849 238
324984 238
325300 238
325389 2729
327516 281
45416 238
327561 281
167091 281
187187 297
327675 238
212544 1299
328023 1134
328024 238
324838 629
328088 238
328879 238
322766 238
322919 299
328826 238
321485 238
327291 192
330690 543
329474 238
329572 238
329619 7
329720 238
186831 1240
329798 238
329840 285
329841 238
329853 238
329902 238
330003 238
330009 238
330066 238
330074 238
107716 238
328995 238
330642 1222
331120 1970
107720 297
331920 238
327047 238
331866 1237
328247 285
325545 238
285084 277
174591 238
325575 301
331393 238
35152 238
333369 238
107732 284
333479 238
333509 1240
333769 238
333049 277
334980 726
214840 238
332941 2428
334314 238
335225 238
336178 238
336398 238
107766 238
204218 4016
336776 238
336780 238
259732 238
337272 301
107779 301
10803 882
107796 2848
107799 301
337355 238
310850 238
337415 1362
337565 3012
336880 238
307290 238
339871 882
337486 1064
340393 2572
45443 238
340258 297
340365 238
340685 238
288204 238
340728 238
107818 301
341159 882
341166 301
341173 882
107830 301
341180 238
107834 882
341192 238
107837 301
341194 301
107841 2193
341196 301
341208 301
107850 238
341228 301
339692 2525
341093 277
254703 238
141078 313
340563 238
340575 238
341923 238
343317 2680
344085 238
212812 24
341985 238
312443 704
344967 4138
345003 280
345006 238
310282 238
340095 238
345577 238
345706 508
347732 301
348030 2328
344766 2510
345789 238
358002 284
358005 238
358010 238
358013 238
358015 238
331877 285
358034 238
358041 238
358045 285
358046 284
358052 238
358059 238
358061 238
313885 120
358069 308
358078 238
358081 238
358085 238
358089 2840
358094 238
358097 238
358103 238
358108 238
358110 238
358111 238
358874 238
359543 633
141091 238
366622 238
366652 3957
366674 4511
366678 238
339851 470
373555 301
375906 297
377079 238
310793 238
380862 238
381497 238
389884 1226
392174 3304
247781 2550
50531 4554
320967 2714
397291 1944
398050 238
397316 709
398187 238
403892 301
343936 1295
305792 238
332424 238
180054 238
425010 238
425015 1086
289729 228
427170 228
426274 2329
331922 301
427561 238
432109 281
382348 1338
433538 238
440451 869
184801 238
37494 238
455617 2572
322179 238
456209 238
455867 2912
458923 238
462282 301
464100 238
464104 238
468259 238
336118 364
477545 238
288210 1368
479530 238
480898 238
482458 301
483019 508
483521 238
487677 238
37498 238
501107 238
503917 2057
164289 2890
506531 238
341241 4708
329165 7
517745 7
358114 238
522993 277
526061 238
332432 238
526827 238
323066 238
171958 1292
229772 724
549012 2129
551056 238
234387 238
10834 238
557963 238
557782 238
345758 238
559589 238
561174 238
67859 238
564330 238
564084 238
330779 238
566677 238
567504 238
461003 238
576607 238
558967 1086
579923 238
586840 1920
587068 238
587801 238
560257 1840
592487 238
615782 238
571541 238
618933 238
164290 280
334413 297
631608 238
644544 238
612888 238
658141 238
658175 238
664246 238
477561 238
673285 238
68756 313
683234 2859
323954 277
706886 238
706887 238
724508 238
731679 238
735160 238
550273 238
323955 238
664181 537
10847 238
682950 301
805728 238
284123 238
856493 238
483159 1074
561176 238
245205 238
248258 238
425016 285
337812 238
5786 301
6085 876
6093 885
13577 709
9766 301
9799 937
6106 1197
487 1456
7468 301
11398 297
11760 1904
12048 1943
5800 1961
5850 1982
5885 277
5911 301
24605 547
30052 301
25850 1124
25872 2426
25899 301
25948 2450
766 301
4176 274
17464 2446
18345 301
18496 2547
18919 301
19591 1073
19832 873
19880 301
19920 801
1191 1387
1538 1805
1664 301
36568 879
33492 891
33542 2801
33584 1715
33688 2834
33692 2836
33698 2837
33716 2804
33726 2841
33770 1795
33784 2859
33825 2865
33848 2869
33909 2533
33925 2679
33990 1228
34020 2838
34033 2717
34044 1069
34058 1061
34125 1140
34129 301
34140 1110
34170 1368
34258 301
34266 1064
34273 1378
34290 2421
34366 2860
34371 900
34381 2860
34388 873
34392 2547
34439 301
34444 2850
34449 1378
34497 1371
34515 2679
11287 1094
34525 732
34645 707
34661 277
34673 301
34709 301
37383 145
11288 2930
39140 1192
39202 2842
49937 547
50330 1202
27751 301
56846 103
34741 3323
57498 301
57543 1981
57567 313
57606 301
57699 301
41349 301
57782 543
57800 2838
57817 1366
3667 1110
51997 3379
52206 2708
52207 301
41448 3380
58566 301
58583 2838
58586 880
58606 3397
58548 3401
61130 1192
64438 301
58992 837
64201 2421
64217 517
57144 2893
57151 890
57163 366
1851 301
59174 1069
41615 2827
59205 301
41616 2447
59252 1789
59083 277
59271 2924
59278 301
59579 301
68256 2840
68399 842
70606 301
71932 301
72094 301
59086 557
59109 882
58614 301
61816 842
80284 1358
79065 559
84086 301
86130 284
86632 301
86760 867
87690 301
56867 1392
95064 301
113701 870
90343 2801
90357 301
95158 1046
91345 284
42827 709
91024 301
91073 631
115152 301
114863 301
114896 301
95190 301
95198 2515
95201 301
95202 301
114963 1978
114973 301
114993 1368
121500 301
116765 1192
114180 301
95425 714
95449 301
114141 301
114157 301
114159 301
114162 1392
1902 301
95486 882
114064 301
95748 301
95764 1359
114565 712
114574 711
95776 301
128458 3394
126271 743
126308 1368
126322 842
94055 842
91366 301
91381 1801
91436 3777
56870 697
97367 881
43362 2852
131244 301
43411 301
136916 301
140367 301
139642 2932
98734 301
98741 930
141849 2436
143975 301
142185 301
43489 1262
98834 301
98965 301
99005 880
99031 301
99042 301
99063 930
99153 2954
142402 301
99352 1435
79377 1385
43586 301
10718 699
99803 301
99832 1228
99936 3838
10719 546
100177 281
140377 714
58621 279
141208 1715
100393 301
144324 301
143815 2865
144250 301
100455 301
100469 297
148814 301
100660 301
114224 297
34986 301
152658 301
152681 842
100783 308
145037 1368
100981 301
100982 301
151372 301
100998 1753
164190 842
164197 1082
101563 24
170351 1368
101809 7
101842 882
170417 301
101864 2429
101865 301
101881 301
102766 301
78242 301
181069 1182
181096 1387
102961 301
102979 301
185671 301
184764 709
26897 301
44791 2616
191464 301
193361 2924
144451 301
104072 301
186801 301
186804 301
104330 2009
104361 3390
202919 301
204476 301
212927 876
213585 1202
104852 301
218875 301
227696 301
228423 2450
220995 301
230576 1824
230247 301
35045 1399
105692 301
45030 1365
234027 301
35046 301
235529 301
105771 1907
237922 301
240837 284
105845 1060
243302 1937
144336 714
243972 684
243382 301
105990 842
243896 301
245459 301
245466 366
244001 301
245985 1971
246348 1387
246457 301
106053 301
106055 301
245509 301
243859 640
243863 301
57865 2801
249772 2929
106119 301
254962 867
106184 2493
106215 301
256390 629
256393 301
106247 1368
256415 301
256439 301
256544 4257
256936 3654
256827 301
257947 301
257610 301
257670 301
262504 3241
270172 842
106568 228
275928 547
275972 301
106782 301
106926 228
283685 301
140990 3868
35100 301
285044 4347
285061 2792
271955 301
284574 2010
284478 2865
287127 301
287153 1366
106955 1224
286770 301
284413 2478
243727 4345
283800 1357
283878 301
283931 301
283932 308
288337 301
287412 2493
288356 301
289430 4344
290476 301
290480 301
213024 2851
214252 3241
291870 2607
107061 882
107072 546
107193 881
292215 301
288609 301
107259 2850
107260 301
107261 301
10790 301
294660 1368
294664 1077
294684 1152
294828 301
107281 301
284733 3457
300057 301
300221 301
301338 301
141238 301
244870 301
301929 301
72630 301
301984 301
301581 301
309759 301
310402 301
107483 301
313538 284
107513 301
314417 301
314445 301
316052 297
107541 743
319706 301
276621 2857
107584 301
322581 301
322589 301
107602 301
107604 301
107624 3744
107628 301
327328 2493
328119 881
328804 301
321969 896
322145 3241
330697 301
107706 1801
244967 301
331863 285
330726 301
326931 301
91567 301
243493 301
328188 301
333114 301
107737 301
107738 1363
107739 301
333930 301
244970 366
334280 1368
311101 301
107751 301
107757 301
335058 301
107764 301
337242 301
263125 301
107771 301
107772 301
107774 301
107775 1376
336070 301
336071 301
107777 301
336074 301
336077 301
107778 301
107780 301
107783 301
107785 301
107786 301
107787 301
107789 301
107792 301
10804 301
107794 882
107795 301
107797 882
107798 882
336108 1365
336109 301
107800 301
336117 301
337419 301
337506 1382
337511 842
337517 301
336980 882
339411 2798
337590 301
107807 301
337591 301
337593 1900
337597 4461
337601 709
337606 842
339982 301
340763 301
340773 366
341116 1937
341152 301
107815 301
341153 301
341154 301
107816 301
107817 301
341155 301
341156 2607
107819 301
107820 301
341163 301
341164 301
107825 301
341169 301
341170 301
341171 301
341172 301
288417 1359
341174 301
341176 301
341178 882
107828 301
341179 301
107829 301
341181 1390
341182 301
341184 301
341185 301
341186 301
341187 301
341189 301
107836 301
107838 301
107839 301
341195 301
107840 301
107842 301
341197 301
341198 301
341200 301
341201 1367
107844 301
341202 301
341203 301
341204 301
341205 301
341206 301
341207 301
107848 301
107849 301
341209 301
341210 301
107851 301
341211 301
107852 301
107854 301
341216 301
341218 301
341219 881
107857 301
341222 301
341223 301
341225 301
341226 301
341227 301
107858 301
341229 301
341232 301
107860 301
341234 301
341236 301
341237 301
341239 301
341240 301
341862 2427
341859 301
342174 301
344364 301
329139 301
343145 301
345017 301
345688 508
57882 301
350617 3673
366294 301
370566 301
397123 301
275991 709
286883 279
405449 2670
91581 882
421678 301
430485 301
439567 301
449031 301
453070 2010
455553 301
455555 301
456208 301
455875 842
333793 1192
243348 301
478501 301
174073 301
482459 301
152691 301
404453 301
469504 709
496596 301
496407 1224
506501 301
61092 301
285064 3776
515691 301
244982 301
145102 301
562821 279
585008 301
245036 2518
478537 301
504247 301
188271 4786
644341 301
660917 301
673573 301
682746 301
244984 4257
709271 301
719885 301
701915 301
739035 301
770973 301
793023 301
369162 301
152089 709
35 451
8654 114
38 540
3926 255
3241 570
43 63
45 592
334 576
3599 481
9605 618
347 405
53 726
3266 56
352 224
7862 40
12296 247
355 257
3271 761
364 427
63 55
370 431
12358 103
24492 30
9827 247
72 500
73 247
9611 988
6853 247
25239 413
413 38
15777 40
10409 38
7870 1150
10420 199
10422 224
3960 257
10437 247
9887 636
10445 199
10462 1162
9612 771
436 90
3963 40
10280 224
10564 1188
10568 102
8109 247
8110 1404
13637 988
95 1021
9656 1461
173 247
249 255
6917 0
6978 476
7295 1522
7341 102
7354 1448
11375 1776
3989 1771
3990 247
9970 596
9998 114
8427 249
10005 476
11394 247
10583 501
11448 1832
11457 55
4023 1843
11527 102
11548 40
11613 38
7928 63
11632 1865
10585 263
11683 1872
11702 581
592 476
11819 247
4056 224
11848 351
11854 247
11896 255
8961 162
12029 247
4087 247
12100 1957
5828 1082
3460 2021
3477 2023
29896 2027
4098 247
27816 540
28096 247
28249 481
28313 1935
28347 247
8049 55
8063 761
12587 263
12590 19
15853 38
30065 114
30130 247
30190 430
30201 247
10591 56
30280 2170
30351 396
8869 501
30535 1742
30607 591
30646 0
30674 63
30699 247
30734 2253
30744 63
30779 224
30890 195
13676 247
30918 247
4138 102
4139 114
8010 258
30986 247
721 2268
729 247
734 2304
15976 38
15986 757
31925 19
10288 732
10600 247
13859 0
13879 1046
12108 182
7959 529
14253 40
10601 0
14514 247
14549 263
14573 30
14646 247
14807 162
15172 247
4172 63
16015 596
769 2139
31626 431
16586 38
17142 30
17594 103
785 247
18355 2301
18699 56
18759 38
4214 247
19018 102
19298 249
19378 247
19379 249
19450 753
19918 247
19936 405
20008 247
20169 247
20203 1150
20354 102
20529 247
33151 224
33157 114
33163 2085
32357 63
33190 255
33209 56
29401 400
29492 445
29523 63
29525 112
1405 247
10620 224
36235 120
36304 464
36458 55
36536 112
36557 1957
36715 224
36757 476
4254 247
32221 987
37585 114
10628 2033
4273 249
3395 2986
49651 1335
3655 247
37661 247
37685 610
37710 400
49127 275
49130 224
37721 481
49132 247
37722 1147
37732 1771
37734 761
49152 1248
49157 247
49159 247
49160 247
49168 40
37740 480
49177 3020
4287 224
31956 759
31081 114
49194 247
49197 55
32404 1521
49212 224
49222 249
49227 224
49232 40
37762 1504
49233 247
4292 2025
49251 476
49257 63
31959 247
49276 247
49277 38
37778 112
49281 40
49282 247
49292 38
49293 247
49298 56
10631 636
37791 162
37792 1827
10632 56
49325 102
49327 103
49341 247
37806 485
49348 247
49349 247
37812 224
49359 224
49362 102
37818 481
49366 247
32459 475
49373 247
49382 247
37827 1933
10633 400
49389 40
49397 247
49398 255
37837 636
49410 247
49412 247
49414 247
49421 2159
49429 476
37851 589
37853 224
49436 247
49441 55
10636 346
49442 247
49445 247
37861 400
28597 247
32037 56
37982 38
10639 58
38219 757
32510 3089
38422 247
38447 501
38461 203
38562 759
10644 1186
38876 728
39193 247
39242 797
39318 1832
39538 203
39601 247
39816 247
39818 3179
10647 199
32525 1147
39914 400
40044 2025
40094 102
40215 247
40262 247
10649 761
4347 38
40831 247
40956 588
41054 247
41082 102
41092 2023
41109 476
4360 3230
50345 55
50368 3261
31717 445
33213 588
50382 633
50384 56
1808 570
50406 591
50428 247
50434 247
10653 56
4368 247
50803 540
3495 540
4373 1771
50825 275
50837 247
50841 247
32534 166
50868 224
41271 247
41275 2150
50921 2341
50968 247
50980 728
50988 476
50990 480
35540 247
53561 249
53576 247
53717 247
55377 114
56965 247
41355 500
55920 3102
51485 247
51975 247
41485 247
32597 481
32640 759
32689 102
32842 55
32858 102
62098 247
62100 224
62148 102
10661 19
64461 2160
62386 30
64161 40
64188 136
64215 2536
64246 199
64300 2025
50446 135
61908 2737
67463 56
4449 589
64749 1150
4470 594
4504 55
67318 112
67326 55
67343 501
74304 566
74171 102
74172 400
75147 63
41803 247
70119 176
65464 102
42060 55
9046 431
61919 135
74334 247
74446 102
69021 540
63661 2268
64573 476
50449 595
42145 3092
65621 501
65672 247
65913 38
65941 112
66016 247
66017 112
70673 247
71073 247
71495 38
26619 481
74173 247
33399 55
37613 485
74176 102
74177 247
74179 1771
74181 247
74182 247
74183 247
74184 40
74186 38
74188 247
74189 114
74190 247
74191 1147
74192 224
74194 469
74195 247
74196 56
10669 2024
74199 481
74200 247
74204 38
10670 255
74206 247
50452 540
50453 501
74207 224
42264 247
74211 30
74214 224
74215 55
74216 56
74218 102
74220 224
74222 247
74223 247
74224 247
74225 501
74226 911
74227 500
74228 247
50454 476
74229 247
10672 56
12675 759
74230 247
74231 114
74232 725
74236 476
74237 882
42266 1481
74238 247
74240 30
74241 203
74244 247
74246 247
50091 249
74247 102
74249 40
4592 247
74255 56
73656 247
74259 263
74260 247
74261 224
74264 38
74265 725
74268 247
74269 103
74272 247
74273 503
74274 247
74275 247
74276 40
74277 40
69038 114
69063 112
77350 224
69513 114
69765 224
69896 247
69910 224
80329 247
80333 197
80441 247
31115 247
80845 853
80935 247
42362 224
81623 636
42420 576
83578 247
83687 247
82415 247
85803 247
86787 102
42607 590
87171 247
81727 247
90757 30
88850 102
93212 203
93433 247
63800 853
10689 40
95146 247
91857 758
91868 837
10691 485
119190 102
119596 247
74004 247
116460 224
116474 247
4661 38
4664 247
95411 247
95413 247
116817 1150
42935 3721
95471 591
35598 247
95516 30
95541 224
77969 247
74278 2221
24878 730
10702 591
56165 581
10703 56
95853 247
66133 400
95872 247
46315 40
95888 247
4710 247
129874 102
95924 1147
95984 987
95985 485
130213 247
130384 247
96015 318
96029 247
96032 2025
43227 247
97484 927
10710 1167
135006 249
135053 1553
1917 3817
33221 3817
10713 761
10714 34
1925 255
10716 224
136894 247
138863 247
100325 247
12684 572
149707 247
144934 757
145480 247
100496 247
10726 224
100508 224
150450 247
50482 480
170348 247
79381 247
64520 247
102847 55
102848 247
179685 102
178704 247
10737 63
7715 4026
182324 247
10739 2009
103020 247
178743 950
103121 247
103157 38
103160 38
103184 721
178936 199
44748 224
103370 38
103521 247
103652 247
50490 501
103669 102
103671 38
182653 779
182704 247
182745 247
182748 725
10745 572
189076 40
78675 40
103704 2357
44775 112
191323 103
193277 400
104017 1736
196665 501
194887 114
199329 103
104143 24
104212 38
104227 224
104470 102
212716 275
104929 56
105024 203
79387 259
105570 247
228122 318
231824 63
50493 56
233308 247
233005 247
235393 203
235395 2966
236791 103
239916 247
239496 102
241412 485
241420 249
10771 199
105952 481
241458 56
241470 224
105958 247
242150 247
45114 567
50497 55
248116 247
251573 30
106176 247
74282 1351
106337 247
261379 1736
262635 247
264695 44
264697 2476
106488 247
106489 247
264701 4284
264702 500
106490 247
106491 247
106492 203
106493 247
106494 476
106495 247
106496 247
106497 4285
264706 247
106498 540
264708 2157
264709 247
263832 114
106500 247
106501 247
264711 400
264712 247
264716 56
106503 2476
106504 247
264718 247
106505 247
106506 56
264720 247
264721 476
264722 247
264723 567
106508 591
264725 247
106509 2025
106510 247
74283 247
74284 1147
264731 247
79394 476
264733 224
264735 203
263837 2229
212802 962
270674 424
191858 57
181251 247
106687 247
274742 247
276540 2726
277057 2401
174040 63
10323 247
278201 247
279603 30
281638 247
281643 40
281646 114
106913 40
10786 400
281665 62
281668 400
281878 540
291835 247
50514 56
295349 247
296417 2300
79398 247
10795 182
306397 2176
135097 275
308825 467
50523 102
74285 2236
352489 247
352691 102
356630 247
356108 247
212814 610
357759 247
358575 2159
358122 1933
50525 480
112984 247
360987 102
365015 203
373851 2025
373857 247
375825 247
50528 2132
382436 247
388696 247
388697 247
388699 757
388705 247
388709 102
388710 102
242301 247
388714 102
388716 249
388717 102
388718 480
126837 247
388732 275
388738 102
36964 102
388743 102
388747 247
388748 102
388760 757
388765 247
388769 247
388770 1147
32896 476
388776 102
388777 102
434711 247
434751 247
443045 501
10827 540
309123 247
449620 24
10829 224
74287 247
264737 30
531098 247
74288 247
10839 247
67388 247
688907 247
348927 247
748036 247
10851 224
388789 247
6252 834
6276 834
6277 1242
6292 94
6301 94
6313 94
6335 834
6346 1276
6362 593
6367 834
6380 834
6388 834
6402 94
6405 92
6421 834
6425 834
6439 943
6448 834
6460 93
6461 94
6469 94
6470 94
6471 1253
6503 1242
6505 94
6508 1253
6511 95
6520 94
6529 843
6530 1327
6548 92
6565 1253
6571 682
6594 94
6603 1342
6621 297
6622 843
6629 94
6630 94
6661 95
6669 1315
6681 1253
6682 1242
91 94
6740 834
6761 834
13292 843
13355 834
13360 593
13454 1244
34229 1253
34546 1241
37985 834
41263 834
51681 834
64444 834
4422 834
64707 834
56426 285
56500 834
83758 834
90581 92
42691 834
13482 834
89272 593
89324 94
42766 1246
42790 834
129868 834
96051 1253
96097 943
96168 834
96169 834
43147 834
43150 834
43155 834
133723 834
43484 95
142190 815
43501 939
142241 1240
142248 834
99617 834
99622 834
99977 834
99984 834
100097 943
100118 94
142882 834
153956 1253
153957 834
100675 834
153960 834
6780 94
43910 843
155980 834
100709 93
43919 94
43925 834
155355 834
153908 939
153963 834
157567 834
155356 1253
157428 834
157434 834
43934 92
157453 834
157454 834
157758 834
154055 943
43985 94
100775 1253
154062 834
157886 834
10054 834
154107 834
154332 593
154795 834
154812 1240
158579 1315
87806 1253
158640 1253
155913 834
158948 834
158954 1259
158983 1242
100923 834
155403 834
158040 834
160826 834
160828 94
161356 834
160830 834
100991 834
161368 834
44265 94
100992 834
161378 834
161379 834
160835 834
157461 834
159081 92
160842 834
161404 92
158642 95
101003 834
155900 93
156318 1253
156319 834
158208 1242
156566 834
158218 834
158229 1315
158250 834
158254 1244
158257 834
6801 834
158292 834
158920 834
161605 94
161118 834
161130 834
160463 834
101062 943
156835 834
44358 563
158017 1253
44385 834
162156 1253
44389 1134
161802 94
155553 834
155612 834
155622 834
155661 834
155674 834
155677 1253
44407 834
155699 834
155736 94
155812 834
158933 834
158937 834
161756 834
158921 834
44425 94
161881 834
160848 834
161909 834
161911 834
161916 834
160850 834
161931 834
161937 834
44435 834
162173 1309
163960 834
159088 834
159100 834
160853 1315
161977 834
162051 94
159949 834
162056 834
158656 834
160860 834
162063 834
162066 94
158657 94
160003 834
160174 834
44512 834
163621 834
163656 834
156014 834
162252 94
44547 834
162393 834
162397 834
164034 834
164038 94
166456 834
166498 834
166499 834
166500 834
166502 834
166505 1269
166506 834
166507 834
160864 1240
166509 94
166510 834
164360 834
166513 834
166515 834
166516 834
166518 834
166519 834
166457 834
166522 834
166523 834
166458 834
166525 834
166529 834
166530 834
166533 834
166534 834
166535 834
166537 834
166540 834
164362 834
166543 834
158319 834
166546 834
166547 834
166548 834
166549 834
166551 834
166553 834
166554 834
166559 834
166561 834
166563 834
164364 834
160865 834
155070 834
158542 834
166567 834
162073 94
164365 834
166571 834
166572 834
166573 94
166459 843
166577 834
166580 834
166582 834
164369 834
166583 834
166584 834
166585 834
166588 834
166590 834
166591 834
166592 834
166593 834
166594 834
166595 834
166596 834
164370 834
166600 94
159299 834
163977 834
166605 834
166606 834
164372 834
166609 834
166614 834
161090 834
166615 834
164373 834
166617 834
166618 834
166619 94
166622 834
166624 834
166625 834
166626 834
164375 834
166629 834
166630 834
166631 834
166632 834
164377 834
166633 94
166635 834
166636 834
166637 834
166638 834
166639 834
160319 94
166642 834
166643 94
157472 834
166462 834
158320 834
164379 94
166647 834
166464 94
166648 834
166649 834
158672 834
166651 834
166652 834
164381 834
164382 834
166654 834
166655 834
164383 834
166656 834
166658 834
166659 834
166660 834
160866 834
164385 834
166664 834
166667 834
166669 834
166671 834
166672 834
163908 94
166674 834
166675 834
166679 834
166682 834
166683 94
164387 834
166687 94
166688 834
166689 834
166690 834
44557 834
166696 834
164390 834
166697 94
166700 834
166701 834
166702 834
160869 834
166703 834
166704 834
166706 834
166707 834
166709 834
166712 834
166713 834
166715 834
166717 834
166718 834
166465 94
166719 834
166720 834
155988 834
166723 834
166724 834
166727 834
166728 834
166729 834
166731 834
157322 834
166735 834
166736 834
166738 834
166740 834
166742 834
166466 834
164393 834
166747 3367
166748 834
166751 834
160320 834
166752 834
166467 834
166755 94
166756 834
155989 834
164395 834
166468 834
166763 834
162169 834
166764 834
10056 834
166769 834
164396 834
166770 834
166771 834
166772 834
166773 834
166469 834
166774 834
164397 834
166777 834
166778 834
164091 834
166779 834
166781 834
166782 834
166783 834
166784 94
164399 834
166787 834
166789 834
166790 1253
166791 834
166793 834
166795 834
166796 834
166797 834
166798 834
166799 834
166801 834
162074 834
166802 834
166803 834
166804 834
166805 834
166806 834
166807 834
166808 834
166809 834
166810 834
166811 834
164402 94
166813 834
166815 834
164331 834
155071 1859
166820 834
166821 834
166470 834
101439 834
166822 834
166824 834
166826 94
166828 834
166829 834
10057 834
166831 834
161411 3971
166833 834
164404 834
166471 1242
166839 834
166840 834
166841 834
166842 834
166846 834
166847 834
166848 834
166849 834
166850 834
166851 834
164405 834
166852 834
166854 834
166855 834
166856 834
166857 834
166858 834
166859 834
166860 834
166861 834
166863 834
166865 834
166867 834
166869 94
163161 834
166472 834
166873 834
166874 834
166875 834
166876 834
166877 834
166878 834
166880 834
166882 834
166884 834
166887 834
166889 834
166891 834
166892 834
166896 834
166898 94
166899 834
166904 834
166905 834
166906 834
166907 94
166908 834
166909 834
164408 834
166911 834
166912 834
161779 834
164409 834
162152 834
166913 834
166915 834
166920 834
44558 94
166921 834
166925 94
166927 94
164412 834
164413 834
166931 834
166932 834
166933 834
166934 834
166936 834
166937 834
166938 834
166940 834
166941 834
166943 834
166946 834
166947 834
166949 834
164415 834
166952 834
160872 834
166953 834
166954 834
166955 834
166957 834
155990 834
166961 834
166962 94
166963 834
166964 834
166965 834
164419 834
164420 834
164115 834
101441 834
166968 94
161030 834
160873 834
164421 94
166474 834
160874 834
155991 834
166475 94
166975 834
164423 834
166978 834
166979 834
166982 834
166983 834
164424 834
166985 834
166986 834
166987 834
166988 834
166990 834
166991 834
166992 834
166994 834
166995 834
157473 834
166996 834
160875 834
166997 834
166998 834
166999 834
167001 834
158171 834
157474 834
167003 834
167004 834
167005 1275
167006 834
167007 834
167009 834
167011 834
167012 834
167015 834
167019 834
167020 834
167021 834
157548 94
167023 834
167024 834
167026 834
167028 834
164426 834
164427 834
167032 834
166476 834
166477 834
167033 834
164429 834
167034 94
166478 94
167041 834
167043 834
164432 834
167044 834
167046 94
167047 834
167048 834
167049 834
166479 94
167050 834
164433 834
167051 834
167052 834
167053 834
161031 94
167055 834
164436 94
167056 834
167058 834
166480 834
167061 834
167063 834
167066 834
167067 834
167068 834
167071 834
167072 834
167073 834
167075 834
167077 834
167079 834
167081 834
164437 834
167082 834
164438 94
155992 834
170655 834
164637 834
164092 834
164962 834
165049 834
101546 94
170052 834
165508 834
167404 94
167085 834
170523 94
44686 1240
337011 834
337013 834
337016 834
167093 834
337017 834
337018 834
337020 834
167094 834
337025 834
167095 834
155173 834
167096 834
167101 834
167107 834
163981 834
157550 94
580751 834
588476 834
167111 834
599285 834
315 429
8737 162
3932 581
8817 162
8821 162
9606 199
6848 162
8865 195
24499 162
70 162
9735 905
23 474
76 162
402 162
25107 40
3958 344
6856 195
10474 162
10506 162
86 166
478 162
480 725
7127 162
4005 732
11575 162
10584 63
11750 424
11952 1935
12012 38
12089 195
619 102
3467 38
15834 162
29983 581
30062 40
30405 779
30423 725
10593 182
13668 318
4131 24
15910 162
30833 162
3394 38
15959 1566
7968 162
3631 224
14879 798
16805 146
17144 166
17448 166
17907 162
19108 162
19182 162
19667 162
20093 162
29934 162
1291 259
36057 162
36829 162
35834 162
37451 2981
4270 162
35592 162
31980 162
37996 224
39147 224
26569 837
40597 162
3287 162
46300 102
48825 162
4388 162
6222 656
64677 162
64694 733
62381 162
59313 203
65300 3453
75341 224
61910 162
63645 162
1866 431
49500 162
80236 162
67527 162
81311 162
84425 162
86198 162
90214 162
81739 162
88379 19
93472 162
90289 162
61979 162
89223 162
89350 162
123738 162
95467 38
95521 162
28695 24
123739 162
123740 162
123741 162
123742 162
123743 162
123744 162
123745 162
123746 162
123747 162
123748 162
123749 162
123750 162
123751 162
123752 162
123753 162
123754 162
123755 162
123756 162
123757 162
123758 162
123759 162
121982 162
123760 162
123761 162
123764 162
123765 162
123766 3753
123767 162
123768 162
123769 162
123770 162
123771 162
123772 162
123773 162
123774 162
123777 162
123779 162
123780 162
123782 162
123783 162
123784 162
123786 162
123787 162
123788 162
123790 162
123791 162
123793 162
123794 162
123795 162
123796 162
123797 162
123798 162
123799 162
95786 162
123800 162
123801 162
123802 162
123803 162
123805 162
123806 162
123807 162
123808 162
123809 162
123810 162
123811 162
123812 162
123813 162
123814 162
123815 162
123816 162
123817 162
123818 162
123819 162
123820 162
123821 162
123822 162
123823 162
123824 162
123825 162
123827 162
123828 162
123829 162
123831 162
123833 162
123834 38
123835 162
123836 162
123837 162
123838 2980
123839 162
123840 162
79373 162
123841 162
123842 162
123843 162
123844 162
123845 162
123847 162
123848 162
123850 162
123851 162
123852 2981
123853 162
123854 162
123856 162
123857 162
123858 162
123859 162
123860 162
123862 162
123863 162
123864 162
123865 162
123866 162
123868 162
123869 162
123870 162
123871 162
123872 162
123874 162
123875 162
123876 162
123879 162
123880 162
123881 162
123882 162
123884 162
123885 162
123886 162
123888 162
123889 162
123890 162
123891 162
123892 162
123894 162
123895 162
123896 166
123897 162
123898 2980
123899 162
123900 162
123901 162
123902 162
123903 162
123904 162
123905 162
123906 162
123907 162
123908 162
123909 162
123910 162
123911 162
123912 162
123913 162
123914 162
123915 162
123916 162
123917 162
123918 162
123920 162
123921 162
123922 162
123923 162
123924 162
123925 2391
123927 162
123928 162
123929 162
123930 162
123931 162
123932 162
123933 162
50751 162
123936 162
123937 162
123939 162
123940 162
123942 162
123943 162
123944 162
123945 162
123946 162
123947 162
123948 162
95788 501
123949 162
123950 162
123951 162
4705 162
123952 162
123953 162
123954 162
123955 162
123956 162
123957 162
123958 162
123959 162
123960 162
123961 162
123962 162
123963 162
123964 162
123965 162
123966 162
123968 162
123969 162
123970 162
123972 162
123973 162
123974 162
123975 162
123976 162
123977 162
123978 162
123979 162
123980 162
123982 162
123983 162
123984 162
123986 162
123987 162
123988 162
123989 162
123990 162
123991 162
123992 162
123994 162
123995 162
123996 162
43023 570
123997 162
123998 162
123999 162
124000 162
124003 162
124004 162
124005 162
124006 162
124007 162
124008 162
124009 162
124010 162
124011 162
124012 162
124013 162
124014 162
124015 162
124016 162
53190 162
124017 162
124018 162
124019 162
124020 162
124021 162
124022 162
124023 162
124024 162
124025 162
124026 162
124028 162
124029 162
124030 162
124032 162
124033 162
124034 162
124035 162
124037 162
124038 162
124039 162
124040 162
124041 162
124042 162
124043 162
124044 162
124045 162
124046 162
124047 162
124048 162
124049 162
124050 162
124051 162
124052 162
124053 162
124054 162
124055 162
124056 162
124057 162
124058 162
124059 162
124061 162
124062 162
124063 162
124064 162
124065 162
124066 162
124067 162
124068 162
124069 162
124070 162
124071 162
124072 162
79374 3754
124073 162
124074 162
124075 162
124076 162
124077 162
124079 162
124080 162
124082 162
124083 162
124084 162
50752 162
124085 162
124086 162
124087 162
124088 162
124089 162
124090 162
124091 162
124092 162
124093 162
124094 162
124095 162
54570 162
124096 162
124097 162
124098 162
124099 162
124100 162
124101 162
121983 162
124102 2592
124103 162
124105 162
124106 162
124107 162
124108 162
124109 162
124110 162
124111 162
124112 162
124113 162
124114 162
124115 162
124116 162
124118 2980
124119 162
124120 162
124122 162
124123 162
124125 162
124126 162
124127 162
124128 162
124129 162
124130 162
95789 460
124131 162
124132 162
124133 162
124134 162
124135 162
124137 162
124138 162
124139 162
124140 162
124141 162
124142 162
124143 162
124144 162
124146 162
124147 162
124148 162
124149 162
124151 162
124152 162
124153 162
124154 162
50753 3753
124155 162
124156 162
124157 162
124158 162
124159 162
124160 162
124161 162
124162 162
124163 162
124164 162
124165 162
124166 162
124167 162
124168 162
124169 162
124170 162
124171 162
124172 162
124173 162
124174 162
124176 162
124177 162
124178 162
124179 162
124180 162
124182 162
124183 162
124184 162
124185 162
124186 162
124187 162
124188 162
124189 162
124191 162
124192 162
124193 162
124194 162
124195 162
124196 162
124197 162
124198 162
124199 162
43024 162
124200 162
124201 162
124203 162
124204 162
124205 162
124206 162
124207 162
124208 162
124209 162
124211 162
124212 162
124213 162
124214 162
124215 162
124216 162
124217 162
124218 162
124219 162
124220 162
124221 162
124222 162
124223 162
124224 162
124225 162
124226 162
124227 162
124228 162
124229 162
124230 162
124231 162
31135 162
124232 162
124234 162
124235 162
124236 162
124237 162
124238 162
124239 162
124240 162
124241 162
124242 162
124243 162
124244 162
124245 162
124246 162
124247 162
124248 162
124249 162
124250 162
124251 162
124252 162
124253 162
124256 162
124257 162
124258 162
72375 162
124259 162
124260 162
124262 162
124263 162
124264 162
124266 162
124267 162
124268 162
124269 162
124270 162
124271 162
124272 162
124273 162
124274 162
124275 162
124276 162
124277 162
124278 162
124279 162
124280 162
124281 162
124282 162
124283 162
124284 162
124285 162
124286 162
124287 162
124288 162
124289 162
144950 162
153267 162
124292 162
10736 162
194575 162
199310 162
124297 162
66158 2024
233029 162
281645 182
59821 192
4887 1659
438660 162
441110 162
455774 162
283145 162
507094 162
507111 162
507248 162
507231 162
507271 162
507286 162
507236 162
507398 162
507457 162
507154 162
507624 162
507609 162
507613 162
31234 162
90330 162
507267 162
507387 162
6232 162
25075 950
8139 993
25335 950
5773 993
25658 1037
224 1522
6864 1049
6909 1049
6928 1552
6951 374
6976 368
7024 1573
7038 1575
7062 605
7065 817
7154 1574
7158 950
7179 358
3977 374
7225 1150
7253 351
7267 950
524 963
7389 100
7429 1547
7442 1029
7459 1675
7465 375
7469 1574
7494 963
7512 1511
7546 993
7593 950
3419 493
7662 1731
12866 1566
549 963
12958 1731
12979 950
12981 1711
559 1653
13004 379
13023 950
11462 950
8051 1575
27414 950
27421 1031
7677 377
27427 1573
27469 97
24641 98
7973 1757
15078 380
16340 950
16524 1037
16556 1037
18030 950
18514 615
20969 1049
8164 2209
32965 423
32969 1049
822 1037
32977 97
32978 101
1443 995
8169 423
8197 1731
8205 1731
8206 1037
36082 351
38289 950
38347 864
39909 377
40878 1031
41199 1007
41200 1547
56931 1037
26592 1010
26597 1523
51292 950
60645 1548
60656 1565
60679 97
60696 358
60714 602
8247 358
60773 1573
60778 101
41469 1575
60796 375
60803 2091
27497 1574
32545 2479
63355 1420
56344 376
41763 837
41784 995
76034 1049
76191 1523
76760 417
69004 102
78908 3541
26650 1609
88642 950
88939 950
93173 950
93195 1040
93260 950
93423 993
93446 266
91204 1550
7694 950
93709 950
93785 1731
93787 1040
93792 817
91871 950
81924 950
122495 2090
122514 379
122536 1566
122563 1574
95360 368
122588 423
95367 358
122597 995
95384 1037
128041 993
124714 950
121934 950
95698 879
129295 1733
129134 1730
129135 1574
43051 1568
95911 1547
95940 950
95945 100
96019 1031
96034 375
130918 1574
96210 950
96212 358
96220 1553
96337 817
96407 950
43215 950
130663 950
97288 817
97293 1851
97322 770
128762 950
128796 770
21360 1621
26768 1736
97341 373
129214 950
129556 358
97357 1565
129558 1049
129529 1565
97363 817
129537 950
131205 1675
131209 950
43324 1657
131834 950
134254 993
97764 374
132937 1567
133108 950
97955 950
26812 1567
98044 959
132880 1567
64827 1575
132886 1691
136453 602
137713 1757
98416 1574
138315 1574
98430 100
138368 950
138373 1553
138389 950
138398 3853
98563 377
98571 950
138443 1553
139334 377
139337 950
139361 1596
137714 1574
137730 950
138874 1012
100422 1029
136537 1548
139458 605
175421 374
175423 373
101919 1574
101920 1550
152034 950
175446 1548
175452 379
101922 1691
101923 950
175334 373
101925 380
175468 995
175474 950
175483 950
175484 1566
175488 1549
135093 1573
175490 1049
122607 358
13065 380
101933 1037
175534 950
175538 1049
175543 379
175546 950
101942 379
175338 1511
101944 1573
175583 368
175589 950
175599 950
101952 1049
175621 1565
175622 1574
175627 1574
175628 1548
175645 1550
175646 368
101957 1565
101958 950
175667 101
124786 97
90061 1550
101966 1574
175699 950
90062 995
175706 993
175714 950
175728 358
175346 368
44685 993
102685 1574
102690 380
102691 950
102692 1029
176476 950
102703 950
102815 1568
102880 1049
102885 1522
102888 837
178740 950
103050 950
178746 368
178828 950
178878 749
178961 950
179057 950
103304 1574
103311 950
93820 368
179104 351
103343 1552
103354 358
44763 950
175730 380
175731 950
193989 950
193991 950
193993 950
193995 1167
193997 101
193998 602
194000 101
194003 950
194005 950
194007 950
194010 950
194011 950
194013 950
194020 950
194024 950
194025 100
194030 950
174017 950
194043 950
103758 950
103759 1564
103760 368
194049 950
194051 950
194052 605
194060 950
194064 950
194067 950
194071 1018
192788 950
3914 1575
194161 1731
194177 950
193252 414
103958 374
103959 993
195062 351
103986 98
195698 380
103988 423
94968 950
195375 1018
195275 266
195288 602
195302 1595
195313 380
195327 379
195555 993
195751 376
195840 358
196633 950
195842 1653
195760 950
104006 959
195494 950
104009 57
104011 950
195155 950
196062 2209
195855 950
104033 368
195879 1547
195888 950
195917 1550
104047 817
195950 950
195661 950
104056 950
196718 993
195793 993
197214 950
197232 950
198210 1040
198219 950
196430 950
196447 950
196451 950
196471 950
196534 950
199291 1049
197407 1049
198545 4088
104242 1547
197409 749
198572 1029
104247 1754
104284 1564
197493 950
197496 351
104296 950
197519 950
197537 1565
44828 950
197351 368
104318 373
195632 1691
198493 950
197884 4092
26926 602
196895 4083
201451 373
200993 950
104335 837
200907 950
200926 1511
198227 1574
196898 605
201065 950
196880 950
201200 993
201202 380
201223 950
194076 950
201269 377
201274 1523
201368 950
104360 950
203155 605
202246 950
202269 950
201666 1511
201698 423
201760 379
201791 1012
201537 950
200607 1550
203954 351
203627 817
200226 1049
203808 1675
202790 950
202913 351
203035 950
104451 950
200631 101
200635 950
104452 413
204662 266
104459 266
104472 353
199645 2091
175745 1565
201541 1568
206468 100
206470 1675
201932 950
203448 1547
203449 950
201487 379
104481 1049
204955 379
201934 950
205226 950
201458 950
104499 1574
205318 950
204873 1040
204875 950
201490 950
205395 950
196908 995
205422 950
104514 1574
203260 98
203300 1548
201551 993
207463 950
204899 379
204924 950
207015 1568
207019 379
207029 1547
207035 950
206851 1511
206959 377
207001 379
207683 1550
205830 1564
207701 100
104532 1511
207654 993
207658 1851
207666 950
207669 605
208350 950
201566 950
207906 950
205842 2090
205852 602
104558 1733
205869 950
104560 950
104565 950
205893 1049
197361 950
104583 1574
205980 358
104598 837
104603 950
104607 950
104611 950
209081 368
209082 950
209087 377
211090 1029
104697 950
208478 950
207140 605
211326 1040
207435 1568
211034 950
211037 950
211043 950
90065 1574
211213 950
210774 950
208827 950
210854 749
211167 950
218392 993
217937 950
217963 993
217987 950
210875 380
64839 995
218070 950
218092 379
219792 950
218111 950
222723 950
222009 1552
222023 837
221248 97
105220 1730
223933 1757
223935 380
218114 358
105268 950
105400 1550
219845 605
220575 368
220579 950
224142 1711
175762 379
105462 4140
226472 950
226491 379
175765 1420
220275 950
220287 950
220291 993
226366 950
226368 950
226370 950
226381 950
226404 950
226407 950
224357 1547
224359 963
224365 1573
224372 950
224386 950
224388 101
224414 373
224493 950
226995 950
226333 1049
227009 959
224992 950
254359 380
106358 1688
261345 1049
264696 950
106511 950
264459 993
106648 98
273489 950
224510 368
272843 1049
273863 1567
274057 950
106656 950
273427 950
281647 950
281670 950
281671 63
308439 950
224519 602
308522 950
308493 950
348236 837
356101 950
362537 1170
364243 950
364247 950
364250 950
364425 950
394510 950
394516 353
394518 950
394542 950
394547 993
394473 950
403734 950
407620 1574
407548 1548
408018 950
408019 1037
407720 950
407721 368
408078 98
408373 1574
408179 368
424780 950
437496 57
472237 950
472077 950
473821 950
471735 963
491925 950
491849 950
491853 1711
491858 1012
491870 950
491871 950
440360 1568
503456 1574
225024 950
503536 950
509122 950
218138 950
509137 950
218596 950
511846 950
224533 1010
517927 358
518105 950
518258 950
517965 1574
517969 950
517983 950
517987 950
517996 950
517999 950
520257 950
520264 950
525801 950
491716 950
196161 368
540785 602
542446 1511
543083 950
544077 950
544078 1049
440365 377
606156 950
606158 1550
606166 950
606379 1049
618243 950
525641 950
634290 950
634808 1049
636447 950
639659 950
639665 959
64889 474
525793 950
217492 101
90068 379
175778 1037
175779 4995
254369 380
6275 593
6378 1257
6436 1269
6498 1318
6514 93
6517 812
6524 95
6551 815
6567 1328
6610 1345
6670 939
6675 1253
6726 1255
6743 1350
13287 1318
13313 1279
13326 1257
13346 1244
13450 627
11379 1280
11424 815
11551 815
11566 1855
11595 1241
11670 1871
11671 1317
11742 811
11833 1871
11988 845
10370 845
30169 1326
33484 2793
41359 143
41404 1255
41418 1295
41572 816
56418 815
59036 1256
70549 815
42267 1855
42268 1350
42652 815
93253 1350
42685 815
42712 811
93788 1320
42832 2793
42833 1327
91132 845
34876 1314
124627 1326
34877 1255
124735 1256
115945 1278
96050 1278
126633 563
125414 1295
125664 815
125787 1295
125943 811
126038 1401
43225 815
96664 815
96776 1280
43242 811
96929 815
97197 1278
43299 815
97259 1278
43345 1279
43346 1307
43351 1255
98295 1280
43438 267
98647 1927
43453 1456
143457 1364
43488 1927
98999 1280
142348 1326
142526 811
99464 815
142555 1326
43572 1257
43596 1401
99809 815
43610 845
99874 3012
142752 845
43626 2793
43635 815
142819 815
43641 1859
100154 764
100221 811
100225 1333
43873 3858
43909 1263
100718 1326
43922 1350
157417 1855
43923 1318
43924 1326
43929 1345
100724 1240
153988 1859
154001 281
100756 802
43983 815
154056 1240
100774 812
100786 815
154093 815
157920 2793
154100 1296
154170 815
44028 815
44034 1326
100815 811
44039 1927
154308 815
154317 815
44049 815
44053 932
154378 815
154381 1871
154441 815
154466 1255
154469 1327
154526 815
154556 815
44088 1330
154566 1724
44091 1278
44094 3407
13490 1333
100856 593
44098 845
154650 1278
154671 811
154683 1246
154696 815
154728 811
44118 1280
44119 1859
44123 815
154807 815
154817 815
154827 248
154832 1927
44143 1296
154917 2793
154935 802
44171 1345
44173 1855
156466 94
156058 815
156072 1278
44195 2793
44200 815
156114 1871
156123 1927
100948 1456
156128 815
44204 815
156144 962
44207 811
155409 1280
44208 1401
154992 1318
44209 1871
44211 1728
156199 1927
44216 1871
44220 1263
44232 811
156551 815
44254 815
155920 1253
159037 1320
44258 1871
159038 1855
44259 1401
156563 1327
101011 815
140820 815
161165 815
159006 1326
159007 1280
44318 1278
159008 815
44319 1317
156594 1859
101071 815
156606 815
156730 1263
156803 811
44350 811
157038 815
157052 815
157084 815
44364 815
44368 1243
157284 815
157303 802
44394 1855
155556 815
155031 845
155755 815
44418 1240
44423 1257
155843 1278
44437 2793
163209 1263
44442 1728
163258 1280
44453 1317
163276 845
162193 1724
163311 845
163326 1318
163327 1320
163331 1317
163335 845
44466 1261
163350 811
163358 1724
163372 815
163379 1240
163382 1240
163387 1328
163395 845
163399 815
163403 1244
163413 815
44480 593
44482 815
162125 1855
162107 811
101343 3680
161988 815
44491 1317
158637 1855
160167 1295
44509 1345
44518 1320
166365 815
166366 1280
44528 1246
162261 815
162266 845
162366 1330
44555 815
101442 815
101472 815
164658 1296
164946 815
44587 815
165056 815
165330 1296
101538 815
171468 815
101734 815
171760 815
44620 1280
155100 1280
170553 845
155103 815
165524 815
172470 845
172474 1320
170532 845
172480 815
172491 815
172509 1267
172517 1927
172534 815
172540 815
44627 811
44628 1263
172613 1317
172631 1326
168204 1927
162468 845
172661 1279
156254 1288
172669 815
44642 815
168431 815
102076 845
168777 1859
102181 815
168947 815
169090 815
102334 845
169294 815
169300 1280
102457 815
44699 815
102905 1401
46757 1859
103404 815
155114 1318
184904 815
211442 1859
172676 1326
213981 1728
214584 815
214263 815
213387 815
214264 845
214652 815
214654 1296
214655 1328
214659 1263
214660 1295
214679 815
44930 815
215811 1871
215817 815
44943 1401
163762 1871
163764 1244
215900 815
215910 815
44950 1318
44951 2793
215942 815
215969 811
44979 845
44982 1728
229483 815
232480 1280
232481 1280
232492 1280
232495 3858
232497 2793
45035 1724
232500 815
232501 2793
45036 2793
232504 815
162524 1280
232506 1288
165573 1279
232514 1927
232518 811
232522 815
157959 815
232532 815
232536 815
45044 1326
45045 2793
232540 811
232541 845
232544 1320
234680 815
45047 1278
234682 815
105750 1724
162527 1241
234685 845
234689 1280
234960 815
234700 2793
234701 1278
45053 1724
234974 2793
234978 1280
234984 815
234989 815
234991 1295
234706 1927
234707 1326
45055 815
234715 815
234722 2793
172575 1320
234726 815
234727 1871
234729 815
235017 815
234736 1855
172693 815
234737 1871
162530 815
234741 1871
235025 815
235026 1327
235028 815
235029 815
234748 1724
235041 815
45060 1927
234763 815
235043 815
235048 802
234765 1859
234766 1855
234767 1859
232895 845
234780 845
234783 815
234784 815
234786 1256
234790 811
234792 815
234796 815
234799 1318
234801 815
45068 815
234806 815
234822 815
234824 1240
234826 815
234834 1278
158610 815
234839 845
234848 811
234849 1280
234850 815
45076 811
45077 845
234859 1280
45081 815
234875 815
234888 815
234891 815
234894 811
234899 815
45087 1280
234915 1724
234926 811
234932 815
235981 815
239325 1728
45101 815
35049 1307
239341 815
155145 815
155146 815
258218 1333
258227 815
258234 1240
258250 815
268101 811
265065 845
45210 1728
265079 815
265082 815
265092 1333
265113 815
265119 815
45211 815
265146 815
265151 815
265173 1320
162545 1859
200561 815
265183 815
265207 815
265212 1247
265228 1278
265233 802
45222 1326
265272 845
265279 815
265311 815
265318 1396
281653 1280
281657 815
106915 1322
106950 815
45315 1288
45341 1317
298985 1295
141024 815
316005 815
324092 815
324101 1280
324103 815
324117 815
324118 1280
336539 815
163443 815
343470 815
343519 932
343589 815
343650 815
343728 1240
156264 815
214002 815
265364 815
343911 815
406724 815
430316 1318
430321 815
45573 815
430339 811
431672 1279
187244 1295
265383 1927
441993 815
441995 815
171807 815
442049 815
108857 1280
442059 815
442061 1246
442064 815
442072 815
442110 811
442139 815
442160 815
442163 815
442177 815
442179 815
442191 815
442198 815
326717 1927
441519 815
442297 815
442335 815
442348 815
442365 815
442404 811
442425 815
441804 815
449673 815
449683 815
45596 1318
449722 815
449739 815
449742 815
215986 845
449800 815
338000 815
449817 815
449824 815
449838 815
449846 1280
449853 815
449859 815
45603 1724
449873 815
449874 815
449875 815
449886 815
449892 815
449894 815
449899 815
45604 815
450166 815
45606 845
465527 815
468022 1278
158369 1280
481619 1278
481620 815
481637 815
441867 1280
481689 815
481712 815
45631 815
45632 811
481762 1278
239359 815
481782 815
481812 845
109337 1280
481837 815
449931 815
495177 815
495179 1255
495183 1278
449932 1927
494599 815
501344 815
520889 815
289864 815
449934 815
554473 815
559216 845
559403 815
560024 815
574602 815
580442 1280
580594 815
265457 815
515245 1243
580635 815
45730 1327
583233 815
583771 1278
45737 1871
586743 815
586744 815
586745 1280
587377 815
587688 815
588452 1455
592869 815
596361 1280
386502 815
661422 815
661433 815
662310 815
386517 815
690692 815
265488 1278
841231 1280
6251 1240
6259 1240
6285 92
3877 1262
6290 1263
6330 93
6340 1269
6383 93
6395 267
6401 943
6430 1289
6444 593
6445 1240
6479 1242
458 1317
6534 1272
6563 1242
6598 943
6649 93
6674 1240
6686 1317
6690 843
6721 1240
6733 1253
6749 843
13102 1240
7616 1240
13295 1240
13299 939
13310 939
13312 248
13330 1240
13333 1240
3889 1240
13340 1246
13348 248
13350 941
13374 1240
3392 1240
13389 1272
13416 1244
13446 1247
13462 1255
13479 1240
11668 1240
30050 267
30168 2149
14705 1240
16452 843
16656 1262
19025 1240
36250 1240
33615 1240
33840 481
34005 1297
34059 662
32192 1240
39747 1240
50801 281
41258 1269
56687 1240
51481 3377
52499 1240
56463 1240
42066 811
79241 1240
78778 1244
84715 627
42684 1264
42692 1240
42706 1296
42759 267
94301 92
118802 1240
95266 1240
125406 1335
127849 1240
42937 1335
95618 1244
129727 1240
129933 1240
129940 1240
95946 2556
95955 1240
95959 1246
95967 92
96041 1240
126628 95
96054 1240
43081 802
96071 1279
43086 1455
125415 1240
43087 1320
125440 1240
43096 1240
125467 843
96080 1272
125497 1240
125539 1272
96090 1240
125588 1240
125644 1240
125649 1240
125673 1240
56518 1272
96112 1240
96116 1240
125725 1240
125737 1269
125770 1240
125776 1318
125782 1296
96130 1240
96141 1272
125840 1240
96144 1240
96152 1240
125938 1240
96156 1240
96160 1240
96167 1240
96173 1240
43152 1240
96181 1240
126099 1240
126107 1240
126131 1240
96191 1240
96249 1240
96730 1240
96853 199
96899 313
96906 1240
97009 1240
97018 1240
97041 1240
97125 1240
97140 1240
97261 1240
43356 1240
132457 1240
143152 1240
98770 1288
142252 3793
99067 1240
43533 1240
142419 267
142459 1295
142494 1240
43558 593
99396 1240
99745 1240
99963 1242
43630 1240
43634 1264
100001 1455
100227 1272
56525 656
148576 1240
100650 1240
151447 1296
43894 1240
100687 267
155966 1272
100701 1240
43921 1318
157418 1240
153976 593
157445 1240
156419 248
43938 1240
100731 1269
153922 1240
154003 248
157673 1240
100761 1240
154027 593
154029 593
100768 1240
157458 1240
157816 1240
154071 1240
43992 802
100781 1240
100782 1261
154085 1269
21413 1295
154113 1240
154125 1240
100795 1307
154148 1255
154205 1240
154219 1240
154222 1240
100808 1279
154249 1240
154260 1240
154431 1240
154449 1240
44075 1240
154529 1240
44095 1240
154599 1240
154600 1028
154677 1240
44126 1240
13493 1240
44135 1240
44142 1909
100880 593
154893 1240
154909 843
154953 1240
100905 1317
153926 930
100918 1240
44165 1279
154984 1240
156459 1240
100924 1240
155388 1240
156474 1240
156481 1240
44191 1296
44193 1240
156093 1240
100945 1240
100946 1240
156153 1246
156171 1240
155413 1240
156187 1240
100962 1295
155417 593
156208 1240
156219 1240
44243 1240
155424 1240
159264 1240
44260 1240
161099 1240
161365 1308
100994 1244
44284 1240
155446 1240
158282 1240
158293 1240
44291 1264
156512 1727
155007 1279
101037 1240
161127 1240
161133 1240
101068 1240
101069 1240
156605 1240
101073 1240
156634 1240
101077 1240
101082 1240
156724 1240
156741 1240
101090 1240
156755 1240
156772 1240
156779 1240
156784 1314
156794 1240
101105 281
156808 1240
156809 1240
156817 1263
156820 1240
156868 1240
101116 1240
156896 1240
101125 1240
156925 1240
101128 1240
156951 1240
44355 1240
156969 1240
101148 1240
157031 1240
101159 1240
157074 3968
157103 1240
157107 1262
157151 1261
44369 1244
157186 1240
101189 1240
157241 1240
157244 1240
101191 1240
101193 1240
157247 1240
157254 1262
157260 1240
101204 1240
157306 1240
155498 593
155926 1240
161307 1295
155512 593
101222 387
155576 1240
155594 1244
155032 1244
155640 92
155693 843
155723 1240
101227 1279
44409 1240
161884 1295
161943 943
163186 1240
162185 1240
101294 1240
163279 1240
163322 1240
44464 1240
163385 1296
155927 1240
161982 1256
163902 1073
160010 1295
160037 1240
160038 1240
160139 1240
101376 1240
160142 1240
160154 1240
160197 1240
101390 1240
160253 1240
44517 1240
166367 1240
159295 1257
164177 1727
44561 1244
168137 1240
170526 3527
164039 843
101509 1240
44579 1240
44580 593
165050 1241
165130 1240
101535 1240
165285 1240
165292 1240
158707 1240
167430 1240
168156 1240
101643 1240
101711 1243
101717 1240
101741 1240
171653 1295
161035 1278
170548 1240
101766 1240
170561 1240
170563 1240
168201 1240
172518 802
44626 1325
172614 1296
102019 1240
102052 1295
168448 1240
168655 1240
168663 1240
168677 1240
102183 1240
158341 1240
102225 1247
158713 1240
169115 1240
44698 1240
102429 1240
169463 1240
169715 1240
169749 1240
102529 1240
181043 1240
160327 1240
181335 1240
181459 1240
103488 1240
181658 1240
181718 1240
190072 1240
197379 1240
211435 1240
214505 1240
104804 1240
214890 1240
214953 1240
214667 1240
214673 1240
158727 1240
164041 1240
170530 1264
216036 1240
232564 1240
235038 1240
234855 1240
45158 1240
24893 843
259621 1295
258192 1318
268080 1240
268188 1240
265094 1278
265322 1240
270392 1240
155158 1240
324202 1240
157332 1240
155348 1240
342520 1240
343462 1295
343490 1295
343493 1295
343522 1240
343544 1240
343553 1240
343686 1240
343761 1240
343764 1240
107906 1240
343798 1240
170573 1240
346833 1240
346916 1240
360190 1240
371239 1240
384520 1240
167097 1240
383974 1240
157968 1240
442130 1317
442331 1240
108870 1333
442402 1240
469837 1279
438255 1240
170578 1240
511345 1240
514406 1240
167591 1240
513768 1240
516059 1240
214702 1240
540998 1727
385813 1240
554545 1240
554704 1240
559896 1240
214599 1318
160999 1240
581288 1240
585401 1240
588596 1264
30 119
298 30
307 283
318 55
8671 103
8696 343
22 24
6205 30
336 318
338 19
3937 748
8327 570
390 90
8034 146
25274 481
417 602
10461 863
3961 55
15787 318
490 56
498 192
6964 385
519 481
7565 1481
12954 259
10047 507
571 464
11455 485
11720 1887
4061 30
11841 179
4092 779
15810 55
27797 166
10587 30
25565 30
28421 389
656 224
8052 403
12537 24
3625 24
30056 263
15863 56
15911 400
30711 1424
10594 114
15918 427
25818 431
719 24
30947 166
31026 1187
27434 403
7940 30
4144 30
24700 24
15980 40
14417 38
14849 912
14867 398
14894 757
7981 1957
7993 56
16234 30
16372 103
16483 2476
16829 114
17033 24
10609 1424
4196 500
10610 30
18096 2275
18105 24
3637 55
18723 24
18959 40
19122 24
10614 0
4219 30
19658 784
20119 55
20253 259
20287 24
32167 566
32269 19
33178 1411
33196 1504
813 1843
29496 63
29563 400
29572 30
1296 313
1477 1504
36178 275
36262 615
36312 486
36595 567
36784 24
31697 447
257 451
35566 728
27701 56
37633 480
35651 30
10630 725
47141 1713
37704 192
36884 30
49161 636
49179 731
32405 123
49260 566
37772 224
32462 24
32002 55
50178 1711
3284 112
38271 476
38429 476
38448 3100
38512 589
38619 3105
39397 946
39639 114
39754 1347
39815 728
39827 477
32524 55
40849 476
3286 567
50325 249
50343 3233
50385 30
50437 55
41245 24
50887 759
50890 40
50442 3288
27715 3299
55140 30
55142 166
31739 445
31744 2155
1829 30
51316 30
52469 572
52471 30
25034 1449
32662 1559
32756 166
64317 30
4482 540
4502 757
67325 467
67335 114
67340 55
59473 589
37455 30
50448 56
63736 24
46353 114
1862 427
65691 946
50089 30
65890 224
66055 946
70410 491
77964 779
74270 275
69509 30
69857 389
1873 540
78049 3564
81632 38
89946 30
83351 400
42471 400
1883 284
62830 30
12679 829
66116 114
50458 114
94112 464
1891 30
49503 30
10696 56
4662 56
126672 481
123153 424
95813 30
122290 567
128591 55
134742 567
43373 138
136162 3830
97962 759
97963 1563
43423 114
43429 30
124878 397
50475 114
145719 114
50480 373
88949 119
21400 24
10727 0
101233 93
101767 1770
62443 30
138533 30
57329 400
183655 30
181873 3099
183955 2737
10743 389
181918 166
181941 1559
182674 24
188400 30
191083 121
64528 636
186075 18
178255 3418
186374 30
186577 30
206683 30
212780 730
105043 442
227252 321
236037 114
235345 24
240746 30
241427 30
21542 351
248487 30
27513 38
24576 829
252717 4246
253379 501
253615 1180
185628 255
50503 56
106502 400
270385 24
268498 120
277028 596
227274 2255
10783 2337
279928 353
279557 40
281621 63
281641 400
281685 480
297606 981
300015 30
304990 30
304991 24
308949 464
308958 464
242295 30
317377 275
319808 30
50522 730
353556 30
355252 728
356990 30
358986 30
361494 58
361496 114
361497 58
363047 30
364195 166
36960 224
372859 3089
7747 30
352426 567
50529 3047
212818 56
388756 24
428487 3453
393111 30
449339 114
307727 24
596570 30
596571 30
596572 30
596573 30
596576 30
596577 30
596578 4765
596582 30
662984 114
674565 30
688871 44
703451 62
351064 55
148198 728
50554 596
36986 0
11341 501
2303 182
21938 55
2344 24
12212 501
275680 30
46444 55
10860 501
299635 275
523 1523
8064 2043
38831 1743
38930 1115
39230 1913
39269 1744
39284 1289
39663 263
40782 2098
40827 3102
41162 1003
41168 3104
41517 1289
62128 1167
62158 275
94810 1289
93091 1170
42869 1170
93101 1289
93111 1013
93113 263
93115 2279
93132 1170
124524 1173
95414 1743
96933 1289
96972 1289
97230 3104
127437 1289
133391 1751
97917 1743
136154 1174
98325 1619
135735 1167
135778 1745
98341 1289
138418 1003
98621 1172
143106 1743
98687 3847
144831 1289
144836 1174
144839 1743
100295 1619
144859 1746
100312 1013
145256 1743
145262 1170
100316 1007
145270 1170
100319 1621
100321 263
100331 1173
148000 1170
100334 1743
148008 1289
148012 2098
100336 3208
148018 1003
148019 1167
148031 1170
100344 1003
100348 1619
100351 2096
100352 1289
148074 2096
148084 1003
100355 1289
148106 1289
100408 1351
146330 1743
151092 1167
148213 1003
148215 1173
148246 1289
148270 1174
148345 1174
148358 1289
100554 3134
100555 1751
148407 2747
148428 1173
100577 1913
148455 1172
100584 1003
100591 1743
100592 1619
148490 1743
148518 1619
100611 2098
100640 2116
67379 2116
100739 396
149181 1003
161323 1289
170109 3234
170135 1351
170183 1619
174740 1289
102995 1289
103002 2096
103672 1170
103694 1289
196772 2098
197796 1289
104070 1013
104071 1007
199419 1289
199823 1167
202279 1289
200421 1508
204389 1743
207855 396
209876 1173
209892 1170
104690 1179
211816 1743
210947 417
104831 1170
220640 1174
105222 1619
218734 2171
144865 1174
218787 1289
105529 1003
231472 1289
105848 1289
105856 1743
105861 1013
237720 1289
105865 1289
105867 1289
105869 3102
105871 1174
237737 1289
237740 1619
237750 1351
105883 1173
237762 2098
105886 3104
237768 1354
237777 2098
105901 1913
237780 1170
237788 1351
105905 1167
237799 1170
237800 2528
237808 1013
105919 2098
105922 1913
237829 1913
237835 1619
237842 1289
105930 1170
105932 1289
105934 1174
251327 2690
254570 1619
254576 3104
257360 1007
106268 1354
257362 1913
106281 263
106282 2098
258778 1003
160330 1351
106411 1167
24596 2690
268559 1289
149211 1751
269709 1003
106682 396
277812 1289
277955 2576
106791 1619
106802 1351
107059 1907
301735 2116
302556 1289
302583 1289
302627 2098
107379 1289
302664 2098
305300 1289
307403 3462
107426 1289
107552 1621
107553 2098
107554 396
320242 2098
320277 1351
107570 1289
320306 1289
320310 2098
107573 2098
352734 1167
107971 1743
352740 1289
353061 2098
108029 1351
359395 2098
359399 1289
224041 3134
108035 1289
359459 1351
290028 1167
108047 263
361106 1289
361107 1289
361109 1354
108064 1289
362577 1003
108068 1289
108072 396
363333 1289
363843 1743
363870 1289
363875 3104
363957 762
363970 1013
363987 1167
363995 1619
108096 1007
364041 1167
108101 1289
108102 2098
108106 1913
364160 2098
365080 2116
365093 2098
108113 2098
365104 1289
108131 1289
366927 1289
368118 2577
368176 1170
369375 1289
369394 1003
108163 1289
108165 1913
369668 1289
369688 1743
370032 1744
370036 1289
108171 3102
370040 1003
370042 1289
148608 2576
108182 1013
371146 1743
371176 1351
108189 1351
371236 1167
371261 1003
364011 1170
371278 1289
371375 1174
108199 1289
108202 1351
371423 1354
108205 2098
108206 1354
371476 1351
108210 1619
108211 1289
371520 1289
235939 1289
371546 1351
371551 1289
371562 1289
371579 1289
371614 1619
371644 1743
371650 1170
371675 2098
108227 1289
371686 1289
108230 1289
371945 1174
108235 1289
108236 1354
371963 1170
371971 1289
371979 1170
371991 1013
108274 998
377413 1289
108279 1013
378548 1289
378556 1619
378560 396
108285 1289
378571 2098
378591 1351
379149 1174
379453 1743
380982 1003
380563 1289
380564 1289
380993 2653
380996 1003
380999 1170
376718 1289
108300 1913
381033 1289
381043 2289
381045 1003
108302 2653
381057 1355
108307 2098
380713 1913
381205 762
376369 263
381173 2098
380612 1289
380615 1354
382560 1289
384246 1289
384256 1351
384292 1289
384296 1289
394447 1354
401349 1007
401359 2098
401361 1289
401372 1913
401375 1621
401379 1174
401381 1167
401384 1289
403789 3102
420854 1170
421575 1170
433782 1743
108800 1351
449201 1289
451093 2098
363348 1289
470056 1289
473507 1621
475043 762
109303 1289
9083 1743
479017 1170
237862 1289
480029 762
382656 1913
480075 1289
483648 1174
483651 1619
483694 1289
109349 1289
486030 2098
486031 1007
489312 1619
489449 1354
382673 2098
489477 1289
45640 1174
109372 1167
489411 2098
489412 1289
489280 1621
382683 1003
489358 1289
109376 1007
109378 1174
489223 1289
489227 1351
489261 1289
489263 1289
512454 1289
473729 1167
520629 1354
302671 1170
520451 1289
520489 1289
522482 1913
522630 1289
522636 1007
522638 263
522644 1170
522648 1289
522652 1619
376765 1289
522656 2098
522678 1289
522683 1174
522684 3104
522685 1743
522690 1289
522691 1170
522692 1354
522701 1289
522704 1174
109732 1167
522710 1743
522713 2096
522714 1743
522715 1621
522716 1354
522717 1913
522724 1621
522726 1351
522727 1289
522729 1013
522730 2098
522734 1351
522735 1619
522746 1289
522749 1351
522750 1289
522751 1289
522753 2281
522755 1351
522763 1289
522766 1167
522767 1003
522776 2093
382720 1167
522787 1354
109735 2098
522793 2098
522804 1170
522805 1007
522811 1743
522815 1174
376766 1167
522900 1167
109752 2098
526396 1351
109798 1354
539697 1167
539845 2098
539967 1289
542512 1289
382743 1174
109841 1170
379045 3104
548347 1289
548355 1751
548361 2098
548366 1170
109849 1289
547646 1619
547652 1619
562635 2098
563118 1289
563731 1174
563824 1351
563597 1619
382787 1289
563847 1174
571571 1289
363354 1170
572182 1743
382820 1289
581623 1289
581632 1289
601324 1289
428717 762
609324 1289
616543 1289
616641 1913
616650 2098
616361 1354
639912 1351
651859 1289
651861 1174
651862 1174
651864 1174
382870 1167
667212 1289
667428 1167
667440 1289
667454 2098
667456 2098
667517 1289
672449 1289
681795 1289
609939 1289
651870 1289
686769 1170
573541 2116
693316 1750
697084 1289
700064 3158
751002 1354
751722 1289
751723 762
755845 1289
756172 3104
756984 1289
757046 1289
838246 1289
847373 1289
875623 3737
877589 2093
8665 277
3016 639
8125 832
25178 277
421 1090
11239 277
11255 1125
11261 277
11265 554
11897 277
3430 1896
27965 277
11277 1085
25841 543
25844 1418
25882 1944
25911 547
25912 800
25924 1366
25966 832
16991 2139
17987 1805
29583 543
33435 277
33538 277
33564 2372
33569 906
33581 2814
33702 2818
33767 2854
10624 1920
33883 1894
33891 1300
33913 875
33938 1460
33989 284
34016 2849
34111 1897
34124 1784
34126 277
34156 1380
34252 277
34300 1920
32273 1944
34399 2923
34403 1125
34433 1047
34443 667
34445 2668
34473 284
34516 611
34577 285
34590 1909
34591 1849
34688 277
32483 1053
4323 277
49947 743
41278 887
53534 626
34738 945
57616 2678
57706 551
41362 554
51591 277
51704 547
56372 277
60965 277
41528 541
34791 277
64469 547
41542 3444
56375 1454
64291 277
33407 930
64320 277
1849 2923
57256 2705
34801 2854
57150 712
56439 3464
59193 1784
59258 2009
59274 1797
74488 277
63714 277
42140 1529
65726 1302
79240 1944
42358 277
80959 2839
83165 277
83647 277
84714 277
34823 284
81756 277
88336 277
93229 277
90904 277
63801 277
42828 1099
90965 2702
114871 277
42843 2911
95275 547
120452 914
113876 842
116586 1140
114160 186
114429 2810
120544 284
82977 277
83011 2910
114622 2539
95785 2730
91408 277
91458 1366
91467 2947
91493 277
91512 872
91513 2507
43157 7
31142 277
132284 558
133746 277
98630 284
98639 277
140336 284
43420 277
139750 277
139631 3331
140458 277
98677 2818
98684 634
143915 284
143398 2818
140279 277
141867 277
43481 1053
43490 277
98823 284
98898 917
142270 277
142275 277
99041 3438
99046 543
1938 277
142349 277
142372 277
43530 277
99198 517
99330 284
99334 543
142483 277
99566 1094
99613 308
142645 3466
142694 2847
142750 277
34954 284
140382 2469
144402 1085
140297 277
100297 1351
100415 277
151426 3652
34984 277
152413 1231
145063 277
101029 277
151302 2607
101031 2701
170388 277
44634 1920
177509 277
102785 732
35015 277
184427 277
59287 882
44803 1967
180044 277
35032 2324
227690 277
144333 1909
105655 277
105733 277
234039 1152
234182 277
105775 284
237322 277
45097 277
105973 277
242873 277
244350 277
106040 277
245392 277
245115 879
106143 3463
106198 277
238853 277
140157 277
45260 277
281035 277
284292 3121
284852 3798
284874 2333
286628 277
106963 277
286860 284
287308 284
286864 284
286865 277
45307 277
210393 547
291988 543
292005 277
296370 277
303455 284
107442 277
107466 277
107467 277
107468 4332
311903 277
311904 277
311921 284
312309 277
313281 277
324836 629
328087 277
327241 2759
328970 277
335132 277
336073 277
337792 4457
337441 2646
107811 277
141077 7
343159 277
83057 1467
344770 277
231799 277
380364 284
392702 277
35178 277
397613 3333
371931 277
407245 277
420747 277
428330 277
439911 277
443282 277
91585 277
456789 277
472731 284
408648 277
485604 277
507039 277
553704 277
557027 277
557609 2805
555731 284
328089 277
239597 277
396719 277
840263 685
141488 277
12 24
300 261
308 24
8670 24
3253 24
10164 24
54 114
3936 55
366 778
10543 24
455 0
463 24
466 614
494 1464
185 24
233 114
7211 24
7500 1677
576 491
7883 103
11407 56
11431 24
11789 1411
8962 260
12016 55
26459 24
3472 24
629 501
3279 2036
3614 391
28097 103
12637 55
30009 24
30032 2137
13664 24
30636 596
3393 192
30764 24
31073 1078
15949 18
10599 103
4150 24
31930 63
14351 24
4162 103
26102 501
16920 166
17054 24
778 119
10611 24
11333 40
18879 24
793 24
3641 24
3642 24
7683 96
20197 24
4223 192
33156 520
29590 1147
36234 636
31441 24
36614 55
36641 24
49696 24
31960 636
32031 24
38239 405
38571 402
12458 24
50358 24
53792 1797
41309 146
48536 730
32629 394
32697 493
32737 114
21138 3434
61582 761
33215 24
49818 24
62357 3443
62361 24
28641 24
21146 55
4497 56
75674 3021
10663 103
12138 285
68702 40
42131 40
1863 24
70462 114
67804 24
77925 195
59728 567
78120 24
82029 24
90544 249
50457 249
90103 24
54206 24
10685 3491
10686 1758
81215 24
91906 102
10695 259
118190 911
116758 24
10697 24
98038 40
98450 24
43437 24
148605 2395
153753 24
176707 24
31767 24
183068 114
183117 2384
50486 24
183789 404
184037 1480
28748 166
46760 533
185627 731
212783 24
212786 404
212789 24
212792 2079
212799 540
212800 24
219325 24
227263 485
235403 56
184081 24
239478 0
251308 636
50498 63
253592 166
260852 24
270682 431
212804 24
274786 2098
277079 567
277236 24
276593 4326
10784 24
288278 464
59819 404
299867 24
266567 24
355256 249
364336 1559
365959 24
372376 24
373774 567
28813 2154
212817 24
388685 24
388686 24
388690 24
388694 24
388700 24
388715 24
388720 24
388721 24
388722 24
388730 24
212819 1147
10814 437
388745 24
10815 24
388758 24
388767 24
388779 150
212820 55
3724 24
212822 493
373110 24
212825 24
542310 24
373113 685
373114 24
373117 24
137167 24
26038 567
2145 192
373120 24
373121 24
59893 24
135645 386
50555 588
462845 588
771363 24
3750 261
868034 24
373124 24
11163 1055
6477 95
6601 281
6658 281
10344 281
10355 2007
676 2125
6769 281
20535 281
1748 2515
33526 1110
33620 2817
34143 281
34249 281
34294 562
34372 1546
38020 281
46296 281
51161 281
58928 2005
41604 3347
41606 281
69390 281
80128 281
34847 2424
90919 281
46743 281
42850 1801
115660 281
121377 281
120535 281
120558 281
43006 2371
43007 281
115790 1134
96515 2826
43214 593
96704 281
97024 281
136030 281
139674 281
139688 1294
98616 1134
140735 313
124830 281
142091 1933
34922 1885
43477 2512
142955 281
43478 297
43486 281
98841 281
43510 1134
99690 281
43608 1115
99863 281
43653 1777
140422 281
43666 281
147637 904
34978 281
148147 281
34991 281
151736 281
154229 281
156940 281
101218 281
101243 281
44537 1296
164183 281
101495 887
101500 281
165082 281
165266 281
171446 281
101735 1110
101745 281
155101 281
102354 281
165559 281
199819 281
199831 281
199962 281
198380 281
211693 1813
215851 281
119691 2333
105590 1969
229717 281
105617 3355
233467 281
234457 281
234025 281
234229 281
234284 281
234289 281
229730 1134
233636 281
233915 281
237409 281
241305 629
241878 281
241883 281
106005 281
235661 281
244785 281
247688 281
241914 281
255377 281
259499 281
260415 281
268130 281
272786 281
275964 281
285470 281
285794 281
286002 281
286259 281
287765 281
287884 281
287275 281
290758 281
293163 281
297073 1695
213600 281
155347 281
313283 281
320860 281
322540 2147
324138 629
250291 281
142122 1095
323982 281
326188 281
246855 281
312282 281
327496 281
327501 281
327505 281
160551 281
327509 281
327513 281
327518 281
327526 281
327534 281
300828 281
327548 281
327553 281
327558 281
327568 281
158104 281
327573 281
327577 281
265345 281
327582 281
327591 281
327604 281
327605 281
327606 281
322622 281
327617 1695
327621 281
327627 281
327634 281
327635 281
327640 1696
327646 281
327657 281
327662 281
327663 281
327668 281
327687 281
327689 1054
335969 281
275529 281
484746 281
328862 281
141315 281
552866 2933
338073 281
345716 281
562249 281
300840 281
564725 1998
330 436
2989 632
341 638
11218 1092
11243 297
430 705
6134 743
3190 1540
5887 297
5932 297
673 543
30103 2147
31039 1894
25879 297
25906 1984
25920 564
1212 2699
1214 2057
33457 807
33565 2601
33610 297
33629 807
33643 547
33717 2801
33803 297
33819 881
33879 297
33903 297
33930 103
33934 2884
33967 2697
34026 2525
34029 2843
34041 1546
34082 1140
34085 1853
34217 297
34325 103
34332 543
34355 543
34358 297
34397 562
34462 1978
34491 562
34543 2415
34554 297
34615 2000
34660 2847
34670 297
34683 917
1786 1723
40572 2806
57521 543
57539 297
57615 553
57631 676
57643 297
57723 1824
57812 297
57216 646
52046 2441
64477 313
57829 1999
56395 2843
56397 297
56447 2147
56489 2057
56494 2810
56497 297
59202 1540
34813 474
82336 297
84938 297
84957 3586
88898 297
93361 297
93408 297
94418 629
94524 297
57208 2881
91153 1418
95206 297
113866 308
127879 297
114451 807
82965 543
114640 297
34900 743
73643 2886
139660 7
139773 297
98674 1065
98698 1065
143880 297
142131 1085
141865 297
140368 2371
144036 297
144041 297
144083 545
143512 7
98754 313
141738 297
98904 297
142306 297
99045 297
43525 297
142489 1206
99741 308
99776 297
99821 2703
143773 807
140405 297
142035 842
142037 2404
142043 297
143742 313
144588 1228
143295 313
144804 297
100386 297
140561 297
100388 2129
142960 297
100461 2894
100669 2120
100684 2902
43915 684
101033 297
103460 297
188236 297
188249 2699
33262 1099
44800 2445
190591 1139
193400 297
207096 1139
214738 2370
217741 297
228771 1418
230185 1104
238198 2525
244733 4216
4811 2009
106012 1111
244378 297
246359 297
35072 867
244079 2847
66165 2129
244132 297
106070 297
245137 366
246761 297
255450 297
256200 297
106228 297
258648 297
46290 297
142929 3877
140976 297
271943 297
243656 297
280390 1802
106859 297
106860 297
280889 297
280918 2370
244152 297
284220 297
284253 297
285028 2013
285034 297
284845 297
286946 297
31772 297
288538 297
288354 2734
286951 297
150137 1418
107186 313
292028 297
107220 2426
294730 297
114166 297
300889 1418
304440 203
311842 1380
311878 2120
311892 2120
107470 649
311908 2120
312490 297
256947 297
312493 543
312498 2370
234355 1467
324348 297
325635 297
326752 297
326129 297
325695 297
328872 3844
326949 297
329064 297
329091 1122
329095 297
330708 297
330631 2857
332979 103
333455 297
332729 297
333841 297
333848 297
334587 297
15343 3833
339568 297
341511 297
343370 543
344352 297
340047 297
345198 308
345585 1467
345296 297
362248 297
373598 297
381246 297
303087 297
430409 297
284744 297
431588 297
45585 297
189881 297
449074 517
452366 297
475581 2734
480673 297
497367 297
499977 297
145919 297
141152 297
494071 297
545750 297
546523 297
558432 297
576261 297
576442 2120
587056 297
587126 297
587178 297
587190 297
576634 297
646484 297
660793 543
285128 2129
704829 297
705782 297
861511 297
3563 166
8603 166
3161 392
8627 166
404 103
13536 166
83 0
8036 346
13118 166
13144 1478
13153 166
13154 393
3177 166
7084 927
3986 166
4010 166
4014 166
4041 166
11653 861
4050 166
11857 166
4091 259
27796 166
27800 166
27802 166
27810 166
27814 166
630 166
26217 2041
27834 166
27836 166
27845 166
27894 166
27926 166
27933 166
15814 2045
27992 166
27994 166
28034 166
28085 166
28114 166
28119 166
28126 166
28128 166
28156 166
28162 166
28165 114
28167 393
28188 166
3618 166
28199 166
645 166
15825 166
28269 166
28275 166
28293 392
28307 166
28308 166
28311 166
28312 166
28370 166
28379 166
28387 166
28404 475
28446 166
652 581
28452 455
28463 389
28482 166
10588 346
4111 166
28509 166
28521 166
28541 2089
28550 748
28564 166
28568 166
8044 102
12518 1929
4116 166
12627 166
15873 55
694 166
15973 166
24545 581
4159 166
14251 203
14889 166
4170 311
16084 166
771 166
16197 224
16612 166
16883 166
11138 636
17123 475
17840 166
17972 166
18157 861
4210 166
10613 166
19167 192
19624 166
19739 1481
20724 192
20746 166
20802 166
20965 166
1609 2727
1686 203
35897 166
36220 114
3649 166
36374 891
15260 166
32363 166
34012 2896
33331 1481
37317 166
37449 433
31541 166
49661 166
49666 166
49674 166
31953 166
4286 166
37780 926
49434 166
13087 166
32511 166
32513 166
38607 166
32515 481
38861 166
32517 166
39785 1504
10646 734
40407 2384
40480 166
28614 346
41016 166
41103 3089
41110 166
32531 166
49940 436
9920 166
27657 166
54188 398
37573 166
3665 166
55138 166
53733 2039
51582 166
21121 166
52594 166
32544 346
32558 166
32568 166
32580 166
32585 346
32588 166
32617 166
10660 166
32623 203
32625 166
32650 203
32658 166
32668 346
32718 166
32725 346
32729 475
32748 166
32751 166
32769 166
32771 166
32796 346
32801 166
32807 166
32821 166
32835 166
32846 114
60992 166
61727 166
63145 166
67452 166
59541 166
59671 166
28644 166
28652 166
65484 203
65708 203
65711 166
65805 166
65967 166
49493 166
42152 166
71859 166
79164 103
80466 203
74921 103
28665 166
78163 166
26294 166
28672 166
87269 166
88561 166
3292 926
113278 273
28685 166
118251 166
119009 166
118084 166
123469 166
1904 195
12282 166
117326 166
28699 166
121568 166
21337 632
129319 166
129290 393
28712 166
126877 166
126888 166
126956 166
126984 166
126990 166
127019 166
127071 166
127079 166
127096 166
127164 166
127166 1504
127174 346
127223 166
112638 166
127241 166
127248 166
127266 166
127272 166
78597 166
127351 166
127435 166
127449 166
10708 1504
134851 3170
135815 475
136972 426
147773 166
149399 475
149886 166
153391 166
118091 166
173744 2971
10731 166
183701 166
183652 166
183653 166
183657 166
184419 166
28746 166
103583 166
181898 166
181905 346
181906 166
181907 114
181912 346
181914 166
181930 166
181932 389
10744 346
181948 166
181953 346
181954 346
184570 166
182565 166
202347 3811
212772 1504
212777 1504
216671 166
105048 166
233706 166
240279 1930
241797 166
241986 166
67383 166
242006 166
242008 166
46766 166
106089 166
249477 166
249697 166
46767 166
249932 166
250063 166
250084 166
250089 2045
250095 2045
250100 166
28769 166
251307 166
249881 166
66171 166
253593 166
253594 166
253596 166
253599 166
253602 166
270212 166
50106 166
279424 203
281788 166
295384 166
107487 166
314002 1504
314006 166
10219 166
107526 166
316199 166
316227 166
316266 166
318002 2754
319637 166
31200 166
45455 166
253604 166
353557 166
356731 926
372974 166
28812 166
381487 166
350519 166
390308 166
81528 166
10818 166
420872 166
10819 166
66219 166
10824 166
2088 166
443189 166
181962 346
28827 166
28828 166
467234 166
467235 166
467236 166
173404 166
28833 166
184644 166
621047 166
725557 166
729510 166
730621 166
316294 166
301280 166
118098 166
266357 166
28890 166
936989 166
28892 4994
3923 40
8632 40
8705 572
3933 40
56 752
3270 40
12307 40
359 203
11331 403
8118 102
25219 678
460 40
461 40
6028 40
8330 102
7188 116
539 1729
12884 103
11385 40
4018 224
4020 56
11627 40
11679 40
11814 40
11850 40
8039 138
27792 2024
8055 271
30043 479
30113 40
13660 40
29420 464
15888 40
12106 636
15897 40
30704 1187
30846 40
718 40
30974 40
7938 148
14555 350
14836 40
25909 40
17705 224
10023 40
19407 38
20743 114
35468 40
29571 40
29594 40
1154 195
1439 40
1679 40
33423 224
36506 264
33679 633
33405 758
37416 40
37686 501
31992 40
38556 224
40619 1179
50328 591
41260 40
53184 40
50922 567
41277 40
50972 40
54412 38
56208 40
61011 400
31103 427
64162 40
4441 40
4451 40
4489 40
4503 40
70049 40
4516 224
75716 2110
41937 40
68074 2970
61924 40
62222 40
63637 40
65533 481
65839 3510
66022 224
66098 228
57322 2237
71460 40
74180 442
74197 275
74201 40
69308 40
69621 258
82310 3546
84186 40
31119 195
88542 40
93529 481
42762 40
73606 40
42870 40
129851 203
98372 461
98724 40
143998 40
145333 40
67545 40
100488 1027
100600 2395
102730 40
10733 224
103147 567
179031 199
78987 40
183315 3510
103599 224
182709 40
193099 182
49509 38
199472 38
199517 40
208781 40
216632 203
217040 40
217086 732
215646 224
92562 2970
232629 40
237603 40
252086 40
29854 40
259139 224
259561 40
277069 481
279791 40
281637 40
281672 40
253177 38
294253 481
294268 40
294289 224
294296 224
302746 40
217337 40
315462 40
317327 40
317355 224
317393 40
320405 40
355544 40
383369 40
388691 40
378899 480
398160 40
424013 730
634247 40
66259 40
74095 40
684564 224
10849 224
149636 40
8031 375
339 620
60 501
12371 797
12373 273
6849 403
11184 103
450 897
3970 255
8107 728
6048 1435
9664 722
26008 103
554 1752
26348 103
9945 103
9976 103
7902 431
11644 400
11783 103
606 1983
27799 103
28058 103
640 103
8042 119
8054 119
8070 403
665 103
10589 1232
8149 1677
30362 402
695 19
697 224
30445 2161
13684 103
750 2372
25847 103
16178 103
16649 103
17858 103
17969 103
19096 103
19647 771
19846 2396
19874 548
29441 2105
824 119
29536 401
29565 103
940 1863
1397 2679
1670 103
36351 103
33642 2831
34023 2831
34289 897
34536 2841
31705 444
37316 103
28592 274
21026 103
21032 771
37707 327
49804 56
37794 103
32469 2114
49432 203
31083 262
32055 103
38332 103
32065 3096
38687 3111
39016 103
39065 103
39221 3130
39858 1019
26022 119
1810 103
4369 255
50895 0
41306 2246
56718 1232
57538 1381
57772 2438
57792 103
57816 673
51967 481
21123 103
25033 343
62143 103
62149 401
61731 282
41538 103
64311 857
41592 888
41619 771
68476 1583
65762 255
65852 3194
65937 103
65951 103
77932 103
80819 103
42363 402
67101 3558
78493 255
73605 103
78362 403
29607 103
53974 866
94118 464
94327 103
50459 103
91862 1446
91866 2652
91882 112
91952 736
91965 112
114007 1073
122639 255
122466 3705
127860 400
114151 103
12177 103
114457 103
95511 203
95654 103
95775 103
122007 103
127034 103
11337 255
43302 103
97524 103
142630 255
142692 103
151088 103
145754 670
150016 103
100632 1356
66145 103
173453 255
173479 255
173486 103
101931 266
176222 103
103527 103
176383 2396
103880 103
193245 22
192469 814
193784 551
104234 103
199546 605
212872 464
93825 103
215747 103
212869 103
212751 103
227218 501
229583 103
233127 103
233130 103
233131 103
233140 103
233152 103
233157 103
233166 103
233172 103
233179 103
239848 103
241408 3156
105943 103
241419 464
241460 103
254395 2536
254422 103
254424 119
254425 103
262616 103
262619 224
106507 203
274398 255
106842 2438
281360 103
281361 255
281642 255
242013 255
281664 400
81907 475
141008 830
301404 462
307379 255
308654 103
2046 255
308959 255
309064 112
318062 103
326604 2831
107975 103
353673 103
372988 1019
380765 103
92578 736
394315 255
404739 103
404752 203
24578 343
427831 103
496132 255
496133 255
557933 103
54633 103
296776 1696
10836 224
675924 103
443794 103
712543 103
10852 255
477802 103
36983 55
11343 103
21962 572
8734 224
9934 224
10487 224
10540 224
6858 431
24590 224
9616 224
196 224
7916 224
11863 224
4073 224
12054 224
27826 224
15811 224
12517 224
29988 224
30189 224
4128 224
30611 224
7678 224
14007 318
16259 224
17659 224
17964 224
4233 224
29585 224
1101 224
35899 224
36347 224
36361 224
36380 224
10621 224
35838 224
35581 566
4285 224
37773 224
49283 1301
49323 224
37808 224
4298 224
49357 224
49371 224
49385 112
10634 224
49415 224
37864 224
10637 2610
10640 224
10641 224
12663 224
40520 224
10650 3205
40736 224
40737 3216
10654 224
54065 224
54145 224
29909 224
53605 224
54517 224
51528 224
4453 224
41625 224
68195 224
63625 273
49467 224
65526 224
65534 224
65541 224
65561 224
65574 224
49470 224
65643 224
65644 224
49478 224
65752 224
65847 224
65856 224
65921 224
65933 224
65998 224
66028 224
66029 224
10668 224
71855 224
64479 224
67153 224
10671 224
4598 224
73669 224
80325 163
65458 224
42409 224
52699 224
78333 224
90601 1447
88860 224
93385 224
90140 3634
65182 224
42819 360
91959 224
91968 102
125289 224
10700 224
50466 2394
129690 224
96204 224
145336 224
150743 1188
150422 372
36923 224
10730 224
170123 224
61983 224
10734 224
178829 224
10741 224
182768 224
193920 224
197035 224
201043 1616
10748 224
206989 224
10759 224
10765 224
233482 224
10768 224
242283 224
249092 224
249093 224
248824 2027
10777 224
259124 224
259128 224
259134 224
259136 224
259142 224
259148 224
10779 224
295350 224
295356 224
317294 224
317299 224
317307 224
317312 224
317315 224
317322 224
317323 224
317331 224
317333 224
317339 224
317340 224
317347 224
317359 224
317362 224
317370 224
317372 224
317374 224
317378 224
317383 224
317385 224
317388 224
317390 224
317396 224
317397 224
317399 224
317401 224
317403 224
10798 224
10801 2007
320813 224
10809 224
10810 224
176255 224
10813 224
404753 224
404755 203
405515 224
426848 224
434713 224
443502 224
443503 3510
317404 224
452264 224
464819 224
109272 3634
10832 224
611834 224
10838 224
684562 224
684558 224
10843 224
729128 224
10845 224
318404 224
264739 224
792328 224
10853 224
872842 224
729187 224
8006 224
6676 249
7169 1621
7543 1170
29996 1007
26276 1351
49700 1351
39595 1351
39646 1743
39717 1619
62663 1351
77410 762
77277 1351
93094 2098
126233 1170
96346 1619
133555 1619
137175 1351
148016 1351
148083 1354
148095 1351
148097 1619
145998 1351
100436 1013
149245 1351
148322 1354
148392 1351
100565 572
100567 1174
148501 112
100605 263
101857 1619
102719 1619
170248 1354
102855 1351
177956 1351
201118 1621
204190 1351
209622 1351
104620 1669
210102 3737
209905 1170
209962 1351
219622 1351
218722 762
218731 1003
218775 1170
105234 1351
237717 1351
105862 3102
237763 2098
105889 1351
105908 3236
105927 1351
105929 1170
237851 1351
247103 1351
254563 1351
254573 1351
254577 1351
254585 1621
254589 1351
257353 1007
26986 1619
106463 1351
106474 1003
262800 1621
268649 1351
269605 1351
269606 397
276327 2747
277962 1354
106819 1351
106911 1619
299258 762
107372 263
107375 1354
306638 1351
307325 3104
310213 1351
317915 1351
107561 396
320257 1619
320264 1621
107568 1351
320287 1351
320300 1351
107571 1351
320312 1351
320768 1351
339445 1621
353064 1351
357007 1351
357420 1351
359388 1913
359403 1351
359424 1351
359435 1351
359454 1351
361105 1351
361110 1007
363328 1174
363869 3103
363902 1351
363950 1354
364030 1003
364043 1170
364065 1174
364077 3104
108109 1351
365108 1174
368112 1351
368189 1619
108153 1913
369652 1174
370043 1743
370286 1351
108179 3104
108187 1619
371153 2098
371161 1170
371171 1351
371174 1351
371195 1351
371198 1013
371205 1351
371215 1351
371230 1351
371231 1351
371243 1351
371251 1351
371257 1351
371264 1003
371265 1351
371271 1351
371273 1351
371280 1351
371342 1351
371350 1619
371355 1351
108197 1619
371381 1615
371384 1351
371389 1351
371410 1351
371430 1351
371452 1351
371457 1351
371507 1351
371669 762
317264 1351
371957 1167
371988 1351
237860 1351
108254 1351
372160 1619
372169 1619
372171 1351
373299 1351
379024 1351
376715 1354
381054 1351
380690 1351
380691 1167
384274 2098
382571 1174
384283 1351
401350 1007
401367 1351
401370 1170
108512 1619
108653 396
382596 1351
372687 1913
473930 2576
475041 1351
109292 1619
382650 1351
378547 1170
486043 1351
489384 1619
489415 1351
489456 1621
489183 2098
359014 1351
382692 1351
489221 2098
493291 1351
109709 1351
522624 1167
522625 1351
522627 1743
522661 762
522752 1351
345591 1351
522784 1351
522789 263
522806 1351
522809 1351
530548 1167
530552 1167
534102 1351
534103 762
534104 1354
539626 2098
539805 3847
540801 1351
540810 1351
548239 1619
547642 1167
561819 1351
562637 1354
563129 1913
572047 2576
600917 1351
601241 1351
609160 1167
616484 1351
616310 1351
616642 1351
616633 1351
562646 263
656519 1351
667332 1351
667333 1351
667436 1351
667455 1351
667412 1351
681803 1351
686711 1351
686714 1351
693319 1751
693320 2576
654714 1351
745578 1351
749859 1351
750154 1351
750130 1351
751630 1351
756171 1351
756835 1615
368256 1351
805750 1351
12349 475
12356 203
3167 771
10448 203
431 114
10499 203
10515 203
10520 203
10281 203
6859 271
3386 203
507 1542
7379 203
11403 203
11608 203
11858 1586
626 203
8059 102
8072 203
10592 203
30751 203
14306 203
14789 982
8976 1981
15102 203
15146 203
15226 203
759 475
26112 203
16650 1717
4186 203
17783 203
18618 203
19747 203
20900 203
29942 102
31076 203
32365 203
31963 203
37833 203
32523 102
40581 1841
41065 112
41281 203
54005 203
55122 203
10051 203
32653 102
32826 203
61231 19
75061 203
75676 2213
70131 1542
61950 203
74530 1416
65946 112
70346 2941
67828 203
77361 481
69315 203
78396 203
42522 3225
84737 203
86138 203
86358 203
86436 203
87477 203
90640 2077
88408 203
88564 203
88902 102
42810 203
95151 320
95152 203
91850 203
91861 112
119146 203
92361 203
125368 1555
127980 203
117427 203
117718 203
113439 2727
129963 203
96938 203
130977 203
97389 203
31146 1558
133219 203
98265 203
98599 203
99104 1257
100379 203
101315 203
170461 203
175225 203
102786 982
181200 203
178247 1910
183430 203
184556 203
184319 3543
191556 203
192692 171
192706 203
103930 203
190595 203
104201 203
199501 203
198614 203
198646 203
198757 203
198863 203
206665 104
105062 1502
227017 2158
105588 203
184703 4155
231070 1555
233597 917
239574 1586
241425 192
241446 3543
241457 203
241468 3091
241472 104
181205 475
264734 203
270678 203
274791 203
275905 203
278212 203
278918 203
280101 475
281528 982
281354 203
281673 203
282756 203
284366 203
284369 203
284370 203
284374 203
284375 203
284382 203
284385 203
284386 203
284391 203
284393 203
284398 203
284399 203
284403 203
284404 2958
284405 1600
192709 3358
291170 203
301189 203
2040 203
304433 203
304435 203
311969 203
317852 2086
361840 203
366250 203
366251 203
371133 203
91321 203
389295 203
401505 203
404745 1559
369031 203
438508 203
284411 4636
452972 203
480202 203
480262 203
481315 320
481316 203
481322 203
193685 203
192715 203
497772 203
497773 203
497774 203
498291 203
506263 203
350059 475
526845 203
526847 203
528810 203
530566 1558
538962 203
621038 203
621048 203
622262 203
626806 203
626807 203
629240 203
629243 203
629246 203
629248 203
654296 203
657908 4821
657910 203
668016 203
658720 203
725834 203
792600 203
792601 203
668554 203
10468 1172
10505 1167
7570 1621
12976 1744
37932 1003
39092 1170
39267 1170
39641 1174
40908 1167
40999 1167
51733 1621
62656 3134
42289 1003
97187 263
135078 1167
144826 1167
100302 1621
100306 1354
145252 1167
100314 2576
145268 1619
145286 1743
100330 1003
148005 1167
135786 3611
100502 1167
148265 762
100525 1167
148298 1167
148313 1167
43862 1167
100574 1167
100580 1167
148492 1167
148560 1170
148562 1170
148569 2098
148578 1167
100614 1170
148604 1170
44256 1173
197799 1167
104068 1354
201108 1167
201112 1167
201121 1354
104525 1170
210322 263
170300 1170
105227 1167
218788 1167
105239 2098
105868 2098
105878 1743
237820 1170
105938 1913
254562 1167
106189 1174
254574 1174
106190 1003
106263 1167
257363 1167
302607 1170
307472 3208
320250 1167
320311 1174
320316 1174
107605 1913
359401 1167
361111 1619
362568 1745
108094 2576
364050 1354
364086 1167
365079 1167
365092 1170
368139 1174
368204 1167
368206 1167
369393 1167
369665 1167
369681 1913
370234 1743
371199 1167
108190 1167
108200 1167
371526 1167
108240 1003
372163 1003
378555 1746
108290 121
380240 1167
380250 1167
380253 1167
378716 3102
108295 998
380988 1167
224524 1167
381206 1170
384260 1003
401347 1621
428727 1167
108799 762
382616 1007
478921 1167
382652 2098
486025 1167
376762 1167
382690 1167
148614 1170
109708 1174
522483 1174
522626 1167
382717 2098
522655 1743
522657 1167
522662 1170
522667 1354
522672 1743
382718 1743
522697 1167
522705 1013
109733 1167
522731 1013
522742 1003
522756 1170
522759 1007
522768 1167
522778 1167
522785 1167
522791 1170
522800 1174
522802 1167
522803 1167
522888 1619
539951 1167
547631 1354
562621 1621
563807 1167
566878 1174
109937 3937
571726 762
571498 1167
109963 1167
567143 1167
609928 1167
667176 1167
667178 1006
681744 1167
681802 1167
716301 1167
750163 1167
756755 1619
821223 1167
8591 38
8700 38
3248 401
368 38
12385 38
10561 38
98 467
9654 38
6887 38
11722 38
11794 38
12041 38
3452 38
28405 192
15858 38
15896 112
30953 38
30981 38
14967 38
18823 38
19191 38
4218 102
20466 38
26131 38
37742 102
49201 38
37761 38
37824 38
37842 38
35917 38
21045 195
38030 38
39814 38
50737 38
31096 38
41394 38
1831 1196
62038 38
62049 38
77146 481
42106 636
71084 38
72192 38
69249 38
42313 38
80482 38
80484 196
82586 38
81627 38
58021 38
88857 38
80093 38
90285 264
94942 192
95308 481
116632 38
42944 38
95534 38
95899 38
73617 38
97756 112
97782 38
97790 38
73622 38
73633 2118
73642 38
182015 112
103225 38
179014 38
179135 38
87808 38
104097 38
104099 165
199286 38
104104 38
199292 38
104110 38
104112 38
199306 481
199315 38
104122 38
199325 38
104128 38
199332 38
199340 38
104134 102
199342 38
199345 38
199356 460
199359 38
199360 38
199368 38
104153 38
199372 38
199374 38
199377 38
199379 38
199386 38
199387 38
104159 38
199394 38
199397 38
104166 38
104170 38
104171 38
199403 38
104174 38
199411 38
199416 38
199418 38
104184 38
199422 38
104189 38
199424 38
199427 38
199429 38
104194 38
199433 38
199435 38
199439 38
199448 38
104203 38
1982 38
104207 38
199461 38
104213 38
199477 38
104214 38
199482 38
199495 38
199500 38
104229 38
199509 38
104236 38
199521 38
219968 38
227247 3986
228467 38
288791 38
107489 38
48968 3054
360986 481
394632 38
421306 38
421307 38
421308 38
421309 38
421310 38
421312 38
421313 38
421314 38
421315 38
421316 38
421317 38
421318 38
421319 38
421320 38
421321 38
421323 38
421324 38
421325 38
421326 38
421327 38
421328 38
421329 38
421331 38
421332 38
421333 38
21693 38
421334 38
421335 38
421336 38
421338 38
421340 38
421341 38
421342 38
421343 38
421345 38
421346 38
421347 38
108616 38
421348 38
421350 38
421352 38
421354 38
421355 38
421356 38
421357 38
421358 38
421361 38
421363 38
421364 38
421365 38
421366 38
421367 38
421368 38
421369 38
421370 38
421371 38
621165 38
633984 38
633857 38
8999 1170
38181 263
38469 1170
38485 263
40088 263
48921 1170
32783 572
62838 134
121083 1170
128910 770
98036 1004
98622 1173
137425 286
144835 762
100317 762
145277 1621
145280 1170
100322 572
100338 1170
148043 1170
148101 1170
148107 1004
146985 3134
100452 1170
148230 1170
43861 1170
148285 1170
148289 3695
100537 1173
148332 1170
148339 1170
100560 2281
148381 1170
148409 1174
100571 1170
77873 2530
148514 3134
100610 1170
155888 1170
170093 1170
170182 1170
170256 1170
170280 1170
102856 1743
174765 1003
103675 263
197801 1170
201127 1170
201705 2747
209879 2747
209947 1170
209958 1170
105225 263
218764 1170
218813 263
170463 762
237721 1170
105870 1013
237732 1170
105887 1170
237779 1174
237801 1170
105933 2096
258747 1170
261505 134
267783 1170
272050 1170
280465 1170
135789 1003
302570 1170
302599 1170
302637 1170
107550 1619
320213 1170
320226 1170
107559 1170
320338 1170
359455 2577
362499 3847
362572 1013
363382 1170
108084 1170
364022 2098
364044 1170
364154 2098
365083 1170
365086 1170
365087 1170
365106 1170
364008 1004
368497 1170
369996 263
369088 1170
369091 1170
369667 1003
370262 3134
370268 1170
370340 1170
371503 3134
108222 1170
379035 2184
379297 1170
381098 3208
381022 1170
381041 1170
380721 1170
381128 1165
380585 1170
428682 1170
428094 1170
382607 2098
461279 2116
463473 1170
109291 1170
382649 1170
382693 2098
109382 1170
489251 1170
109415 1170
522639 1170
522660 2098
522671 1170
522677 1170
522686 1170
522694 1170
522696 1743
522706 1013
522711 1913
522775 1170
522807 1170
109756 1170
149215 2098
540028 1170
365041 1170
548343 1170
307509 2690
382758 3104
548391 1170
562636 1013
428711 1170
379047 1744
428712 1170
563806 1913
571435 1170
571323 3695
571329 3134
601256 573
562980 1170
610077 3260
616640 2096
621093 1170
757045 1170
468057 134
5842 1979
5853 1540
25814 2013
14416 1081
16055 564
19835 2371
1635 543
33477 547
33544 543
33555 891
33562 2805
33579 2810
33659 1062
33929 1418
33932 543
33933 1380
34346 543
34396 1098
34415 543
34466 547
34573 1418
34605 807
34698 2792
34718 1368
49662 2678
34725 2806
38202 543
38887 543
55243 615
55300 3306
55397 3313
56998 689
57542 634
57586 543
57611 1218
56512 543
83692 543
84611 2370
90492 1864
93933 543
34848 2370
95219 1212
34891 1813
142069 2706
144037 543
98765 2427
98924 543
98998 547
99252 543
43542 543
99316 743
99337 543
142508 543
99652 668
99783 543
142718 1418
100209 543
100234 543
43655 1301
100282 1111
100288 543
34966 543
100967 2370
101236 543
101548 878
101551 3444
169932 543
103740 543
104730 2813
212908 1715
105569 543
105646 543
105675 517
105748 3790
241337 543
242859 543
106008 517
106009 543
245482 543
106059 543
106074 2370
106206 543
106220 543
261686 543
106832 1418
106869 2806
35098 1418
284010 543
284018 543
284027 543
284861 543
213022 2851
291548 2004
291871 543
107038 2370
107046 543
107049 543
107054 1380
107058 543
107068 313
291918 2496
107082 4196
107100 285
35112 546
291937 543
107103 543
291941 543
107111 543
107124 543
291952 543
45316 543
291954 2493
107128 543
107129 543
107132 543
107139 2005
291962 543
291967 543
107150 1094
107155 543
291982 543
291983 546
291991 546
291992 543
292006 543
107201 543
292017 300
107214 543
292037 543
107233 543
292039 546
292969 543
300055 543
311896 3763
311911 553
312496 2370
312497 543
315156 543
141067 543
352730 543
284116 543
475601 3643
114170 543
312513 543
9925 7
11186 1065
419 313
11225 813
426 709
11260 313
3212 1546
7381 626
11646 1605
25892 2442
25946 626
25972 313
17628 1104
19480 491
33546 711
33769 626
34079 2854
34234 1128
38551 313
40524 313
53560 313
56855 2680
57589 7
57591 2525
52532 313
32735 313
61527 7
69786 313
85430 313
86892 313
91064 1446
91072 2442
95337 1907
82953 2805
121605 313
43022 7
134082 313
133809 2543
43374 1160
132429 1695
131240 313
131243 313
131249 313
131333 2650
98634 313
140734 313
140737 626
140739 313
34916 626
140744 313
140745 313
143147 626
98686 313
140748 313
140751 1095
140753 1128
140755 3172
143898 3870
141836 1094
140769 626
140779 313
34930 2454
144371 2454
140780 3172
98798 313
43493 313
35972 313
94559 7
99205 313
142449 313
99425 313
43569 313
99635 313
140788 313
99925 313
140789 313
143061 2007
34956 2454
140805 626
144230 3921
156352 1102
140812 7
154752 1244
140829 313
103713 7
140841 313
140842 313
140851 1128
206284 313
206286 626
140853 313
140855 626
206290 313
214571 313
140869 313
140872 3893
45007 313
140886 313
140887 7
140892 313
235618 313
235623 313
235626 626
140908 313
140909 313
140911 313
235658 313
244624 313
242630 313
140920 626
247961 313
140922 626
140925 7
140926 626
247973 313
21550 313
140930 1912
140932 313
140933 7
140935 313
140938 313
248004 313
140939 313
140943 313
106093 313
140948 313
140949 313
140951 313
140952 313
140953 313
140954 313
140955 313
248035 313
140959 313
140965 313
248043 626
140970 313
140971 313
263766 2017
272738 313
140989 313
284950 626
141002 313
107024 7
141013 313
107500 313
141028 7
315161 313
141030 313
320836 313
35139 1907
323983 313
141054 1294
321217 313
141055 626
141056 313
327330 313
328406 313
328460 313
328562 626
330895 313
141068 1142
336138 313
340693 313
340500 313
340627 313
141085 313
141088 313
351898 7
358083 7
141092 313
365345 2673
283988 313
447020 313
447187 3893
141134 313
141139 313
517519 313
517527 313
517538 313
517556 7
517570 313
517573 313
517630 7
517662 2454
517714 7
517749 313
517756 313
537830 4142
544230 7
547580 313
548323 313
560783 313
324397 313
141173 313
141182 313
213039 313
569227 7
141186 313
39414 323
62670 2098
91890 2098
91977 1952
93090 2098
96545 998
43220 2098
97233 1913
135767 3611
100294 2098
43750 2098
145511 2098
100559 263
170254 2098
197798 2098
207840 2098
104618 2219
105228 2098
227714 762
237272 2098
105859 2098
237707 1913
105874 2098
105876 1174
105877 2098
237771 1913
105896 762
105918 2098
105920 2116
237824 2098
237833 2098
105935 1165
267247 2098
277959 2098
296633 2098
302576 2098
302643 2098
320216 2098
107564 2098
107567 2098
107574 2098
107575 1913
107577 762
107580 1913
322575 2007
108028 1174
108077 1913
108112 2098
369984 263
369076 2098
371501 3104
371665 1913
108232 2098
378562 1007
381102 998
380694 263
108306 2098
384277 2098
401362 2098
428687 2098
428702 1913
382613 2098
473933 2098
384312 2116
478909 1913
468149 2098
482212 2096
489192 2098
493625 2098
150617 3611
498435 2098
507245 263
374080 2576
520230 2098
520234 1913
382710 2098
520492 2098
522481 2098
522688 2098
522693 2098
522761 2098
522794 1743
522813 1913
382724 1913
537424 2098
537445 2098
537457 2098
539849 1745
539831 2098
382741 2098
548237 2098
548061 1619
548070 1913
382780 1913
109905 2098
571689 2098
571769 1913
571716 2098
573521 2098
563876 396
110013 2098
609325 2098
609327 2098
609502 2098
382858 2098
636485 998
639976 2098
654709 762
667241 1913
667462 2116
667465 1913
667466 2098
667469 2098
730912 2098
730918 2098
730921 2098
730926 2098
745986 2098
809295 2098
821237 2098
3578 121
13626 1032
33176 2653
33195 121
1589 2691
32020 121
67358 3462
68581 121
89942 2690
91214 121
94109 2653
95573 121
94062 3208
134201 3208
98568 2653
145412 2653
24595 2690
137319 121
149958 2653
43856 3307
145483 121
148377 2653
192184 3208
200398 3208
218827 121
233880 2968
241559 3208
254605 121
106557 3208
277608 121
302518 2690
307319 3836
45381 2690
307405 3208
307406 3208
307409 121
307413 3462
307423 3836
307425 1003
307426 3836
307427 2653
307431 3836
307433 2968
307437 3462
307448 3462
307450 3836
307454 2968
307459 3208
307461 121
307466 121
307471 2968
307473 121
307474 2968
307477 3208
307478 2690
307482 121
307485 2690
307486 3208
307490 3208
307493 3462
307497 121
307498 3462
315502 3208
314634 3208
314636 3208
314638 2968
314639 3208
314641 2690
314643 121
370429 1003
381087 121
381091 121
381096 2653
381097 2653
307499 3208
381105 3208
381107 3208
384250 3208
424252 121
307500 3836
430595 3208
430596 3462
430598 2968
430599 2968
438855 2690
438857 3208
438859 121
438860 3836
438862 3208
438863 121
438865 3208
438866 2653
452018 2690
458110 121
145563 2181
307235 3208
458111 3208
458112 3208
255492 2690
458115 121
458116 121
458122 3208
458124 3208
458125 2968
458131 121
458135 3208
381806 3208
520077 3208
528256 3836
528259 2653
528261 2281
528262 2653
528263 3208
50540 2653
528265 3208
539980 121
384371 2653
543004 2690
543005 121
543006 121
543007 121
543009 2178
543010 121
543012 2653
543013 2653
543014 2968
307505 2653
543019 121
543020 2653
543021 2653
543024 2968
543025 121
543026 121
543027 1003
543030 3462
307506 2968
543033 121
543036 121
548330 3208
548331 3208
307508 2690
548332 2968
548333 121
548336 3208
548339 2653
548340 121
548360 2690
314645 121
548379 3836
548381 3208
548383 2653
548384 3208
548388 3208
548389 2653
548390 2653
563186 121
563192 121
563195 3208
563196 3932
563201 3208
458136 3933
564009 121
566044 121
307510 3208
566052 3208
566054 2968
566059 121
566062 3208
566065 2690
566067 3208
566068 3208
566071 121
566074 121
566078 2653
566080 2690
566082 3462
548392 3462
566086 121
548394 3208
566089 2690
489647 3208
566092 3208
563208 3208
566093 121
307512 2968
566095 121
566097 121
566098 3208
567762 2653
543037 2653
563209 3208
567764 2653
570622 3208
570625 121
571178 121
610052 121
610079 2653
46804 2690
610083 2690
563210 2653
637935 3208
190246 2653
637937 3208
661389 121
661390 3836
661393 3462
458137 121
566102 3208
688285 2653
543041 2690
298191 121
458138 2690
718837 121
610054 121
722824 2968
722876 2968
722859 3208
307516 3836
722787 2968
722790 2968
722791 3836
722796 3208
722798 2653
722812 2653
722813 2653
722984 2653
723050 2653
567766 3462
722907 3208
722913 121
722915 121
722916 3208
722918 3208
722888 3462
307518 3208
723074 121
722806 2653
722808 121
722810 121
722826 121
727945 121
727948 3208
727960 3208
760856 3208
46432 121
760862 2690
760864 2690
760875 3208
785567 2653
785570 2653
443590 3208
785554 3208
785557 3208
795228 121
795220 121
795243 121
795234 121
795223 121
688288 121
820311 121
823271 121
823270 2653
307522 3208
828367 2653
718841 2653
610055 2653
307523 121
830422 121
670028 121
836184 121
307527 3836
722932 3836
307528 2690
458139 3836
489660 2232
379058 121
3517 102
314 401
69 830
8035 102
8097 102
3607 102
7075 102
4021 788
11712 102
8046 102
8057 112
8058 102
8065 119
8066 119
8071 102
29992 1014
30444 102
15895 112
30898 1804
728 259
27448 102
27487 102
8073 102
14026 275
9919 462
16585 102
16931 1447
8075 102
10615 55
9671 132
823 462
920 759
36295 102
49364 112
39035 102
39127 102
40640 102
40708 566
59053 102
48042 102
32632 112
61192 19
41694 102
64569 102
70435 102
70965 102
69027 102
69033 102
69034 1633
69035 102
64480 379
69046 102
69058 102
81624 102
42436 102
84538 102
91793 3377
91795 102
91798 102
91801 102
91837 112
42817 102
48988 102
48989 112
91936 102
91969 102
129971 102
91983 833
141828 102
101940 102
182327 636
103208 102
29613 102
189347 398
104196 102
199451 464
104224 102
236811 102
79389 2084
254325 112
254326 119
8077 119
106269 762
106710 102
277038 636
277077 1157
278793 102
349309 102
357760 102
383384 636
388683 4544
388695 102
388706 102
388707 102
388712 2079
388719 102
388723 636
388731 102
388744 102
388755 102
388764 102
388783 636
445479 102
449646 55
482163 112
3314 284
11728 284
10022 284
25929 284
4180 284
16383 284
16549 284
1361 1907
33618 2113
33977 816
34050 284
31586 723
32436 284
39514 284
48901 284
10655 284
56063 284
47458 284
32562 284
32686 1914
32730 1085
32736 284
70105 284
65855 284
69783 258
84066 284
93162 284
113830 284
118059 284
95293 2493
114340 1213
95602 284
128984 964
142174 284
3698 284
99528 284
141474 808
53198 284
170415 1368
180626 284
119675 284
103501 284
182624 284
192522 284
241344 284
105961 284
241386 1943
245317 284
269593 284
283891 284
283892 284
283941 2113
283960 284
287298 284
287299 284
287304 284
287305 284
287307 284
287312 284
287316 284
287320 284
287322 284
287324 284
287326 284
287327 284
245448 284
291914 284
107120 284
107185 1907
313329 284
325796 284
107619 284
288412 284
332278 284
107753 284
344668 1259
358011 1219
358012 284
358027 284
358064 284
358086 284
358872 284
108649 284
108757 284
459596 284
283367 842
334085 284
553073 3725
13621 354
7257 1633
7325 487
7414 582
16253 132
29922 57
29923 411
29935 963
29948 406
29967 2275
50871 57
53672 1613
76743 57
69738 351
42344 975
88160 2275
89184 1930
93431 1631
93929 1631
113273 1636
115978 354
97287 1049
128868 351
97619 1631
134499 411
136281 1523
135703 1631
135727 57
135751 1635
135761 1612
98330 354
26818 1632
135776 528
100546 2528
174753 3879
183075 2114
183142 1657
103178 57
185523 412
44767 975
138905 57
190531 1010
194390 975
194326 57
104024 1173
194487 1035
194517 1035
197179 1624
104084 1613
197439 1635
199757 57
26927 3996
200913 487
201342 351
104359 57
202256 57
32891 1628
195400 975
201131 975
201132 1628
137452 1635
201134 1656
201137 859
203985 975
203986 57
203987 974
202353 487
203991 1631
203994 859
203995 1632
203996 1635
203997 859
104456 859
203999 2275
204000 2621
104457 859
204002 1635
204003 1612
204004 859
7722 859
204006 1035
204007 1633
204008 57
200313 57
204567 57
205693 1632
205703 1631
202355 2778
104473 1633
206432 2276
205473 1632
104495 57
205194 96
104516 1636
207657 57
209242 975
173512 57
211826 1612
211836 368
211837 3126
211839 1632
211841 975
211845 1613
211846 1631
211848 57
211849 1612
211852 1631
211858 1612
211860 1612
211864 57
211866 2275
211870 1635
211872 1635
211874 411
211876 57
211878 57
211879 57
211880 1632
211881 1635
211886 975
211887 1612
211888 975
140861 626
211378 975
211894 1612
211896 1630
211899 528
211901 57
211904 1635
211905 1035
211382 57
202362 1657
214382 57
105179 57
217901 57
215309 411
224020 2096
241692 138
106289 2593
261232 1631
261020 57
264176 1631
270764 57
278333 354
278345 1633
209874 975
139050 3126
305651 2778
306433 974
305666 1631
305669 2275
7744 2275
247290 1633
305592 1631
305594 1636
306246 1613
305692 57
305712 1656
305718 406
305735 354
305742 1631
305743 1631
305747 1633
305749 974
305756 859
305767 974
305771 487
311459 57
138470 1629
319244 1632
325798 1631
356722 1612
358203 2276
362217 957
108175 3236
378593 57
391265 975
108363 1010
394543 57
401385 57
421890 57
467175 1635
474695 974
477191 1636
477194 1657
477198 1612
477207 1612
482207 1656
498353 57
512212 1612
512217 132
518019 359
520372 57
523512 1632
526937 2778
528773 1631
528774 974
528775 57
528779 1635
528780 1635
528781 1612
528782 859
531827 1632
531828 57
531843 1632
531847 57
531850 1632
531851 1632
531854 57
531857 975
531866 1035
531880 1624
531881 1635
531885 1635
531887 975
531897 1631
531898 1635
531908 1631
531937 1635
531941 57
531956 1631
531960 57
531983 1635
531985 1612
531990 1635
531995 1624
531996 1631
531997 57
254619 1631
539497 1631
539817 1632
539818 1632
539819 1635
539820 57
539821 1635
571287 3879
356724 1496
626571 1635
633332 57
633336 1632
633337 1636
305799 957
635714 859
305800 1632
635715 57
635837 1631
635853 57
637538 1636
637537 1628
637723 1636
637724 354
637710 975
641672 1630
3260 259
59 752
25060 377
11367 114
12937 114
8430 1820
30124 114
30258 114
708 534
30721 55
14262 114
8977 114
8983 114
35788 114
35570 2984
32470 2114
37897 481
38382 2595
1807 55
50804 114
47218 1021
32849 114
59535 1528
95525 114
115492 55
129938 114
135614 3261
145446 114
147949 114
177105 114
181952 114
228126 318
233250 114
270940 114
281607 114
357327 114
3243 19
8948 798
6104 430
7205 192
8332 192
11432 896
11468 192
11663 192
12093 261
29907 192
6209 327
28575 192
30402 192
30788 192
31013 192
15972 192
4163 192
4173 192
16393 192
16765 192
16779 192
16846 1862
16872 1281
4190 566
20570 327
20877 192
35413 192
36626 481
34402 2009
37752 192
38336 1052
38645 192
41053 192
41251 192
53615 327
53693 192
53707 3298
27712 192
55500 192
4389 192
32565 192
60931 192
60961 607
60975 192
3669 327
60994 192
60997 327
60998 192
61005 327
61022 192
61025 327
61026 192
61029 192
61030 192
61038 192
61041 198
61047 327
61053 327
61071 192
61287 19
61302 192
28636 192
61554 192
62219 192
67486 192
63629 192
62290 192
79194 0
84647 192
86223 192
87238 192
82067 192
67034 192
120757 192
116426 192
116453 192
4657 192
116500 327
66131 192
130016 192
116894 192
10707 192
134789 192
133608 192
137176 327
148148 1134
154941 192
174014 192
124294 327
185782 1844
193699 192
104101 486
212713 192
174028 192
234277 192
241976 192
174032 192
249906 327
248320 192
3713 327
252308 192
252315 192
252318 327
252321 327
252322 192
174034 327
252328 327
252329 192
252333 1441
252348 192
33103 192
106149 192
252350 192
252351 327
252352 192
252356 192
252357 192
252358 192
252359 192
252360 192
252361 192
252362 192
174035 192
252364 327
252365 192
252366 192
252367 192
252371 192
252376 327
116922 327
252383 192
252385 192
252387 327
252389 327
252390 192
252395 192
252396 192
252397 192
61085 327
252403 192
252407 327
252408 192
252415 327
252416 327
252418 327
252420 192
252425 192
252426 192
252427 192
252429 327
252431 192
252432 192
252434 327
252437 192
252443 192
252444 192
252447 327
252448 192
252450 327
252451 192
252452 192
252457 4247
174038 192
278789 192
174042 192
289008 192
174050 192
358256 192
174054 192
174057 192
421078 198
421036 192
421037 192
421126 192
174067 192
131063 192
444425 192
109101 192
174071 192
4985 192
174079 192
588211 192
174086 192
629821 192
174089 192
677267 192
679545 192
679677 192
679732 4247
174099 192
89130 192
9112 510
174104 192
915662 192
54676 192
8586 354
358 417
25064 351
25192 993
13618 351
25248 351
15757 602
97 351
178 1508
512 1567
7001 993
7115 351
7119 1049
7531 474
7581 100
7605 1522
12828 351
12912 351
14219 353
17599 602
19119 351
15254 97
8199 770
26519 1522
36763 351
35681 405
40195 351
40598 1508
52590 351
60798 100
48126 351
25376 377
32553 351
60806 351
64262 417
75166 351
41628 351
41636 351
41677 351
41696 351
75835 1508
75916 351
76085 963
41808 351
76399 1858
76473 351
41883 351
76594 417
76767 351
76971 351
8250 963
77232 351
77247 351
74359 963
70433 481
70645 1523
71478 1523
73730 481
94889 417
94595 351
129915 351
128113 351
96976 1737
97286 1040
130778 2209
128626 770
128708 964
128734 417
128790 266
128891 1049
97339 963
43311 351
131972 351
97607 351
134556 351
130909 963
136203 3834
135754 1523
43398 863
8257 351
136568 351
26870 351
101954 1523
180725 351
102886 351
180134 1354
102894 1523
103150 353
178891 1680
103297 1523
180190 351
103684 475
188388 353
194387 351
185293 351
195219 351
195048 1523
103987 351
195547 351
195757 351
196065 963
104076 351
197466 351
180336 351
199930 1049
201175 351
201176 351
201196 1523
104353 351
201248 351
201264 351
201282 993
201285 351
201383 351
200219 1510
201385 351
201606 1049
72482 351
203924 351
104441 186
202871 351
44836 351
200255 2219
204333 351
104510 351
207348 351
208273 351
209676 4105
26944 351
208430 351
13067 351
211354 351
217644 351
219391 351
26964 351
220308 993
26977 351
272861 351
292308 351
299996 351
309735 351
317118 351
394478 1049
394499 351
426281 351
472328 351
27216 351
477983 351
479423 351
27242 351
523270 351
531980 351
533707 351
493869 963
606163 351
618122 351
663780 351
663783 351
663784 351
663789 351
663791 351
663794 351
663796 351
663800 351
663802 351
663803 351
827457 351
7180 379
7387 1575
7582 1553
7633 377
12856 1550
7664 602
12914 379
12944 379
27436 379
27492 379
19583 379
8191 1566
8195 995
55251 358
60730 379
60747 100
75168 602
75609 963
26608 379
42697 995
117879 2091
95720 379
97327 963
129245 379
97358 1029
52714 602
135312 602
138386 1049
138429 373
139057 2209
137731 379
175427 1037
101918 602
175439 377
175477 379
175539 379
175340 368
101960 379
175671 368
102696 1730
194062 817
195723 379
196414 379
194201 602
195394 379
201482 379
197599 379
203770 1553
203483 379
136468 380
205393 379
203283 379
201554 1734
206791 379
201561 379
210853 379
210861 1757
210867 602
175754 1552
217964 379
217970 379
217998 379
218073 379
218083 1730
210876 101
217468 3282
64840 1565
220715 379
220806 379
221865 379
221872 379
203593 1691
226555 379
224403 379
224410 373
224512 358
346622 379
381213 379
407619 379
407555 1511
491860 995
542670 379
617929 379
175775 379
206058 602
175780 4995
218155 379
175782 4995
3510 95
6268 92
6273 92
6274 1256
6278 1213
6293 92
6304 92
6343 94
6347 95
6356 843
6363 92
6393 943
6411 627
6437 1242
6449 92
6475 93
6528 1321
6532 1242
6544 1241
3316 93
6553 1242
6568 1242
6569 93
6600 943
6632 93
6650 941
6667 1242
6677 94
6687 95
6688 1269
6692 94
6708 939
6717 92
6736 95
6742 93
6755 1271
13321 941
13379 943
12870 1242
43038 1397
96039 942
6775 93
43079 94
43128 1242
96250 94
97670 627
139305 94
43503 941
142571 627
43585 843
142673 92
99990 1100
100098 1265
43668 1296
43887 94
43903 95
43906 94
6781 94
155985 94
155986 92
43918 95
153907 1253
157569 1242
44054 1321
100896 1242
100898 95
100907 94
100908 93
158628 95
100971 1321
156540 94
155919 1242
154998 943
161395 843
6799 1244
158283 943
155916 92
161820 93
101107 94
44370 94
44410 1242
159934 95
161965 1292
101238 94
161759 1242
159085 1253
161875 94
161910 1242
163964 92
164077 1243
160080 94
101383 94
158978 1260
163629 94
161705 92
163673 94
164374 94
166730 94
164418 94
167002 94
160910 1328
169968 94
169976 94
158324 94
170036 1260
170038 94
102187 94
103459 94
160329 843
287054 1244
551947 943
580749 1242
584998 94
585488 1242
10348 1134
25900 1546
25941 832
25958 1134
33617 2824
33631 1101
33859 1301
34072 1134
34172 640
34426 677
34452 2930
34677 1124
21025 2508
56861 1853
55947 869
55980 1134
65992 1134
42156 1134
81297 1134
83868 1134
34828 1134
113697 1853
113845 1134
90955 1134
114924 1853
113910 1134
114523 2826
95842 1134
125846 1272
97366 1134
98620 1134
144469 1085
142161 1134
144090 1134
142188 1134
98984 2005
142450 1134
142612 546
99624 2427
99731 508
144436 556
144519 1129
145373 1134
142957 1301
151959 1134
152481 1223
151888 1134
152068 1134
154078 1134
154340 1134
154523 1134
44139 1134
155435 593
161927 1134
160114 1134
179569 640
190013 2005
199833 1134
213848 1134
212984 1134
212342 1134
44958 1134
230226 1134
144806 1853
234009 1134
234022 1134
234037 1134
234038 1134
234047 1134
83051 1134
234052 1134
234058 1134
234063 1134
234073 1134
234077 1134
234078 1134
234087 1134
234093 1134
234094 633
234096 640
170020 640
234099 1134
144491 1853
234127 1134
234143 1134
234144 1134
234152 1134
162525 1134
234163 1134
234169 1134
234172 1134
45046 1134
234200 1068
234201 1134
234206 1134
234208 1134
234220 1134
229729 1134
234247 1134
234257 1134
234262 1134
234273 1134
234274 1134
234300 1134
234308 1134
57211 1134
234316 1134
234317 1134
234323 1134
234324 1134
234331 1134
234332 1134
234337 1134
234339 1134
91168 1134
268446 1134
291531 1134
291545 1134
291554 1134
313081 1134
329707 1134
332744 1975
332126 1134
345267 1134
345269 1134
396627 1134
396947 1134
311026 1134
491366 1134
545832 4082
557644 1134
248257 2604
661852 1134
661788 1134
234391 1134
137296 2653
170257 2690
193227 3208
203613 1913
216760 2653
307322 3462
307401 3462
307404 3462
307407 2653
307412 2653
307430 3208
307444 3611
307446 3836
307453 2968
307469 3462
307481 3462
307491 3462
307495 2968
309016 2653
364005 2653
377397 3208
381089 3208
64867 1745
307501 3847
458118 3208
458120 1354
520074 2653
528257 2653
539947 3208
548334 2653
548345 2653
548348 2653
548363 3208
548368 2968
548382 2653
563743 3208
566051 2653
566056 3932
489646 3208
566129 3208
537279 2653
718838 2653
722803 2968
691882 3836
722998 3836
722788 3836
722792 2653
722793 3208
722795 2653
722985 3208
722923 2653
307517 3208
723073 2653
722927 3208
722829 3208
722929 2968
795233 3208
820310 3208
678175 3208
836168 2653
6266 95
6280 95
6287 92
6288 92
6306 1242
6310 93
6322 1264
6337 92
6341 1271
6352 93
6358 267
6360 95
6365 92
6379 943
6382 95
6386 93
6389 92
6413 92
6418 92
6422 92
6440 93
6441 92
6452 93
6459 93
6473 93
6485 1242
6495 92
6502 93
6504 92
6540 92
6554 95
6560 1336
6570 93
6574 95
6581 95
6584 93
6604 1242
6627 95
6628 92
6638 92
6644 92
6652 95
6653 92
6660 92
6680 93
6685 92
6694 93
6700 92
6703 95
6705 843
6707 93
6715 92
6732 92
6744 942
6757 92
13352 1247
91003 92
96052 93
96790 92
43360 943
99124 943
99244 93
43538 92
99295 92
142480 92
99379 941
142576 93
142779 92
100673 92
156332 92
153906 92
100693 92
157602 92
100713 93
153962 1456
156395 95
158888 92
44160 843
158963 93
158971 92
100927 92
156135 92
158178 92
158212 92
158260 92
156231 248
44300 92
158932 93
6805 92
101115 93
158085 93
161715 92
101221 92
101229 943
101242 92
161859 943
161860 939
101251 1242
161896 92
161902 92
161905 92
101263 92
161914 943
161926 92
158580 92
44430 93
157613 92
164018 843
101398 92
167321 92
167322 92
167323 93
168130 92
101579 92
170599 92
101757 1244
275159 1100
336899 93
485053 93
164187 93
34207 1855
43108 845
96884 1401
43539 1257
142556 1278
99592 2002
43933 1871
157645 811
158278 1255
44309 845
155052 1280
163341 1278
163409 811
159293 1278
163607 1871
44521 1855
163715 1278
171749 1278
172496 1871
184935 1278
172684 1278
232486 845
232517 1278
234677 811
234691 1278
234969 1320
234719 1278
234762 1278
234781 845
343633 1278
156018 1241
557543 1278
597395 1278
171487 1278
11507 262
4060 55
598 55
30212 2161
30858 474
24713 55
15065 540
802 55
1283 55
50417 596
4415 55
50447 56
68131 55
67819 55
74210 540
151667 55
128991 55
236033 55
4822 55
49532 55
2353 55
428 1083
7467 285
11947 1382
5798 1046
33844 2828
34130 915
34307 1909
34367 880
34581 576
58882 285
41605 1101
144088 2820
144108 2405
100212 285
100510 285
148961 285
168099 285
101856 285
179525 285
102883 285
193830 709
104216 285
228418 308
230648 285
235112 285
233895 285
243582 285
151338 285
45129 285
259297 285
280903 285
106914 285
281652 285
283850 285
287280 629
304421 285
325773 1298
321971 285
331835 241
331836 285
331838 285
331839 285
141060 285
331840 285
331842 285
331844 285
331845 285
331847 285
331848 285
331849 285
331852 285
331853 285
331854 285
331855 285
331859 285
331860 1795
331864 285
331867 285
331869 285
331872 285
331873 1094
331874 285
331875 285
243665 285
331876 285
358076 285
358084 285
358109 285
108516 1907
409983 2889
431400 285
288427 285
331880 241
331881 285
331882 285
25323 423
12934 368
26502 1150
1656 358
87013 358
93482 368
122557 358
130931 1730
130947 1730
130721 2091
25380 358
60810 358
26815 1730
98590 266
64830 605
175425 98
175335 358
101927 358
101938 358
175571 358
175350 368
176516 358
116908 358
195271 368
193656 358
104052 358
44834 358
207046 1550
201578 100
205926 358
205974 1029
209854 1565
217430 358
224241 266
226940 358
267161 358
369158 358
408012 602
408366 358
509087 358
267179 358
518247 358
518248 358
31911 308
15221 228
18755 308
33662 2193
33713 308
34361 308
39438 308
41180 308
56032 308
41547 878
41590 308
74421 1894
94448 2954
91945 308
91083 308
132298 308
132451 1736
56520 915
138458 1409
143893 308
143353 308
142205 308
98961 145
99424 2406
142591 1794
99819 875
100213 308
142909 308
144749 2411
151704 308
170404 308
102868 3168
190658 308
202546 308
104454 308
212237 308
212254 308
212922 1879
105512 308
221011 2208
240836 308
243383 308
245658 308
257562 308
260206 308
244949 308
283746 308
283759 308
283766 308
283768 308
283785 308
283798 308
283816 308
283821 308
283834 308
283836 308
283863 308
283877 308
283880 2607
283883 308
283889 308
283927 308
283928 308
283936 308
283939 590
283942 308
283950 1203
283963 308
283964 308
45349 1905
313318 308
158363 308
341951 308
345438 308
368318 2411
526739 308
642810 308
148238 3208
170263 3208
300194 3208
307400 3208
307419 3836
307449 3208
311828 3208
366070 3208
374079 3208
212736 2690
430600 2968
458119 3208
458121 3208
458127 3208
458129 3208
520076 3208
489645 3208
548344 3208
548346 3836
548376 3462
566053 3462
566055 3208
566064 3208
566069 3208
566091 3208
571182 2690
627803 3208
627804 3208
661391 2968
678173 3208
678174 3208
718835 3208
722799 2968
722825 3208
528267 3208
760839 3208
760841 3208
760852 2690
722928 3208
760857 2690
760861 2690
781303 3836
781304 3836
785556 3208
722931 3208
17810 56
26557 56
35664 56
40893 3217
47217 56
12121 540
77800 56
36916 56
50492 1635
233392 249
248562 56
254496 249
45263 2594
50512 728
296200 1147
174053 1147
50530 757
50535 424
3884 1401
12080 845
33983 1728
120530 1871
126042 845
43583 1871
100183 845
154033 845
43996 811
154320 1350
154887 1350
44169 1855
44174 1871
156913 845
162122 845
44519 1871
172475 845
172528 2793
170533 845
162509 1859
215964 845
232511 845
234755 845
234777 1401
234883 845
163436 845
234930 1724
265072 1871
265175 845
162550 2793
160548 1401
334599 845
406800 845
239357 1318
449845 845
480849 845
481653 845
481669 1859
481773 845
441869 845
265403 1401
163452 1871
239363 845
557800 845
265439 845
239366 845
494471 1871
580409 845
580440 845
45722 845
172579 845
806251 845
483788 1859
33730 1467
34311 2005
34541 547
56754 1885
64309 1467
115063 2002
95463 1885
120609 1467
95773 2407
95964 2005
98753 2005
98876 2005
99345 2493
99508 2442
99511 2496
100144 2493
100368 611
100395 1467
100479 2005
44103 2005
101559 2208
101585 1301
101613 1467
101812 2005
102526 2005
103741 2005
103964 2407
105749 2005
245636 2493
106067 2005
106140 1907
255354 2496
106186 2496
106249 2407
272295 2496
283974 2005
283981 2512
106941 2005
106968 2407
106979 1717
291872 2005
107027 2005
107029 3887
107030 2005
107037 2005
291885 2005
107048 2005
107050 2407
107051 2496
107055 2493
291899 2005
239728 2005
291904 2407
107069 2005
107070 2005
291908 2005
107074 2005
291916 2407
291917 2493
291920 2496
107085 1299
107086 2407
107088 2005
107101 2496
107109 2407
291946 2005
107117 2005
107123 2005
291956 1907
291957 2496
107130 2005
107131 3748
291959 2005
107141 2005
107142 1907
291963 2005
107152 2496
4870 2829
107161 2496
107167 2005
291985 2005
107171 2496
107174 2496
291995 2005
107187 2005
107205 2005
292022 2005
107216 2005
107219 2005
107223 2005
107225 3283
107228 2005
107234 2496
107237 2493
107238 2496
35114 2496
312302 2005
313305 2496
325416 2496
331025 2005
328300 2005
425795 2005
108658 1467
15735 228
425 228
6114 91
5872 1989
25832 228
17437 228
17579 2165
20193 228
34185 228
34351 547
34531 2934
21071 228
41437 228
52447 228
81634 228
42472 2202
84216 228
85860 228
10682 228
88274 228
113741 228
113987 228
126012 228
43198 475
66138 228
140177 228
99008 228
142677 228
100061 1867
143493 228
151491 228
151506 228
164264 1358
170360 228
101855 228
177606 3168
180624 228
10740 228
186690 228
190682 1989
104378 228
202563 228
219929 228
228915 228
238764 228
245278 228
105997 228
45123 228
246451 228
246512 228
246775 228
256778 228
262165 228
281667 228
281911 470
107350 228
307366 228
327295 228
329183 228
335185 228
335484 228
336288 228
345093 228
353226 228
397146 228
397019 228
108508 228
401701 228
427117 228
427120 228
427121 228
427122 228
427123 228
427125 228
427126 228
427127 228
427128 228
427130 228
427131 228
427132 228
427133 228
427135 228
427137 228
427139 228
427140 228
427141 228
427142 228
427143 228
427145 228
427146 228
427147 228
427148 228
427149 228
427153 228
427154 228
427155 228
427156 228
427157 228
427159 228
108646 228
427164 326
427166 228
427167 228
427168 228
427169 228
427171 228
427172 228
427173 228
427174 228
427175 228
427177 228
427178 228
427179 228
427180 228
427182 228
427183 228
427184 228
427185 228
427186 228
427187 228
427191 228
427192 228
427196 228
427197 228
427198 228
444509 228
483143 228
527044 228
604755 228
778891 228
11267 1139
33512 2794
33607 938
33751 1897
33793 2448
33943 1920
34180 709
34227 2585
34247 2447
34455 709
38996 1967
39220 3129
41046 1769
41121 1087
57547 709
58601 938
41471 700
56480 709
56507 1202
59228 709
69694 709
81351 1838
84407 709
42577 930
91052 366
114984 709
34871 1309
114423 631
114437 366
95765 711
50465 3129
141400 842
142305 709
145760 709
44631 3245
91532 1192
226996 2478
237233 2697
105967 709
243415 938
243455 709
245902 842
58631 842
259724 709
106854 3245
243770 4350
287178 709
303572 709
303573 832
311095 4351
314543 302
325921 2372
328118 836
327947 709
326329 938
331131 709
213596 709
151717 3376
333961 709
333810 842
170471 709
336110 842
337598 709
341399 709
341088 709
342184 709
342195 709
366638 709
382025 106
455890 709
548747 836
7353 354
14644 975
53971 975
135757 1631
175910 975
185085 975
193073 975
199437 975
202354 1628
205696 975
206437 975
210012 975
211863 975
214404 1635
231980 859
279098 975
305650 974
305579 1657
305665 975
305667 1635
305741 1635
305753 859
306195 859
477192 975
295744 1631
523510 1635
527397 975
528777 859
531811 975
531852 975
531891 975
531940 975
533138 859
616246 2275
628804 368
628809 975
628810 975
633220 1612
635716 1632
637531 975
639173 975
721392 1635
721555 975
25349 995
12983 368
27484 1730
13855 368
14018 368
17092 770
8182 770
40657 368
76866 368
80363 368
90060 368
91184 368
115131 368
95824 368
130924 1730
129253 368
134956 368
43390 368
138627 368
138301 368
138411 368
138899 100
136528 368
175463 368
175572 368
175612 368
101961 368
175357 368
102687 368
189384 368
175739 368
196517 368
196518 368
198577 1757
201486 368
198232 368
200613 1040
206466 368
175751 368
205878 368
209863 368
211095 368
211847 368
1986 368
223910 368
221818 368
222713 368
224499 1049
259383 368
267641 368
272947 368
278362 1612
308509 368
355218 368
358206 368
394475 368
471503 368
533487 368
607868 368
607869 368
607870 368
748691 368
3565 267
6364 1247
6374 248
6647 248
13283 248
13285 248
13286 248
13288 248
13289 248
13291 267
13298 941
13301 248
13305 1247
13306 248
13307 248
13314 248
13315 267
13316 248
13324 248
13325 248
13327 1247
13331 248
13338 1244
6767 939
13342 1247
13343 1247
13347 248
13349 248
13356 941
13357 248
13358 248
13361 248
13364 1277
13367 248
13368 248
13369 267
13370 248
13371 1247
13373 1257
13375 267
13376 248
13380 267
13381 248
13382 248
13383 248
13384 248
13386 248
13387 939
13394 248
13395 1261
13400 248
13401 248
13402 248
13403 248
13407 267
13408 1247
13410 1728
13411 248
13412 248
13414 1247
13417 1247
13420 248
13424 1247
13427 267
13428 248
13429 1247
13430 1247
13434 939
13435 248
13436 248
13438 248
13439 248
13440 248
13443 939
13445 1247
13447 248
13448 248
13452 248
13453 248
13455 248
13458 248
13459 248
13461 939
13464 1244
13465 248
13467 248
13468 939
13469 1317
13470 248
13472 248
13476 267
13477 248
13478 941
39860 1242
40224 2279
48820 1512
118818 248
96061 939
43562 248
100078 248
156345 939
43886 1262
43967 1295
156456 248
156650 248
44380 1247
155716 939
155749 248
155754 248
101232 941
160062 267
9056 248
165350 843
171763 248
44645 1247
169289 248
176788 248
213724 248
213704 248
214812 1247
214814 248
213729 248
213730 1247
214808 248
213705 1247
213706 1247
213707 1247
214725 248
214727 593
214481 248
215398 939
215408 248
215421 248
215426 248
62451 1247
215439 248
215443 248
215371 1247
214819 248
214236 248
215336 248
214758 941
162521 1247
215258 248
165578 248
5902 1076
10351 1996
16424 1319
16551 882
20852 842
33800 2860
34074 705
34550 705
39135 842
27705 3168
41035 366
55137 842
55548 616
34746 2822
51309 842
56373 915
64216 842
59233 842
76768 842
68034 842
42429 842
64496 2891
94400 887
34842 867
94550 842
95195 1360
95199 842
50463 3309
33368 877
114062 3457
114623 842
91426 1897
97994 887
98713 366
43557 2679
100171 842
170389 1361
44630 547
181053 842
181057 842
181076 842
181086 842
181107 842
181108 842
61084 842
181119 842
220675 1367
228902 1798
105679 842
238147 842
237254 1905
106021 842
246448 842
246652 842
286648 842
288188 366
301997 842
321035 842
330652 1222
151577 3362
256793 842
337433 842
330734 1055
337596 842
337602 842
337686 278
341609 1182
433627 842
433629 842
485308 880
490259 842
406706 842
562131 842
7874 259
7195 481
7425 481
13431 267
12050 506
15921 481
14354 481
14626 481
17122 481
4202 481
19290 481
19467 481
20757 481
21013 481
3283 481
38602 481
38646 481
39194 481
27706 481
53793 481
58434 18
41453 481
32683 481
63252 481
4519 481
42103 481
65986 481
21205 481
70637 481
72059 481
85341 481
88655 481
26659 481
90304 481
90311 481
4645 481
42807 481
43208 481
97124 481
132100 481
133968 481
90316 481
100635 481
150341 481
176123 481
184058 2737
181929 481
181934 481
181939 481
181951 481
194138 481
103977 481
192541 481
199279 481
104098 481
104131 481
44825 481
140846 7
211727 2344
216930 481
105156 1285
90320 636
215537 481
90321 1764
241402 481
241414 481
235067 481
241424 914
241432 481
241440 481
241450 481
241452 481
241456 475
105953 481
245310 481
281124 481
300214 481
307279 481
21627 481
320597 481
360990 481
404741 163
435535 481
464981 481
469928 481
471889 481
471897 481
493632 4696
573868 481
630175 481
449362 481
671371 481
671372 481
671373 481
671374 481
671375 481
750285 481
802245 481
802246 481
802247 481
145247 1174
145263 3879
100606 1354
210227 1354
105852 1746
105892 1619
237850 1354
254584 1913
106790 762
282094 1354
107374 1354
107425 762
309030 1354
363972 1354
364063 1354
370090 1354
370675 1172
371219 1354
371491 1354
371711 1354
108241 1354
372152 1619
377407 1354
454890 1354
522668 1621
522698 1174
548351 1003
562654 1354
382795 2528
681742 1174
730874 1354
756756 1354
820798 1354
828278 1354
847372 1354
6577 1337
567 1783
3449 2020
25834 498
767 1983
19581 2129
33537 547
33752 547
33792 2849
33875 2790
33910 517
33918 2831
33948 549
33998 2495
34011 1978
34038 547
34070 547
34091 547
34323 1805
34423 547
34560 810
37607 547
56858 547
57713 1783
57828 3068
51703 547
56391 547
59247 547
84257 547
113998 1236
126299 701
96224 547
97836 3823
43470 547
34934 547
34940 2923
99365 2427
99896 547
78664 705
143651 547
145729 1783
100629 547
152065 547
159010 547
101556 3719
101808 1380
72454 547
103984 547
104729 547
213537 4115
105986 547
244230 547
246382 547
164282 547
106739 2452
297306 3823
107341 547
107342 547
300806 547
107445 547
174727 547
311847 1418
311852 547
311853 547
107456 2330
311884 547
311922 547
311925 547
107481 547
311929 1380
287248 880
25281 993
5889 1996
14287 993
16090 993
38062 993
38362 993
58803 993
26606 993
95363 1037
122602 602
115187 1012
129653 380
101550 3970
175613 993
175632 993
21429 837
178761 993
197498 993
185705 993
201340 993
201359 993
201382 353
201724 993
104442 993
218653 993
224140 1711
218594 1420
221646 863
245077 993
272897 1037
224518 1691
362616 993
362624 993
389112 993
435537 993
440361 993
523413 993
544425 993
632036 993
226945 605
197613 1547
407560 98
6256 1241
6368 593
6455 593
6582 1335
6617 593
6693 593
6729 593
6766 593
13345 593
743 593
50077 843
41596 593
64802 593
43110 593
96692 593
135041 593
98892 593
43549 593
43584 593
43889 593
43892 1269
43893 1244
43944 593
157777 593
154047 843
154065 593
154129 593
154358 843
154384 593
154426 593
44072 267
44073 593
44078 802
154524 593
154625 843
44111 593
44115 593
154744 593
154745 593
154746 593
44121 1244
44124 629
154809 593
100882 1269
44148 1269
154891 593
154901 593
154958 593
153929 593
156049 593
44179 593
155387 593
156073 593
155392 593
156084 1269
156168 593
156205 593
159284 843
155431 593
44276 593
155444 593
44293 593
159930 3964
156571 1262
101036 593
44332 1296
155459 593
156691 593
156771 593
156801 593
101174 593
155499 593
155539 593
155579 593
155583 593
155587 1244
44401 593
155635 593
44406 593
155732 593
155751 593
161922 593
160854 593
160156 593
116319 593
44523 593
162422 593
164388 593
164569 593
158679 593
164834 593
164844 593
165077 593
165134 593
158694 1269
165193 1269
171963 593
172012 593
162459 593
103416 593
195420 593
92561 593
167529 593
214545 593
213404 1244
255385 593
269873 593
381553 593
384662 593
384699 593
165632 593
384829 593
165638 593
162600 593
385173 593
385196 593
385203 593
384953 1269
385228 593
155218 593
142233 1927
99276 811
163294 811
163402 811
161681 1927
168727 1859
215808 811
234703 811
234867 1855
339414 811
580471 811
6873 1549
6874 963
7227 1574
7277 1653
12911 963
33060 266
98046 1049
138833 1049
175705 1049
94040 1049
103756 1574
103985 1049
196634 1049
195876 1049
195893 1049
104044 1040
195643 1049
104089 1049
201179 1049
204405 1049
204755 1522
206825 1049
207684 1049
44994 1049
224411 100
269178 1049
280084 417
408024 749
491883 1049
224532 1049
526325 1049
526374 1049
532452 1049
606376 1049
606377 1049
606378 1049
824929 1049
8789 585
3935 475
13611 963
410 475
30214 576
13757 475
12652 0
20064 475
27699 2471
37327 475
37334 475
32492 475
12128 540
4409 475
57264 475
66082 3089
72127 259
80890 475
85873 475
87094 734
94891 475
89259 1930
119029 475
117440 475
134059 475
134677 475
134798 475
132644 3797
136495 475
138728 1932
145766 475
101876 1356
193794 3321
194894 475
198672 475
198764 475
80995 1559
125370 475
240169 924
240259 475
240285 475
241426 265
249143 475
254110 475
37481 4268
106302 475
260235 486
106712 475
185108 486
281738 475
284377 475
74085 475
284390 475
284396 475
284410 475
292414 475
295192 475
212811 2232
320029 475
325761 475
6230 3659
349807 4482
349808 475
350029 475
350042 4483
365474 475
406329 475
406330 475
409386 475
409640 475
426354 475
427082 475
428496 4482
436229 3480
444108 475
444110 3092
444113 475
444114 475
444116 475
444117 475
444118 475
444119 475
444122 475
444124 475
444127 475
444131 475
315153 475
444132 4621
444136 475
318550 4622
444137 475
444140 475
444142 475
476772 3650
633870 475
635172 475
635173 475
637250 475
637253 475
637267 475
637289 475
231174 3609
667973 475
705018 475
705019 475
713369 475
713371 475
713372 475
744207 4483
21935 475
6070 474
12817 1015
6039 525
7102 485
12948 474
11762 474
30181 474
4135 474
732 474
742 2339
14391 474
17343 474
19341 474
19554 405
20003 2618
831 1015
33570 2002
33574 2807
34322 1015
31957 474
32409 2590
38279 474
39227 474
48872 474
48926 474
50872 474
57688 1015
51794 960
70484 474
42218 474
72152 474
69485 474
88199 3330
88299 2227
93947 1014
89286 474
95387 474
124710 474
95782 621
126569 1737
130063 474
96939 474
90832 474
130742 1508
132304 1641
132308 474
97862 1015
97863 474
132311 2066
132313 1014
97871 474
97874 1014
97875 474
132323 474
97876 1014
135922 474
135935 474
132330 2066
132331 474
132333 1015
132335 474
97886 474
97887 474
132357 1014
132358 2850
97895 474
136025 474
97897 474
136036 474
26809 2344
1922 474
132371 474
132372 474
132373 474
132374 474
97918 2612
132379 1015
132380 474
132388 474
97923 474
132390 474
136146 440
132396 474
132397 474
132398 474
132400 474
132404 474
97933 3705
132406 474
132407 474
132408 474
97937 474
97938 712
136195 2590
132420 474
97940 1014
132424 474
132426 474
26810 1014
97945 474
132433 474
132434 474
97948 1014
132437 1736
97953 474
97957 1014
97958 1014
132440 1017
132442 474
97960 474
132444 474
97964 1014
132447 2382
132450 1737
132454 474
31149 427
132480 474
97972 1014
132495 474
132505 474
132530 474
97984 474
132572 474
132574 474
31151 474
132645 474
98021 1014
132757 2230
98025 474
132767 474
10375 1696
197008 474
198056 1641
200666 1651
174037 474
174055 2529
528840 1647
132828 474
30453 1621
13729 762
33188 396
37632 762
39926 2023
40760 762
75056 1621
42779 1671
112989 1671
113417 762
127567 609
98329 1002
144842 1620
148069 762
147124 762
101406 1179
177781 762
15319 2225
195536 1576
204016 2231
138534 2227
104694 762
104975 762
237758 762
254581 396
261234 1671
261009 2219
261024 2084
262786 1621
263848 2085
263885 1005
263894 762
263896 2225
307373 762
263900 2085
277123 396
107510 762
320235 762
320241 396
363339 762
363340 762
365090 762
291715 762
368232 762
371947 762
371975 762
376710 762
108294 762
80155 762
170312 762
477849 2226
477854 2231
479974 762
520232 762
524410 609
562584 1620
562548 762
571492 762
581615 762
581618 762
581619 1174
633160 1005
654708 762
723603 396
654716 762
41575 572
93270 1174
100541 1913
148481 1913
148540 1913
191751 2115
105847 1913
105850 1743
45106 1173
258789 1913
107558 1913
320325 1913
108081 1913
364034 1913
364156 1913
370313 2116
108196 1621
108203 1913
382608 1913
470074 2116
478933 1913
382663 1913
498506 1174
382698 263
521435 1913
522484 1913
522738 1913
522743 1913
522765 1913
526417 1913
539628 1913
539850 1913
539893 1751
382754 1913
548283 1913
571476 1913
609269 1913
625280 2116
667459 1913
681757 1913
73639 1174
145241 3136
148554 1174
105189 1003
237841 1174
359443 1174
359457 1174
108085 1174
371659 1174
382578 1174
401382 1174
382657 1174
522629 1174
522654 1174
522676 1174
522719 1174
522795 1174
581622 1174
751760 1174
6467 1244
13419 1295
52223 1313
57148 1295
78212 1284
90941 1295
125752 1295
96330 1295
43238 1295
43282 3793
132399 1309
43378 1309
140762 1295
99200 764
142495 1295
99609 3793
43644 1350
146310 1295
154210 1345
44041 1243
154620 1295
154761 1295
154811 1295
156071 1295
159186 1295
156733 1295
155465 1295
44356 1307
44378 1295
167427 1333
171686 1295
171791 1295
170560 1295
44773 1295
212936 1295
213884 1295
213941 1295
213721 1295
215968 1295
267343 1295
163770 764
298727 1295
298734 1295
298793 1295
298877 1295
298971 1295
300754 1295
315923 1313
315941 1295
316004 1295
332387 1295
343396 1295
343433 1295
45451 1295
343500 1295
156263 1295
343502 1295
163782 1241
45485 1295
376085 1313
163787 1295
442343 1317
159377 1295
343938 1295
494765 1295
517325 1295
537724 1309
537727 1309
556095 1295
586341 1295
593771 1295
593818 1295
597573 3680
709242 1295
3544 260
8674 146
8945 260
11089 260
354 258
9832 258
3946 146
9868 259
454 258
9902 258
12506 258
25542 258
8959 258
7923 610
11730 258
11993 258
12614 260
4120 258
31865 258
31867 824
747 260
14437 258
4161 258
14951 7
15006 258
16555 258
17898 258
18940 258
19723 258
20528 327
20865 2637
26515 343
8984 258
36086 258
29823 258
39813 258
39995 3183
40778 0
41130 258
41311 260
21096 964
58824 146
28626 258
56084 258
56090 258
41450 258
41475 258
69097 258
68389 258
69121 258
6225 258
21207 258
69153 258
59718 258
69178 258
69183 258
69208 258
69214 258
69219 258
69226 258
69227 258
69230 258
69232 258
69259 258
69281 258
69302 258
69330 258
69346 258
69379 258
69385 258
69393 258
69398 258
69410 258
42295 258
69421 258
69428 258
69429 258
69437 258
32078 258
69439 258
69443 258
69446 258
69451 258
69464 258
69478 258
69479 258
42296 258
69489 258
69510 258
69511 258
69514 258
69523 258
69525 258
42297 2380
69538 258
69554 146
69565 258
69567 258
69579 258
69610 258
69631 258
69654 258
69677 258
69684 258
69692 258
64757 258
69711 258
69712 258
69720 258
69731 258
21242 258
69744 258
69747 258
69752 258
69758 258
69774 258
69781 258
69791 258
69801 258
69808 258
69813 258
69815 258
69816 258
69817 258
69831 258
69836 258
69838 258
69873 258
69887 258
69895 258
69902 258
69909 258
69911 146
69918 258
82652 258
113420 258
130245 258
254018 258
391673 258
391678 258
204001 1635
305668 1631
305731 1633
305755 1635
389705 1657
531909 1631
825377 1631
482 1423
6007 525
12472 1798
30899 486
15985 1796
18246 486
10028 2660
32281 486
37774 2221
31961 745
31981 1796
21042 486
38139 1427
38427 485
38700 321
38726 746
40203 2616
48946 987
50926 486
55254 486
32564 960
32788 525
32861 525
42678 1133
93218 486
93400 3093
90511 486
117919 1571
95703 2245
95907 486
96059 521
43256 486
132303 988
43372 987
97899 486
132449 486
43380 486
43392 2172
138805 1452
99378 2014
43621 1427
177346 486
177436 486
177446 486
177234 486
177238 1423
177246 1796
105580 1133
228449 486
241455 486
239626 2017
251239 486
260652 656
263686 2212
276541 486
276543 3063
276546 486
276554 486
276555 1426
276556 2317
276559 1796
276562 1796
276565 486
45268 1424
276567 525
276569 486
276570 486
276571 1423
276577 321
276579 2220
276580 486
178211 1439
276584 486
276585 486
276595 486
276598 321
276599 486
276601 486
276603 486
276605 486
276606 486
276608 486
276609 4327
276610 486
276612 3710
276615 2941
276617 486
363551 486
46412 486
539396 486
276624 1797
3511 96
25300 98
13006 98
13041 602
93355 605
113644 864
145348 100
26893 1550
103954 1754
197870 817
195624 98
202024 98
207014 3030
206873 1549
206403 98
225745 98
224982 100
272900 98
491662 101
632909 817
3921 318
41067 275
50939 1692
74174 275
74212 275
74242 820
74251 275
74257 275
80424 249
42687 275
94391 275
124473 468
50472 485
100347 589
50485 566
104410 2029
232739 275
239437 275
272690 758
276985 567
277084 275
50509 442
281640 1147
281655 275
281679 275
388708 275
388711 275
388713 275
388740 275
388749 567
388752 757
388753 275
388772 275
388774 249
388785 275
351061 275
388787 275
33952 2860
26020 873
38936 2507
58756 880
63733 881
80496 508
90574 881
114505 881
43219 881
98919 881
99284 462
99349 881
151703 2540
100680 881
184753 2449
215683 881
221031 881
230536 881
232812 1338
256238 2540
273725 881
106940 881
287262 881
287924 881
301373 366
107514 1364
328331 881
344840 890
344842 881
360993 881
579213 881
11202 7
11237 7
5868 1986
19836 1128
34280 7
39806 3172
70998 7
114955 2759
121273 3706
139782 7
141603 7
140723 2421
98978 7
100064 7
178229 1994
182611 7
188228 7
140874 156
260406 2887
26995 7
285176 7
293735 7
306684 541
319623 7
321026 4004
330016 7
330889 7
335517 2114
340699 7
165602 7
323989 626
350479 7
358003 7
358025 7
358049 7
488458 7
490417 3706
438959 2469
517640 7
219665 7
736319 7
6265 93
6404 93
58696 627
43146 1335
43349 843
157608 93
158586 1253
158885 93
158953 93
161024 93
161649 93
155028 1242
158886 93
158306 95
158709 93
281661 93
514546 93
160946 93
6852 964
25087 602
25258 964
475 602
30237 964
8150 602
14725 964
17593 964
60740 602
32827 1508
127996 963
128705 964
15309 964
128900 266
129589 602
132239 602
175840 602
175877 602
175885 602
175887 602
175919 602
104054 602
197203 1674
198250 602
201215 1523
200350 1008
207594 602
201584 380
218906 602
106170 602
198509 483
371881 995
24710 1565
38473 1691
69017 995
194330 1511
196976 817
200139 1012
206456 100
104523 1565
64838 1565
217959 1565
217479 1565
224141 1711
273332 817
408016 1565
491852 1565
606442 376
11212 1085
5792 1118
11263 1094
10467 1163
11998 1940
5810 1230
5811 1319
5882 1993
26189 678
761 2423
16244 612
784 2147
1195 2695
1452 889
33580 565
31579 1358
33845 557
33846 565
33982 2892
34053 565
34094 1118
34113 832
34237 2508
34327 565
34331 1867
34580 565
34602 565
34612 2946
34731 2695
57549 668
34763 684
58820 1101
57146 1097
81792 633
82908 807
42829 565
90964 2511
95338 565
113873 565
139672 565
141613 565
141631 565
34918 1769
143449 3286
141405 556
34941 565
99926 1305
100129 1715
142901 565
141293 1118
144653 2741
143636 1085
143639 565
143642 1118
143649 633
161555 565
237420 633
152688 1696
310271 565
329019 565
329683 565
328577 1140
483075 565
39392 1003
114857 1003
148356 1172
148421 1621
148475 1003
29406 2747
237730 1003
237746 1003
268412 134
366072 1003
368140 1003
368211 1003
369416 1003
369679 1003
488378 1003
522634 3104
261406 1003
539803 1744
11807 249
49296 567
39699 2079
50363 249
50393 249
50411 480
41388 249
32639 249
75145 249
50462 493
150234 249
183089 249
10749 249
50494 249
50508 589
50510 249
50511 249
281680 249
317368 757
355257 249
357503 485
389361 2150
444130 249
444133 589
573404 249
729180 757
7401 963
7527 963
25522 963
17356 417
8183 963
60729 963
75656 353
76863 1508
93468 963
95419 1508
128675 963
128679 963
128844 963
128927 963
137171 963
98393 963
185352 963
194393 2209
196998 963
198080 963
192599 963
201258 963
181262 1689
203078 963
205557 963
207969 963
206610 2368
240197 963
196159 963
226825 963
435391 963
226336 963
783735 963
822207 963
95574 1280
96339 1280
154788 1326
155607 1280
45071 1280
45078 1859
481645 1280
539030 1280
539031 1280
539041 1280
449935 1724
414 327
7399 327
11687 327
33147 181
36092 327
37700 327
39957 327
52353 327
60934 327
60995 327
63615 327
65656 327
80739 327
87041 327
82053 327
137174 327
138369 327
10720 1048
216857 327
230476 327
64847 327
252313 327
252316 327
252317 327
252320 327
106148 327
252323 327
252324 327
252331 327
252332 2174
252334 327
252337 327
252342 327
252344 327
252347 327
252354 327
252363 327
252368 327
252369 327
252370 327
252373 327
252378 327
67172 327
252380 327
252382 327
252398 327
10009 327
252404 327
252412 327
124303 327
252413 327
213163 327
252419 327
252421 327
252424 327
252433 327
252436 327
49513 327
252440 327
252441 327
252442 327
252445 327
252446 327
252449 327
252453 327
252454 327
252456 656
316193 327
420948 327
679501 327
655661 327
679581 327
679587 327
679590 327
679530 327
679688 327
679715 327
866755 327
252458 327
919575 327
215635 4129
289573 4129
634191 4129
649769 4129
649770 4129
649771 4129
649772 4129
649773 4129
649775 4129
649776 4129
649777 4129
649778 4129
649779 4129
649780 4129
649781 4129
649782 4129
649783 4129
649784 4129
649785 4129
649786 4129
649787 4129
649788 4129
649789 4129
649790 4129
649791 4129
649792 4129
649793 4129
649794 4129
649795 4129
649796 4129
649797 4129
649798 4129
649799 4129
649800 4129
649801 4129
649802 4129
649803 4129
649804 4129
649805 4129
649806 4129
649807 4129
649808 4129
649809 4129
649810 4129
649811 4129
649812 4129
649813 4129
649814 4129
649815 4129
649816 4129
649817 4129
649818 4129
649819 4129
649820 4129
649821 4129
649822 4129
649823 4129
649824 4129
649825 4129
649826 4129
649827 4129
649828 4129
649829 4129
649830 4129
649831 4129
649832 4129
649833 4129
649834 4129
649835 4129
649836 4129
649837 4129
649838 4129
649839 4129
649840 4129
649841 4129
649842 4129
649843 4129
649844 4129
649845 4129
649846 4129
649847 4129
649848 4129
649849 4129
649850 4129
649851 4129
649852 4129
649853 4129
649854 4129
649855 4129
649856 4129
649857 4129
649858 4129
649859 4129
528361 4129
649860 4129
649861 4129
649862 4129
649863 4129
649864 4129
649865 4129
649866 4129
649867 4129
649868 4129
649869 4129
649870 4129
649871 4129
649872 4129
649874 4129
649875 4129
649876 4129
649877 515
649878 4129
649879 4129
649881 4129
858044 4129
858045 4129
649882 4129
649883 4129
649884 4129
858049 4129
858050 4129
21019 2665
40237 1046
51629 1677
58594 1838
61140 508
56312 508
90292 508
95149 2876
90949 1838
95580 508
95587 508
34888 3653
140754 508
98745 508
99305 1319
99663 508
142652 508
100137 508
100145 508
151379 508
83047 508
152625 2912
101885 508
181280 508
35022 508
44921 508
51032 508
232690 2876
233423 3467
233430 2949
233431 2665
233434 2665
233440 2949
105698 2949
105725 508
233484 508
237683 508
255363 508
266895 508
284995 2664
285906 508
301722 508
306314 508
314575 2664
319058 2784
320225 508
327189 508
327201 508
107661 508
322136 508
334737 508
337779 508
340369 508
343250 2935
345677 1793
361641 2664
397055 508
395716 508
403981 2870
407294 508
108583 508
431791 508
455858 3391
455878 508
455888 508
443870 508
500051 508
500057 508
433339 508
455897 508
56556 508
455898 508
657016 508
739321 508
97582 1635
135715 354
211851 1635
211856 1635
305581 1635
528783 1635
528784 1635
659926 1635
721395 1635
11222 629
5883 867
18652 1102
33510 1306
33814 1139
34158 2854
34317 1123
57814 629
57824 629
56388 1306
56470 629
42820 711
95194 1293
95214 629
34890 1802
142350 1141
99554 629
142700 629
142731 629
100075 629
140792 629
143603 1054
101022 1101
161598 629
101664 1101
216018 1140
244852 629
244687 629
285199 629
293648 1306
327137 1418
327144 629
324840 629
324852 629
335645 629
162590 629
391254 629
12901 567
31050 567
15085 730
49401 1406
38927 567
50352 588
28616 467
55133 1157
61667 567
181189 567
176414 424
272261 567
272262 567
276990 567
212806 728
50507 567
277024 728
277041 567
277046 567
277082 567
277107 567
277109 728
277113 1157
282733 567
50517 728
226245 567
394643 567
444126 567
444143 567
228326 730
97291 266
128620 964
53812 770
132936 377
132940 377
180726 1012
104300 377
297578 2453
440367 377
11257 1084
3214 633
33541 2129
33549 1101
34118 1101
34285 1101
34537 2679
52030 1101
34797 2402
34807 1301
70397 1101
69764 1101
42804 1368
42808 1101
42847 885
98613 1101
98619 1301
43406 1120
141843 1101
143920 1961
99875 2014
100046 2601
144585 2601
142959 1102
142974 1101
152061 1101
163904 1101
171296 1101
161453 3395
187094 1101
214848 889
214593 2601
241892 1101
244136 1101
284247 1306
293164 1101
293623 1121
45377 1101
56548 1101
321065 1102
321070 1101
322490 1102
322502 1101
324854 1101
329466 1120
331335 1101
335646 1101
336994 1101
432191 1101
432252 1101
559115 1101
107381 1619
372164 1619
108489 1619
522774 1619
522810 1619
563727 1619
726608 1013
11273 612
12462 612
12473 1429
12474 1801
36420 1339
33827 1794
4256 2857
34719 1429
38555 623
38565 732
39647 612
31721 612
1821 612
41326 610
55398 612
55507 3319
57536 684
5948 2323
57633 2802
57761 914
41387 3101
4400 2542
58937 1798
59280 612
260 2305
84036 1795
86129 612
93077 1801
113996 2868
114260 612
115263 3704
34879 2469
130023 3318
54576 1085
99082 3393
152432 2868
152511 2802
152582 3313
164248 2477
173141 612
179599 1184
183393 3382
182179 2008
182180 1798
143574 3572
176411 1429
214295 612
214447 612
229012 1129
53984 2875
229191 1339
229205 2477
228923 1801
228931 2628
233024 612
174029 1409
256777 684
256781 1093
272467 1801
272856 612
274799 612
283652 1093
64857 2423
229213 612
287442 1093
296622 914
296635 612
322516 1801
325376 612
326797 612
330639 1091
2053 1139
331204 1888
331208 612
301314 612
337746 612
340417 612
393493 612
229008 3101
397889 3003
409691 612
344226 1093
477760 1801
490943 1129
490944 684
539186 612
655586 1129
397242 1429
6613 1243
34222 1246
89239 3645
42809 843
127881 1257
96832 1243
97787 1255
97789 1243
98933 1243
43512 1288
99103 1243
43529 2409
142413 1243
99388 1243
99490 1247
43650 1257
100688 1246
43949 1243
154154 1243
124785 2063
154907 1243
156116 1243
156141 1243
100961 1243
44248 1243
155019 1243
44448 1257
44527 1243
166447 1243
101452 2583
102563 1243
181083 1243
181088 1243
181115 1456
102962 1243
181138 1257
102980 1243
172573 1243
190705 1243
214671 1243
45305 1246
298721 1243
162558 1246
334161 1065
108868 1243
479824 1243
504752 1243
214701 1296
514128 1333
155188 1243
531365 1243
554443 1243
554446 1243
554447 4175
553894 1243
583283 1243
584841 1243
553529 1243
516020 1243
110548 1243
9791 932
3218 344
1334 812
32763 1244
59030 1325
80927 1288
90308 1255
95435 1325
124622 812
124623 1325
95437 1288
124631 812
95614 1265
117771 1333
96048 1255
97520 1325
98872 1261
98877 812
98913 1325
99078 1262
99148 812
99615 1350
100035 764
100119 812
100162 812
100700 1261
44131 1262
159201 812
161150 812
44497 812
101413 1325
164335 1255
101455 764
101911 812
102932 812
181081 812
163427 1288
35035 2725
265123 812
45225 1325
292045 546
340546 812
108990 812
441379 1325
494443 1325
551961 812
551963 812
551966 812
551969 812
551972 812
551973 812
551974 812
551975 1288
551979 812
551981 812
551982 812
551983 812
551984 812
551986 812
551987 812
551989 812
551995 812
551997 812
551999 1329
579824 812
579927 812
583168 812
163816 812
494452 812
6271 843
6434 843
6666 843
34459 843
96126 843
142465 843
100172 843
154614 843
161344 843
161348 843
161362 843
161372 843
157462 843
161405 1244
44329 843
101066 843
155764 843
161900 843
161918 843
164030 843
24513 843
168770 843
588140 843
12535 1073
31024 634
19010 2580
19207 517
1544 1829
34556 937
37751 517
58837 1907
51992 517
42211 517
90093 517
114874 145
114398 517
95374 517
114285 517
95737 517
98652 1055
140547 544
98721 517
31155 517
142832 517
162135 517
164189 517
101562 1999
177725 2713
104422 517
219387 880
105798 517
256202 517
106833 517
106841 517
106849 144
106875 517
280439 517
106892 517
106897 517
291883 517
25868 882
57508 891
142507 882
105711 915
342008 882
431637 882
554356 3763
739028 882
8615 259
3162 615
10496 259
26349 259
4034 1518
3425 259
11798 259
3448 2019
13649 259
15837 318
29999 259
30794 1248
30873 259
15939 2053
13688 259
13689 259
15965 259
29414 259
14340 259
14525 259
16624 259
16743 259
16866 259
16974 259
17250 259
12112 262
19093 615
19344 259
19798 259
20005 259
20580 615
31614 259
36292 259
37725 259
21043 259
38433 3097
38666 259
36888 259
40062 259
55484 259
51065 615
51230 259
51519 259
51551 259
41435 259
57265 259
70148 259
68467 259
46354 282
66001 259
70209 3514
70366 615
70463 259
42174 1844
70684 259
70705 615
70860 259
70915 259
70927 259
71003 259
71100 259
71338 259
69150 259
71515 259
21221 259
71591 259
71713 259
71792 259
72031 259
42227 259
49825 259
72093 259
72231 259
72372 259
149166 250
72515 259
59795 259
72531 259
72589 259
72636 259
59884 259
11228 1108
11276 2127
25839 1110
25870 1462
17005 945
17538 1110
18740 1110
33476 1110
33583 1110
33705 1364
33746 2617
34061 2859
1778 1110
34547 1099
34579 667
34674 2849
57202 664
114011 1110
34855 1125
95205 1110
82922 1110
34897 3778
138246 1993
34921 1110
140757 1110
98914 1085
43522 930
99188 1110
142473 1085
143253 1094
143306 1110
142997 2145
145801 1993
241355 559
245246 1110
244782 1993
244416 1110
244561 1110
256932 1110
106256 2708
35101 1110
284692 1110
293673 1110
671557 1110
671559 1110
320 276
11223 1104
11561 461
33152 2651
1600 1799
46724 2725
9723 828
50387 1768
55636 541
56387 541
68630 2132
83210 2132
21269 541
34825 1104
56235 1131
90269 828
115031 2423
126729 541
128452 3756
96134 1396
34904 1800
140514 2725
143059 1104
151298 541
170484 541
179314 2132
190689 541
190739 541
202322 541
222162 541
120644 541
235401 541
143523 1091
264787 2725
190751 541
277475 541
306521 2132
306543 541
306552 541
306554 2018
306562 541
306584 2651
306585 541
306592 541
306593 541
306602 541
306605 541
306607 541
306611 541
306612 541
306622 541
306626 541
306631 541
306676 541
306705 2132
306706 541
306723 541
4882 570
306738 541
306755 541
306756 541
306774 541
306788 4397
306817 3755
306823 541
306847 541
306848 541
302992 3385
306866 541
306876 2132
306881 2132
306888 541
306915 541
306925 2132
306933 541
306934 541
306961 541
306973 541
306975 541
307010 2132
307012 541
307016 541
332661 541
178042 541
431467 541
551795 2725
230118 541
307058 541
307066 541
4088 633
605 677
25861 1068
760 2422
17625 2515
979 2687
33436 633
33497 2525
33543 2803
33614 633
33732 2842
33882 1236
33926 877
34100 633
34321 633
34416 678
37868 633
55466 1795
34742 2852
57686 2816
41351 936
57827 633
58587 1849
56378 1452
113994 633
82925 2129
126328 633
43568 633
142753 633
141294 876
141304 633
161606 633
162134 633
170455 2902
104731 633
230644 1182
234086 633
240808 633
240865 3108
35069 633
255443 633
337479 633
344609 633
359541 633
359547 633
359549 633
705918 633
25345 1039
7296 1655
7383 1671
7517 1679
1567 1655
1751 2231
37873 414
38535 1671
135689 1039
135709 2225
135714 2225
135721 1655
135736 1655
136503 1039
185873 1002
138889 2231
204026 1002
204027 1655
204033 2085
204718 2225
204722 2226
204742 1002
204746 1005
204772 1576
204786 1655
200272 1039
200380 2227
204809 1002
206322 414
206326 1002
207770 1655
209404 2227
209731 2626
243531 2084
256598 1655
263834 1655
263844 1655
263856 1002
263857 2227
263862 1655
263864 2226
263865 1655
263866 1655
263875 1655
272226 1655
217416 1655
296711 1655
316100 1655
316101 1655
359795 1655
365238 1671
365239 1039
79401 1655
451136 1655
457690 2626
466939 2231
474058 1655
475624 1039
475628 1655
475630 1655
475631 1655
475633 1576
477842 1655
359799 1655
633164 1655
633165 2231
633166 1039
633167 1655
365249 1522
633168 1039
633169 1655
293196 4800
633171 1655
633172 1655
498413 1655
302151 1039
633173 2231
633174 1655
633175 1005
633176 1655
633177 1655
633179 1655
633180 1039
633181 1655
633182 1039
633183 1655
633185 1655
633186 1655
633189 2231
633191 1002
633192 1655
539661 1002
263901 1576
307324 3462
307402 2968
307408 3462
307434 2968
307465 3462
307467 3462
307475 2968
307484 3462
307496 3462
430617 2187
430594 2182
438856 3462
548335 3836
566072 3462
307511 3836
571785 2968
293349 2968
661386 2968
678166 2968
678170 2968
722864 3462
722868 2968
722870 2968
722897 3462
430601 2968
307519 2968
722877 2968
760883 2968
781266 3462
781267 3462
781145 2968
828365 2968
828362 2968
722891 2968
722980 2968
25221 353
7597 1689
12995 413
14948 353
17905 353
19438 353
19899 353
1044 353
37591 1021
41667 353
76048 353
76167 353
76864 417
42051 353
71808 353
72020 353
26635 353
87203 353
82346 353
74042 353
96261 353
96270 353
128825 353
128971 353
26808 353
137927 671
138794 413
102844 353
103312 353
194152 353
104007 1035
104080 1736
199380 353
104327 1736
201195 353
201234 353
201298 353
201334 353
202976 353
26949 353
104765 353
208994 986
217281 353
224683 413
224697 353
224701 353
224705 353
224730 353
224748 353
26963 353
224780 353
224784 353
105592 353
106454 1653
271462 353
27058 353
300158 353
302092 353
27122 353
465150 353
465151 353
465153 353
27247 353
224796 353
27292 353
27320 353
33613 2823
37835 656
39478 3148
32321 656
40447 1430
41265 3049
21140 3339
77772 656
132638 656
139986 1089
144850 656
172361 656
177283 656
177284 656
177299 656
183818 656
152184 869
213716 656
229726 656
225929 695
106316 656
260627 656
260629 656
260633 3145
260644 656
260647 656
260651 656
260656 656
140982 656
276383 656
332090 656
357351 656
358438 656
358443 656
370715 656
108186 656
370716 656
370717 656
177324 656
374135 656
320435 656
374157 656
374161 1764
374170 656
374177 656
374184 656
374190 3439
374191 656
374201 656
374204 656
374205 656
374222 656
374229 656
374236 656
374240 656
374251 656
374253 656
374256 656
374264 656
374275 656
374277 656
374279 656
374285 656
375651 656
396348 656
159361 1431
430042 656
443504 3437
443506 3437
499426 656
491486 656
529580 656
430085 656
374343 656
529583 656
537013 3437
537019 656
537027 656
537029 656
374356 656
374367 656
374370 656
374382 1912
538027 656
608792 656
610433 656
610430 656
374390 656
374399 656
685803 656
374416 656
839938 656
7096 1547
7289 100
7555 100
32979 100
31595 723
122525 1550
95828 100
96006 1595
134869 100
132923 100
132877 100
132885 1548
27507 375
175467 100
195664 100
198541 100
198552 100
198560 100
197483 100
200807 100
196875 1575
203456 100
206409 100
206412 100
226306 100
305385 100
49331 501
49354 540
39126 400
50822 540
51003 476
147981 1162
149785 540
79383 405
291721 540
357681 540
357325 540
388317 540
5809 1093
678 322
31928 432
16550 2477
18417 2542
20423 1093
34479 553
34534 1800
37640 623
41325 1129
41375 1093
58607 623
1840 1938
74533 1093
65582 2542
42701 2008
114016 2628
12485 1093
138800 1093
142045 1093
142046 1093
145370 1093
152306 2542
164348 1093
102839 2205
179813 1093
178449 2256
178451 1093
206595 1093
213916 1093
212981 1093
31172 2542
229194 1093
243218 1093
245289 1801
124302 1888
259723 1093
296606 1093
296607 1093
296610 1093
296613 2542
296620 1093
296621 1093
296627 1093
296631 2542
296637 1093
333044 1093
335199 1093
365357 1093
365358 1093
365359 1093
365362 1093
365363 1093
365384 1093
365391 1093
365392 1093
365394 1093
365395 1093
365396 1093
152202 1093
453064 2010
289646 1130
769543 1093
6846 112
7086 112
93344 112
91847 112
91944 112
126756 112
254604 112
254607 112
95601 1255
43039 1139
43099 1255
97194 1255
98828 1350
99373 1255
142629 1255
99752 1255
99906 1255
142775 1255
99978 1255
100002 1255
100235 1255
100707 1255
101257 2203
44461 3960
44553 1255
163752 1255
172473 1255
181046 1255
102913 1255
181070 1255
102924 1333
181090 1333
102940 1255
181105 1255
102950 1255
102955 1255
181128 1255
102968 1255
163432 1345
283630 1255
362443 1255
442086 1255
108869 1255
454556 1255
495192 1255
531623 1255
558480 1255
559524 1255
559526 1255
386247 1255
597072 1255
597221 3960
615721 1255
32352 918
263845 1576
277658 1655
359793 1655
359798 1655
365246 1002
475627 1655
475634 1655
537007 2232
539617 1655
633184 1655
308951 464
308952 464
308953 464
308956 255
933 2678
34106 366
34637 366
51061 2833
57777 366
64204 1362
56466 1365
70151 366
59122 1366
93688 366
114894 366
34885 366
114655 366
143803 1800
177070 366
230087 558
294102 366
327242 631
328185 867
326687 4440
331958 366
333580 366
341774 366
243730 2699
325 405
3164 318
5788 581
6100 903
394 931
400 581
10556 581
3173 919
504 673
3189 1537
3195 581
3204 1537
509 343
7601 581
26344 340
25813 343
574 152
575 342
3611 427
5851 581
5905 1227
28207 581
26090 394
30155 262
30217 581
15937 931
740 2324
845 2671
1073 2125
1173 2694
33693 581
31604 581
1792 274
1793 1929
50439 342
53552 340
53623 581
57680 1783
57707 1372
47797 1079
63069 581
91210 342
82906 1097
91009 581
113392 1462
1893 345
115076 344
122894 274
21334 2203
123281 581
66137 581
96366 581
57847 581
150831 581
152466 1783
46379 4038
193747 581
193749 581
192975 581
44817 740
193764 581
193771 780
193780 3156
193783 581
193787 581
193788 2942
193793 1783
193799 2943
268595 581
337175 3156
13653 19
13756 1476
18116 1476
792 2553
19961 1476
1072 1476
1133 19
21016 1476
31594 1476
8991 1476
9008 1476
40242 2553
1837 1476
61125 251
65491 1476
72202 1476
121065 1476
133731 1476
134955 1476
143939 1476
43834 1476
144880 1476
145499 1476
21416 1476
153602 1476
153608 1476
171176 1335
176213 1476
178310 1476
239255 2553
239256 251
242561 1476
242564 1476
242567 1476
242569 1476
249999 1476
278079 1476
295782 1476
297512 2553
299289 1476
299559 1476
299565 1476
299568 1476
299570 1476
242585 1476
311650 1476
311658 1476
311659 2553
311663 1476
311671 1476
311676 1476
313542 1476
341825 1476
376268 1476
376271 1476
376278 1476
447692 1476
456542 1476
479650 1476
486503 1476
467848 1476
540761 1476
570661 1476
570665 1476
592539 1476
664545 251
141986 2553
664515 1476
460470 1476
664517 1476
664519 1476
664521 1476
664522 1476
664523 1476
664524 1476
664525 1476
664528 1476
664529 1476
664531 1476
664532 1476
664533 1476
664534 1476
311697 1476
664536 1476
664537 1476
479653 1476
716793 1476
716894 1476
725065 1476
725058 1476
862697 1476
862689 1476
180065 1476
11851 263
65493 263
102836 149
105232 263
237773 263
257359 263
268236 263
320256 263
108079 263
365099 263
371671 263
108777 263
434490 263
109305 263
483660 263
489177 263
522476 263
522478 263
522480 263
455123 263
522493 263
522502 263
522739 263
566879 263
609279 263
730904 263
3949 405
11882 610
14751 610
18063 620
789 2565
4295 3016
37946 610
39460 3105
39830 2128
41189 610
41279 610
55297 610
55304 610
55316 614
55335 610
55379 610
55401 610
41327 620
55427 610
55472 610
55531 610
55565 610
53972 610
55737 610
55748 610
55770 610
41370 610
55802 610
55812 610
55828 610
55831 610
55834 610
55835 610
55845 610
55850 610
55853 610
55859 610
55861 610
55897 610
55900 610
55904 610
55912 610
55937 610
55647 615
55952 610
55953 610
55955 610
55970 610
55988 610
55989 610
56003 610
56004 610
56009 610
56011 610
56016 610
56042 610
56045 610
56050 610
56067 610
56071 610
56073 610
56077 610
56082 1219
56086 610
56087 610
56089 610
298419 610
7359 380
12825 380
12875 1730
13005 380
41264 380
60667 380
129154 380
129260 380
175683 380
180301 380
193647 380
205801 380
219695 380
210878 1018
254358 380
306135 380
316388 380
444514 380
440362 380
525572 380
219204 380
64917 380
137263 380
217494 380
440373 380
40764 396
42741 1621
118382 2266
98490 1467
100548 1621
166436 1621
180029 1621
215425 1621
221629 1621
265024 1914
279730 2177
317216 1621
108038 1621
369405 1621
380997 4178
431226 1621
522737 1621
542508 1621
542513 1621
109831 1621
542514 1621
382742 1621
542519 1621
542521 1621
542523 1621
542524 1621
542525 1621
542527 1621
542530 1621
542531 1621
542532 1621
542533 1621
542534 1621
542535 1621
542540 1621
542541 1621
542551 1621
542554 1621
542556 1621
28360 1697
3628 1697
4459 1697
63676 2630
159138 1697
233324 1697
411049 1697
411907 1697
412359 1697
312093 1697
73940 1697
509831 1697
933372 1697
933374 1697
933377 1697
713454 1697
933378 1697
933380 1697
74289 1697
933382 1697
933385 1697
933387 1697
933388 1697
933389 1697
775540 1697
933392 1697
933393 1697
933394 1697
933395 1697
933396 1697
783730 1697
933400 1697
775541 1697
933402 1697
933403 1697
933405 1697
933406 1697
187360 1697
933407 1697
933408 1697
933409 1697
933411 1697
918505 1697
933416 1697
933418 1697
933420 1697
933422 1697
933426 1697
933427 1697
933430 1697
933431 1697
933432 1697
933434 1697
933435 1697
933439 1697
933441 1697
933443 1697
933444 1697
933449 1697
933450 1697
933451 1697
933452 1697
933458 1697
933462 1697
412677 1697
933463 1697
803723 1697
933464 1697
933465 1697
933466 1697
933467 1697
412678 1697
933469 1697
933470 1697
933471 1697
621788 1697
839534 1697
933475 1697
933476 1697
933477 1697
253004 1697
933482 1697
933483 1697
933485 1697
775543 1697
933490 1697
933493 1697
933495 1697
933498 1697
933500 1697
39067 1743
148412 3134
148531 3134
218756 1743
359460 1743
369651 3134
370281 1743
370296 1743
370321 1743
149214 572
382617 1743
522643 1743
522723 1743
382735 2764
638275 1743
31879 2333
25858 626
1770 626
33509 1131
34203 626
34424 553
56355 678
121657 626
98050 1125
140286 3172
143105 626
140747 626
144372 626
142689 626
140800 626
100369 626
100390 1068
247960 626
140924 626
247966 626
247969 626
247976 626
247994 626
324808 626
480538 1396
481965 626
551118 3881
456545 626
34267 560
34343 2493
80259 1695
43340 2493
99243 2493
99885 2493
34989 2493
102987 2493
103402 2113
105576 2493
105972 1342
245195 1342
107018 2004
107087 2493
107089 2493
107099 2493
291942 2493
291947 2493
291951 2493
107157 2493
107160 2493
107172 2493
107178 2493
107180 2493
107198 2493
292040 1212
337996 2493
7856 423
7210 1628
27536 487
58048 411
59757 406
134558 2778
134621 411
135629 1633
135636 411
135639 411
185302 974
190461 411
190497 411
104057 411
201130 406
201135 411
201140 411
208421 1633
202357 406
202358 2778
232641 406
269522 2778
272956 406
305647 406
305657 2778
305661 406
305673 859
305674 411
306321 411
305675 406
305678 1633
305687 1633
305705 411
305724 1633
305728 411
305746 411
305763 411
305764 974
305781 1633
305785 1688
526934 2778
526936 528
526942 411
526943 411
526945 1035
529612 411
529627 411
523208 411
540765 411
305802 1633
637548 411
24486 605
7538 605
532 373
546 605
7679 1547
195814 1691
194215 605
198212 1420
200899 605
7719 1547
104339 605
203161 3030
205825 1547
218049 605
202521 605
273998 605
274007 605
210879 1566
13390 939
30955 939
19698 1247
95840 1247
95938 1247
43091 1247
43590 939
99929 1247
43658 1247
158967 1247
44266 939
156902 1247
13501 1247
102918 1247
207085 1247
213725 1247
215427 1247
215428 1247
213686 939
215434 1247
215435 1247
215438 939
214746 1247
215331 1247
6077 152
34446 1366
9040 867
58762 867
58905 867
58549 2617
58935 2617
57153 3459
41609 867
80519 867
4679 3719
114190 1937
140393 867
140418 867
34969 2890
143817 867
152639 867
213538 867
230267 1808
232692 3444
246998 867
106254 2890
257667 1430
4891 631
329085 2890
329030 867
316108 2825
333786 2890
280972 867
11219 1096
11230 1112
11270 1094
3361 1094
25875 2436
1387 1111
31580 1085
34380 1094
34619 1083
34647 2948
55536 1108
34761 1094
55789 1094
51328 1094
34859 1094
91129 2930
82978 1120
113472 1094
131263 1094
137811 1094
141599 1228
143206 934
142106 1095
140763 904
99250 1094
99553 1094
140295 1094
140298 3778
143232 1109
143250 1094
143464 1094
230150 1850
270310 1094
290221 1108
307022 1094
325580 1054
332380 1090
326294 1094
537940 1094
537941 1094
537943 1094
537944 1094
537946 1094
537949 1094
537951 1094
10 19
47 405
3258 507
10406 19
25445 19
12023 19
28408 19
30210 19
30412 19
17198 19
36430 2760
37672 19
39059 19
39300 19
40713 19
61157 19
61264 19
61367 19
61373 19
61386 19
61423 19
61429 19
61459 19
61484 19
61589 19
61613 19
61699 19
61700 19
63374 19
75839 19
71789 19
64489 19
121467 19
132101 19
25762 19
21375 19
153599 19
153619 19
218761 19
250012 3801
72584 19
422484 19
422524 19
533825 19
533833 19
540527 19
3922 405
2984 611
3256 405
12331 405
406 405
10545 405
10569 405
7880 405
7888 405
3429 405
627 0
14078 405
14204 405
16360 405
16547 405
18141 405
18507 405
18661 2554
19195 1178
19372 405
20275 405
20360 405
36385 405
36579 405
35655 405
31979 771
38573 405
31091 405
40955 405
53740 3285
56847 405
60964 3005
61020 405
59532 405
70109 405
67988 405
70509 405
69124 405
70736 405
71702 405
42510 405
85801 405
86881 405
61980 1411
129377 405
140527 405
45140 405
277915 405
301748 405
9715 825
11199 1079
11271 826
7586 1685
30557 2212
30712 2245
19628 2348
4293 726
39552 826
40150 2212
57205 664
34772 826
58355 2245
88149 3385
90490 1923
90491 1924
42724 826
93940 826
90313 2245
115299 3385
130482 154
133079 3032
137084 826
140132 1087
141943 1528
145755 826
145906 826
154472 826
170202 826
210973 826
44867 1133
210980 826
210996 1524
213013 826
227978 1923
45227 1427
263677 2017
263698 826
263708 2348
263711 826
21572 826
263737 1685
263741 826
263773 3385
9599 1133
272950 826
279894 826
284911 826
289421 826
297394 4003
300954 826
178039 2104
301918 1133
121684 1133
300274 2245
264960 826
313806 826
335159 826
361346 825
368023 826
308405 2212
378451 2017
327357 826
439753 826
453101 826
468323 826
264964 826
264965 826
468332 826
468334 826
468338 826
264966 3526
468342 826
468343 826
468348 2245
504619 2245
30429 120
39833 18
41075 1774
76750 398
65538 398
65849 363
89892 566
93646 363
115181 363
97044 398
133293 1774
135478 1774
139310 1774
102698 363
103300 398
82501 2349
197127 398
104045 1774
208069 1774
134009 363
212334 1774
105455 2656
228285 398
236671 398
250272 398
144904 363
260028 398
198225 18
266827 363
281851 363
282095 363
366005 1774
379312 398
379315 398
379317 363
380646 363
380647 398
394361 1774
424303 398
280025 1774
436593 398
293339 398
468221 398
473010 398
490717 398
505429 3226
523262 363
533522 398
533525 398
533526 398
533528 1774
533530 398
109783 363
533538 363
533540 1774
389546 1774
618191 398
619669 398
632149 398
389551 398
632150 398
632152 398
632153 398
632155 363
632158 398
110099 398
632160 398
632161 398
632163 398
632167 398
533542 398
632169 398
640092 398
644993 398
696588 398
110313 398
45792 398
759634 1774
767661 363
110455 398
533546 3226
10517 875
6154 1218
674 341
26180 938
681 427
1535 875
41348 2423
21103 1452
64305 869
4473 875
65917 2124
91102 3672
91144 875
114976 875
121332 875
114143 3723
116177 1218
139736 1219
140434 6
100309 2955
152158 875
152269 875
151936 1233
91164 875
152542 875
152579 875
152082 875
193890 875
212991 875
240490 3723
257674 875
257688 875
263509 875
149560 2673
280321 875
331664 875
213029 685
345645 685
345646 1794
4909 2672
345647 2955
397655 875
402077 875
402078 1219
254723 875
308359 1210
483982 875
483984 2672
425143 1219
483985 875
483986 875
285206 875
559131 875
549362 875
345658 875
749115 875
3534 148
8843 146
9831 273
9838 146
9861 146
9864 148
9871 261
9876 146
25543 146
30223 146
15954 146
13880 146
14974 146
17379 146
18013 146
20640 146
33288 146
38973 146
40258 146
21086 146
51002 148
56131 146
47435 146
76910 146
77086 146
42119 146
69144 146
69188 146
69590 146
69612 146
69889 146
69927 146
69955 146
81647 146
112587 146
94912 146
93085 146
112611 146
112612 146
112613 146
112617 146
112618 146
112625 146
112626 146
112629 146
112636 146
93072 146
42792 148
93795 146
112958 146
112683 146
112686 146
112731 146
112736 146
112740 146
112754 148
112756 146
128590 146
43082 146
69972 3193
27191 146
452723 146
112642 146
21726 146
476249 146
477968 148
491973 146
492040 148
112643 146
476209 146
6121 636
30263 636
15000 636
15216 636
38701 2519
42104 636
77292 636
72313 636
94001 636
46744 636
175324 636
177590 636
180140 636
178512 636
192234 636
104145 636
216810 636
262838 636
327392 636
366369 2328
388684 636
388687 636
388698 636
388703 636
388725 636
388735 636
388736 636
388739 636
388742 636
388771 636
388778 636
388780 636
476130 636
608082 636
608084 636
733059 636
764342 636
9790 888
7913 740
11511 740
30802 740
15924 740
30933 740
24749 740
14502 740
19728 740
36732 740
49431 740
21058 740
39571 740
40694 740
47180 740
41618 740
80575 740
1880 432
88405 740
81930 740
118163 3711
92153 740
4690 740
115341 1186
95566 740
117373 740
98156 740
184977 740
138689 740
188580 740
191622 740
185082 740
191647 740
191826 740
188605 740
104354 740
214885 740
45010 740
231878 740
231885 740
231887 740
231891 740
45014 740
231912 740
45016 740
231940 740
231947 740
231957 740
231962 740
231963 740
231973 740
231974 740
231983 740
231989 740
45024 740
232003 740
232007 740
232011 740
232013 740
232014 740
232018 740
232019 740
105637 740
232024 740
182369 740
232035 740
232036 740
232042 740
232044 740
232046 740
232050 740
232057 740
45028 740
232066 740
185102 740
357764 3048
232070 740
26677 266
132884 1547
180729 266
201034 1029
224478 1550
501822 1550
1675 684
40365 1801
40384 869
40548 684
55851 1888
59198 1793
115038 684
114954 2361
120454 2477
57837 1801
139588 684
141285 3906
145808 684
152476 684
152526 2922
101404 941
179818 1802
105598 1801
228917 684
332560 684
492183 684
492185 2729
543501 684
328941 684
213037 684
285276 684
330659 914
18336 2540
19875 880
34352 1385
34610 880
4363 2421
57121 873
58610 880
93205 622
43027 880
164207 1366
194966 880
243131 880
280427 880
320052 1387
107596 880
107822 880
6624 1279
13422 1279
41601 2409
125572 1279
43113 1279
125975 1279
43547 2793
43615 1272
43943 1279
154391 764
44069 1269
154494 1279
154536 1345
44120 1345
162466 1279
172630 1241
215820 1279
172698 1279
235972 1263
29451 400
29481 400
29494 2246
29561 400
29579 403
69257 400
106912 400
45282 400
570510 400
3526 132
37961 132
56055 132
175296 132
182251 132
196189 132
238151 132
303059 132
305726 132
307237 132
307239 132
307241 132
307242 132
307243 132
307246 132
307247 132
307248 132
307252 132
307253 132
307255 132
307256 132
307259 132
307261 132
401828 132
401832 132
401846 132
401848 132
401849 132
401851 132
401853 132
401863 132
401864 132
401866 132
401869 132
401875 132
401877 132
401880 132
401886 132
401890 3879
401891 132
401898 132
401899 132
401902 132
401904 132
401907 132
401908 132
401913 132
401927 132
401928 132
382301 2118
401929 132
401930 132
401931 132
401934 132
401935 132
401938 132
401943 132
401945 132
401946 132
401947 132
401952 132
401956 132
401957 2530
531959 132
401958 2118
401959 132
665009 132
686176 132
722723 132
3562 266
84924 1030
138590 266
491872 1567
25640 462
12438 1419
31708 736
39791 462
118837 462
116641 818
130331 462
125880 1529
145203 462
145211 462
145220 462
145223 462
165129 462
176058 462
176364 462
176391 462
185153 462
193765 462
26027 462
228118 462
25690 462
274432 462
279382 462
301416 462
308981 462
308986 462
308988 462
309001 462
348870 462
175809 462
354888 462
354895 462
354898 462
66216 462
442646 730
442647 462
442648 462
442653 462
348871 462
442656 462
442658 462
442661 462
486778 462
512044 462
555353 462
561670 462
561702 462
561703 462
561707 462
561708 462
561714 462
561718 462
561719 462
555714 462
561721 462
561723 462
391149 462
555354 462
348872 462
610390 462
606987 462
25691 462
655426 462
561727 462
279403 462
787197 462
6491 943
6591 943
95635 943
126016 1264
43343 943
142634 943
142860 943
156313 943
155365 943
44127 943
44183 943
156062 802
158129 943
158186 943
158256 943
164351 943
341904 943
204519 943
515211 943
554064 943
91784 1317
124634 1317
43043 563
142287 1345
142523 1317
99494 1317
43595 1724
43961 1317
154914 1318
156432 1318
101184 1350
159943 1317
162018 1318
163947 1347
101414 764
215832 1317
215906 1317
45074 1317
106530 1317
45250 1317
324096 1317
376077 1296
516034 1241
343942 1317
265475 1318
190769 1317
114459 869
96087 802
154193 802
154303 802
44109 1267
44549 802
192974 802
160546 1241
45182 802
265302 1241
343671 1241
187268 1241
583875 802
32435 2275
38743 974
95913 2276
183121 1187
200175 2276
198062 1612
202153 965
210014 1612
209875 1612
310607 1612
356721 3236
358204 965
512213 1612
512218 1612
295745 1612
295746 2114
616236 1496
616237 1612
616240 1613
616249 1612
700393 1612
700401 1612
700405 1612
721551 3236
883263 1612
635717 1612
70891 1165
86501 1165
141393 1165
141394 1165
263873 2223
274838 3020
296661 1165
355525 1165
107993 1165
356104 1165
363895 3020
363953 1165
368162 1165
371422 1165
108258 1165
423539 459
445413 3020
459762 1165
462901 1165
462902 1165
462903 1165
498197 1165
498269 1165
533774 1165
539791 1165
550945 1165
550946 1165
550947 1165
550950 1165
550954 1165
550956 1165
550960 1165
550962 3020
481442 1165
550964 1165
423697 1165
550965 1165
550966 1165
550967 3020
550968 1165
550969 1165
605054 1165
609592 1165
616421 1165
616424 1165
445414 1165
667592 1165
667594 1165
667595 1165
667599 1165
714908 1165
445415 1165
747733 1165
45797 1165
451145 1165
777541 459
777545 1165
797598 1165
831329 1165
831307 1165
831363 1165
831308 1165
838042 1165
758361 1165
747735 1165
890916 1165
489659 1165
747750 1165
934362 1165
11535 1259
18461 1259
34609 1259
40298 1213
130317 1259
96196 1259
43241 1216
99209 1213
99314 1213
99360 3639
99368 1259
99471 1259
99621 1216
99682 1259
99820 1259
142721 2427
99958 1212
142822 521
142895 1259
152213 1259
158125 1259
164010 1254
177772 1265
193777 3629
106523 521
9729 1274
282364 1259
214789 1259
303273 1914
320506 1259
322582 4430
335211 1259
334369 1259
336977 1259
410011 1259
427702 3639
405492 1259
443821 1213
275597 1259
473446 1259
473458 1212
512691 1216
514826 1259
514832 1217
514841 1259
62490 1217
514858 1216
514866 521
118094 521
514878 1216
558851 1259
49476 1397
90723 1397
95221 1397
115911 1397
125851 1397
125875 1265
96876 3781
97166 1265
97266 1100
127597 1100
98884 1266
98920 1907
98958 1100
98966 1397
99238 1397
99246 1100
99475 942
99512 1292
99591 1265
142606 1397
99618 1265
99650 1100
99710 942
100176 1266
158942 1266
101235 1265
161476 1909
171951 1397
173763 1397
216040 1397
361900 1265
395936 1397
430181 1397
485872 1397
510525 1265
511334 1265
511339 1265
511340 1397
511344 1397
511346 1265
511347 942
511348 1266
511349 1397
511351 1397
511358 1265
511362 1397
511368 1397
511370 1397
511374 942
511376 1397
511381 1397
557911 1100
557912 1397
557913 1397
557914 1397
275160 1397
557916 1397
557917 1397
557918 1397
807640 1397
816961 1397
807641 1397
1351 2707
97842 1894
99588 2407
107091 2407
460520 2496
557203 2407
464718 2496
12122 3310
124913 3310
125153 3307
95815 3307
98423 3307
148306 3134
100595 3307
43869 3307
170113 3307
201122 3307
209899 3307
209910 3308
209952 3307
106723 3307
279709 3308
295713 3307
312579 3307
274710 3308
49519 3310
381021 3307
392896 3307
392913 4019
392957 3310
392958 3308
392960 3307
392986 3307
392999 3307
393002 3307
393010 3307
393018 3307
393022 3307
108352 3307
393041 3307
393054 3308
393055 3307
393056 3307
393075 3307
393082 3307
393098 3307
393110 3307
420791 3307
428991 3307
446645 3307
475993 3307
490256 3309
495503 3307
495504 3307
495506 3307
495520 3307
495538 3307
495553 3307
495599 3307
539640 3307
547595 3307
109914 3307
571394 3307
571373 3307
609071 3307
609074 3307
495605 3307
641505 3307
756381 3311
393115 3309
761003 3307
767125 3307
767106 3307
767112 3307
844778 3307
355736 3308
7306 101
135818 3282
195706 101
104365 101
223782 817
407605 3282
8578 324
9858 323
393 323
27621 1959
7936 323
30621 323
26233 2213
26251 324
40064 3040
42233 324
88825 324
94644 324
121768 1959
122834 587
129947 323
94649 323
171366 2408
103009 323
198864 323
232448 3945
252233 323
46387 324
274211 324
274214 324
274215 323
274217 323
274218 324
274219 324
274223 323
274224 324
274226 324
274227 1588
274231 324
274234 323
274238 323
274243 324
274246 323
274247 323
274249 324
274256 323
274257 323
274262 323
274263 324
274264 323
274267 324
274269 324
274271 323
274273 323
274274 324
274275 324
274277 323
274278 323
274281 324
274282 324
274287 323
106676 324
89370 450
274290 323
274291 324
274292 323
274296 323
274297 324
90426 324
504886 323
11179 1060
5917 2014
861 2674
34314 2914
40844 496
49949 1060
75959 1060
67155 3302
84016 496
34841 2674
94409 3447
82967 796
4698 3302
83025 1769
126610 3590
140276 3447
140283 1060
144642 1769
142300 1060
144526 1060
100308 1060
100454 1063
151357 364
164231 3590
164245 1767
164256 1060
101797 1767
179733 1060
144270 1767
185750 1060
185753 1769
190572 791
103768 3590
26905 3658
192797 1060
192800 1489
192812 2674
192845 1769
189149 1060
104297 1060
227986 1060
227991 1063
245558 1063
245575 3917
259467 1060
287656 1769
297389 3302
310184 1060
262313 1060
341567 3658
378864 1768
378869 1060
378870 1060
378875 1060
378876 3448
378878 1060
235534 1060
381521 1060
381527 1060
381528 1060
392070 3302
448312 1060
459492 1769
477542 1060
478869 2674
499719 1060
551178 1060
618479 1488
18171 2533
33851 1717
52309 1214
32549 1216
42292 1163
91955 1212
130439 1213
93800 521
96523 3786
133822 1214
43540 3786
142861 3786
160974 1610
164004 1214
164008 1214
166347 3786
101800 1341
67548 1214
105643 1212
250610 1213
106139 1214
271108 1610
271133 1341
337112 1214
345563 1214
358070 1214
403921 1214
409738 1214
427049 1214
473436 1213
483804 1214
514827 1214
514831 1214
514843 1212
514847 1214
514860 1211
514864 1264
45661 1214
514886 1759
514888 1214
514892 1214
515049 1214
515060 521
519600 1909
603300 1214
603301 3786
603316 1214
6605 1241
30640 1728
41412 1241
93707 1241
43379 1241
98820 1241
98948 1728
43953 1241
154301 1241
6788 1241
154423 1241
154740 1241
154786 1241
154864 1241
44390 1855
172571 1263
171939 1241
169863 1241
213736 1241
59040 1241
235975 1241
477459 1241
265425 1241
161044 1241
583877 1241
583879 1241
583880 1241
583881 1241
583883 1241
583890 1241
441889 1241
6083 873
7572 364
11701 364
24557 2330
33737 2713
31590 1195
4280 2325
31641 364
58567 1968
41569 2329
64319 872
42481 364
114807 2330
95172 145
114060 3720
117277 364
114063 364
114072 638
114075 144
43011 1758
129812 1758
100472 364
100512 2327
100897 2519
100903 364
100977 364
192796 873
83048 1944
238833 364
257646 144
328343 364
336079 364
276107 1758
49835 1968
276111 145
376603 4385
376616 364
276115 873
324772 364
505097 144
759002 364
25894 816
56423 816
56440 816
34829 816
90859 816
95712 816
26740 816
98722 816
98989 816
142420 816
183350 816
183402 2826
216024 816
228808 816
230574 1301
230668 816
105707 816
233904 1909
243893 816
245470 816
245801 816
245988 816
255326 1909
262394 816
277712 816
232586 2826
327910 816
329940 816
326662 816
326667 816
341398 1396
339690 816
345697 816
465729 816
465765 816
480492 816
480501 816
480503 816
6480 1266
96614 1265
97282 942
98775 1265
98843 1265
99191 1265
99457 1265
99582 942
99787 1266
100133 1265
142899 1265
156040 1265
161959 1292
161962 1265
161478 1265
101748 1265
181496 942
292058 1265
158358 1265
283303 1265
142944 1265
511329 1265
158126 3882
511335 1265
511365 1265
511367 1265
142947 1265
511380 1265
521404 1265
554361 1265
581560 1265
596604 1265
56364 1301
57809 1301
41608 1301
114400 1894
43046 1115
98614 1301
144063 3395
99231 1301
99440 1301
43567 2601
145385 1085
144722 1301
43947 1301
100752 1301
56527 1301
101655 1301
263141 1301
324841 3350
324853 1301
506591 2601
603539 3350
603540 1301
138936 3879
148273 3937
148435 3937
148456 572
148536 3879
173655 3879
170103 3879
174743 3879
260453 2528
108069 3879
108070 3937
266574 3879
108181 3879
150614 3879
10823 3879
478943 3879
522792 2065
533026 3879
539632 3879
539638 3937
109804 3879
539922 3879
547335 3879
548078 3879
550541 3879
550543 3879
550546 3937
550547 3879
571069 3879
571072 3879
571078 3879
571274 3937
571278 3879
348248 3879
571674 3879
571675 3879
568019 3937
572076 3879
563855 3879
572419 3879
572425 3879
496092 3879
572005 3879
651688 3879
667390 3879
667203 3879
668906 3937
751032 2142
756440 3879
571677 3879
756441 3879
477009 2096
571289 3879
489658 3879
831138 3879
837863 3879
838015 3879
571290 3879
125579 1318
43920 1318
154041 1318
44125 1318
160465 1318
163183 1318
163225 1318
44478 1318
44488 1318
234953 1318
265245 1318
510677 1296
45649 1318
557500 1318
580159 1318
577196 1318
586768 1318
3601 262
7206 195
4037 402
11838 1919
13680 343
24532 195
36136 2749
1789 195
38914 195
39117 195
48818 195
41294 195
4399 195
1846 274
24871 195
79237 195
42294 931
122900 195
122955 274
123103 274
123124 195
123233 195
227016 195
275873 195
226443 195
384104 195
384105 195
451949 195
451952 195
451954 195
451955 195
451957 195
451958 195
29424 2248
36258 2134
88858 2134
95162 2134
96986 526
152570 2134
181944 583
195803 526
242715 2134
257826 2134
257827 2134
257828 2137
257829 2136
257830 2134
257831 2137
257832 2135
270833 2134
276979 3453
389569 2134
389533 2138
463793 1157
72749 2134
477054 3651
477056 3651
520207 2134
524582 2139
531672 2134
383225 2134
270836 2134
631209 2134
631210 2136
631211 2139
25767 2137
631220 2134
631222 2134
631223 2136
477243 2134
631226 2134
631228 2134
631231 2134
631232 2134
631236 2134
110095 2134
631241 2134
631243 2134
631244 2134
631249 2134
631251 2134
631252 2134
631253 2138
631254 2134
631255 2134
631268 2134
631271 2134
631272 2134
631279 2134
631292 2135
631297 2134
631298 2134
631300 2134
631301 2134
631309 2134
311 341
10279 0
26369 339
26376 597
11567 0
4099 2032
17764 0
33975 0
21094 0
10662 0
63639 0
79172 0
42284 0
132004 0
101009 823
199458 0
216417 0
51029 0
248915 0
248932 0
248933 682
248697 0
54603 0
389244 0
217339 3839
647572 0
647582 0
3584 290
25096 286
25100 286
25109 286
25190 286
25206 286
25218 286
25271 286
15769 286
15771 286
25328 286
25346 286
15784 286
13631 286
30690 286
17383 1347
17555 286
53472 286
48971 1736
58735 286
53494 286
129470 286
129472 286
130829 286
129027 286
133900 286
137343 286
137649 286
137655 286
137681 286
137344 286
137693 2230
137150 286
138892 286
137346 286
132176 286
137348 286
129336 286
137376 286
137377 286
137378 286
137382 286
137407 286
137416 286
137421 286
25382 286
137426 286
137433 286
137434 286
137436 286
137449 286
174016 2065
207290 4109
266774 286
137697 450
293765 286
293766 286
299719 286
388524 286
388532 286
137457 2230
137464 286
18552 360
38127 2246
48951 378
84979 360
122092 360
129918 360
98346 566
178711 360
207739 360
216339 360
217175 360
215670 360
113509 360
288119 360
297218 360
363015 360
363040 360
346011 360
382158 360
109012 360
452647 1505
249103 360
462778 360
467562 360
482027 360
536895 272
641092 360
442956 360
649951 360
649952 360
649954 360
649955 360
649956 360
649957 360
381915 360
512392 360
649958 360
649959 360
649960 360
649961 360
649962 360
649963 360
649964 360
649965 360
649966 360
460760 360
441344 360
649967 360
649968 360
649969 360
649970 360
715120 360
715121 360
715122 360
715123 360
715125 360
715126 360
715127 360
754872 360
858133 360
3115 707
420 915
5866 889
25878 2438
1549 1981
33707 2838
34251 705
34469 705
34489 2931
57692 705
46739 3392
58537 3399
58926 2519
95802 676
67543 1371
144307 3324
151238 705
101549 2604
181063 1981
181077 3392
244748 705
244774 705
243998 895
45121 1981
246070 705
300681 705
314506 889
314508 889
324682 705
29936 2216
94953 2231
148059 2231
204011 1002
204018 2231
204777 1522
204778 1002
209222 1002
209232 1002
263888 2226
365231 2225
394595 1576
481436 1576
539782 1002
633170 1005
633188 1002
637615 2227
637631 2219
637633 2231
637825 1002
637897 1002
637898 1002
377089 1002
640593 2219
25820 1995
25843 1061
25959 2452
52443 1061
90650 1061
93936 1068
34835 1068
143903 1061
143348 584
144454 1061
142517 1061
142530 3844
34957 1061
143017 1061
148122 1061
152479 1061
151359 1061
228053 2930
186816 1085
234272 1061
243633 1061
256250 1061
263036 1061
263104 1061
286601 1061
106958 1061
286613 1061
286619 1061
286621 1061
286625 1061
286629 1061
286638 1061
286644 1061
286674 1061
286677 1061
286683 1061
286687 1061
286706 1061
286710 1061
286719 1061
286721 1061
286727 1061
286729 1061
286739 1064
286743 1061
288343 1061
334564 1061
9635 1460
11839 1920
33485 1129
34728 2423
117976 1129
144322 1129
145573 1129
239445 1129
140984 1129
284607 2423
287386 1129
296604 1129
326351 1129
334713 1129
264139 1129
360974 1129
393454 1129
405906 1129
393902 3319
562035 367
834713 367
26169 1368
33585 2730
34147 1368
57696 1368
84529 1368
95697 1368
126261 1368
91473 1368
101884 1368
230301 1368
256270 1368
286125 4226
325929 1368
331300 1368
342117 549
460153 1368
25889 712
16423 2472
990 1905
36746 1937
34664 722
50369 1223
51832 712
59108 711
85996 712
91008 712
42939 2426
95757 712
114543 712
95760 1383
95761 712
114557 712
114564 549
114578 712
132599 712
142633 712
106261 549
256835 549
280396 714
291767 889
56206 2759
341617 549
345556 549
394814 549
506167 549
459 1335
11539 1850
16658 1276
1345 1277
95445 1277
127815 1276
127836 1276
127842 1276
127868 1277
127872 1277
127883 1335
127898 1277
127917 1276
127919 1276
95455 1277
98031 1276
73630 1335
148216 1277
154782 1277
158622 1277
170964 1277
170969 1276
170993 1277
170994 1277
171064 1277
171090 1335
171095 1277
171104 1277
171109 1276
160998 1335
171142 1277
171166 1335
171174 3974
171198 1276
171199 1276
171202 1277
171206 1277
171214 1277
171224 1277
171248 1335
171252 1277
170011 1276
203471 1277
105208 1277
215301 1277
215609 1277
290801 1277
290812 1276
313193 1335
313195 1277
480888 1277
496153 1277
496188 1277
496213 1276
496216 1277
171318 1277
537324 1277
802076 1277
207 1518
7452 1518
5817 1966
27801 1518
38820 1518
24862 1518
95222 1518
78659 1518
141633 1075
141268 905
144019 1518
144038 1518
188340 1518
189544 1518
189547 1518
189552 1518
189558 1518
189562 1518
103745 1518
189572 1518
189576 1518
189580 1518
189582 1518
189583 1518
128994 1518
189589 1518
189593 1518
189600 1518
189601 1518
189614 1518
189616 1518
189618 1518
33226 1518
189629 1518
189640 1518
189649 1518
189651 1518
189654 1518
189664 1518
189673 1518
189687 1518
189694 1518
189695 1518
189696 1518
189707 1518
189708 2243
189709 1518
189710 1518
189719 1518
189729 1518
189734 1518
189736 1518
189737 1518
623829 1518
30380 2185
67535 2182
148292 2184
185275 1741
222761 2178
235204 2185
260363 2178
261491 2185
261503 2187
261510 2185
261516 134
261517 3935
261520 2184
261521 4278
64850 2182
261528 2182
268409 4278
305683 2185
378397 134
378530 2185
422643 2182
305793 2185
430648 134
451800 134
468031 2185
468033 2184
468034 2183
109232 134
468051 134
490254 3309
525167 2142
533459 2182
567966 134
540465 2179
571257 2179
479037 2182
292726 2182
572568 2184
507152 4278
651358 2179
64891 2185
663933 2182
663935 2179
663937 2178
663938 2184
663939 2179
663940 2179
663942 2185
663944 2179
663947 2179
540468 2185
663948 2185
663949 2182
572588 134
687337 4278
687262 134
687282 2187
661400 2179
691886 2182
691888 2187
687324 2142
691889 2179
531 1688
14260 1689
20055 2621
38654 1492
41203 2626
135702 2626
135770 354
100651 1717
26908 354
194524 354
204005 354
204162 354
204170 1688
205691 354
205695 354
211380 1688
211383 354
209768 2626
274716 1492
280003 1688
298193 2309
302139 1688
305762 954
211394 2736
637717 2621
642400 2344
29899 760
12643 501
37677 501
50821 820
65741 501
65909 501
73623 501
282185 501
443044 501
33486 1418
33640 1319
33745 2847
34202 668
34771 553
82939 1418
139653 1418
284267 1418
107108 1418
107444 1418
107447 1418
311855 1418
311860 1418
311865 1418
295228 1418
333397 1418
18876 2226
74697 1005
62777 2219
26667 2084
103955 1005
203737 1005
204029 2225
200321 1005
200336 2226
209402 839
217409 2227
217413 1005
543715 1005
564897 2231
197276 1005
637895 1005
640345 1005
640595 2084
686321 1005
99115 1401
156225 1401
159137 1401
163975 1401
162439 1401
172561 1859
44731 1401
232490 1401
45050 1401
235011 1401
45070 1320
45072 1401
234877 2793
45083 1401
45407 1401
494462 1401
494464 1401
265404 1401
560 1511
57083 1511
91234 1511
308427 1511
634335 1511
58853 2496
43134 2496
100467 2496
107036 2496
107080 2496
291969 2496
313360 2496
362310 2496
149961 2177
170104 997
181980 4019
186558 2177
421962 997
564010 3932
567763 997
567765 3932
567769 997
567770 997
567771 3932
567773 2177
567775 997
567776 3932
567777 3932
567778 2177
567779 997
609596 997
609601 997
567781 2177
615288 2177
615296 2177
615306 2177
669996 997
701927 3932
701928 997
701929 997
701930 997
701931 997
701932 997
701933 3932
701934 997
701935 3932
701937 997
701939 997
701940 3932
701942 997
701943 3932
701944 997
701945 997
701946 997
701947 997
701948 997
701950 997
701951 997
701953 997
795218 997
835336 997
836741 997
836815 997
836818 997
836820 997
563211 997
878283 997
846847 997
910053 997
12475 1802
601 1958
34090 1140
34696 2854
34703 1054
41363 1962
114012 1140
127913 1140
120573 1140
82924 1140
98617 1140
99569 1140
142798 1140
143302 1085
140798 1140
144768 1140
241394 1140
268453 1284
294061 1140
324007 1140
324018 1140
335824 1881
335825 1140
335829 1054
335833 1140
335834 1802
335836 1140
7871 1160
3203 1544
31550 1160
40803 1160
75142 1160
68144 1160
85743 1160
86013 1160
42593 1160
42733 1160
121111 1160
127236 1537
141227 1160
146000 2659
146016 1160
62437 1160
146024 1160
146042 1160
146064 1160
146092 1160
146115 1160
146143 1160
43729 1160
43738 1160
43742 1160
146371 1160
43744 1160
146385 1160
146431 1160
146444 1160
146464 1160
146465 1160
43757 2588
146539 1160
146559 1160
146561 1160
43763 1160
146581 1160
146593 1160
146601 1160
146620 1160
146642 1160
146718 1160
146777 1160
146817 1160
146832 1160
43788 1160
146840 1160
146875 970
100440 1160
146951 1160
146965 1160
146980 1160
43812 1160
147024 1160
43818 1160
147092 1160
147109 1160
7273 1646
7515 1642
131425 1646
133215 1647
53976 1646
179238 1649
179239 1647
179251 1644
179258 1560
44723 1646
185196 1652
201151 1642
198054 1644
201163 1560
204202 1641
204225 1560
204236 1642
179273 1642
204248 1560
204256 1642
179274 1642
204259 1560
204265 1642
204276 1646
204281 1644
209225 1642
206169 1652
211234 1641
212301 1560
212303 1647
245063 1647
306217 1642
306231 1642
306233 1642
306240 1646
45481 1642
523497 1560
45681 1647
525194 1652
533215 1642
53990 1647
534361 1687
535876 1642
539527 1651
539528 1652
539535 1652
526839 1642
481342 1644
614790 1649
614775 1642
614776 1560
622340 1642
529672 1651
622345 1641
638319 1642
638320 1642
614755 1652
640581 1642
11805 915
33578 559
33734 792
33742 2701
34045 2020
28583 559
57645 634
84526 2261
34866 1943
95632 559
143873 559
141855 1297
43498 2798
183381 559
180484 559
197665 1916
57855 1943
140877 559
239444 559
241306 559
241312 1943
241313 559
241319 559
241332 559
241333 559
241346 559
241358 559
241363 559
241364 559
241371 1943
241372 1943
241388 1943
12110 2262
48241 757
46360 1843
148348 759
383382 596
373108 757
388704 757
388733 757
388757 757
388761 1935
388762 757
388781 757
5876 1095
25976 1972
4296 1095
57712 1095
61401 1077
62385 1095
77409 2454
71690 1095
139692 1095
142052 1095
142053 1095
142054 1095
142055 1095
142057 1095
142058 1095
142060 1095
142062 1442
142065 1095
142075 1097
142077 1095
142078 1095
142080 1095
142082 1095
142085 1095
142086 1095
142089 1095
142090 1095
142092 1095
142093 1095
142094 1095
142095 1095
142096 1095
142098 1095
142099 1095
142100 1095
142102 1095
142105 1095
142107 1095
142109 1095
142112 1095
142114 1095
142116 1095
142118 1095
142119 1095
142121 2124
142123 1095
142124 1095
4259 1467
113920 1467
170072 1467
199820 1467
288083 2468
229746 1467
313277 1467
199847 4259
329105 1467
335500 1467
108711 1467
471713 1467
492158 1467
148566 2184
185267 2185
261499 2187
261501 2182
261512 2184
261519 2181
261522 2187
261526 2182
268408 2178
64853 2185
305732 2182
378537 2181
468040 2182
261530 2182
488051 2187
572556 134
572565 2178
426750 2182
67390 2182
572591 2187
261537 134
691880 2182
711381 2182
379055 2182
759888 2184
687223 2182
691891 2187
105802 1959
239511 324
239515 2213
263823 324
263827 324
263830 324
274216 1959
274221 324
274229 324
274236 324
274242 2251
274245 324
274251 324
274252 2251
274255 324
274258 324
274259 1959
274260 2251
274261 324
274265 324
274268 2251
274272 324
274276 324
274279 1959
274283 324
274284 324
9579 1715
5881 1808
15887 2191
33783 634
34271 2801
34545 2702
34695 634
34789 3440
56221 634
91060 634
82912 2704
95211 2929
43462 634
142197 634
53195 1091
142724 634
212897 634
212901 634
212902 634
212906 634
212910 634
212917 634
212923 1715
104735 634
212934 634
104737 1715
34784 2424
135028 3793
43348 764
98890 764
98911 3793
99168 764
99288 3793
43603 764
100099 3793
101470 764
176007 764
102917 1262
102922 764
102930 1455
102931 764
181106 764
102951 764
181123 1455
102969 764
102977 764
102981 764
213720 764
215217 764
298954 1141
124651 764
163778 3793
437371 764
531316 764
531317 764
531319 1309
554049 764
348922 764
559972 3793
583834 764
588296 764
559977 764
5791 1078
29567 2668
1120 2692
33694 1073
33902 555
34088 1073
34122 557
34269 2842
34270 2448
34522 1073
56836 639
57759 1337
58828 1073
58568 1236
95139 1073
34850 1073
143405 1073
173195 1046
227771 1073
244197 1073
335395 1073
506516 2924
307410 3462
307417 3462
307424 3462
543029 3462
379046 3462
722903 3462
29966 1756
35620 413
35622 2736
49265 1492
38828 2649
40364 413
69673 1492
43247 413
97109 413
97115 1689
97206 413
97870 1523
137203 413
202699 413
202700 413
202711 2343
202731 2649
181261 413
205649 412
205658 413
211266 413
208997 413
209010 413
223973 413
105431 413
105432 2344
224720 413
224721 413
79388 413
224738 413
224760 413
305983 413
305984 1756
306017 2649
306400 413
306409 412
306419 1756
366888 1421
366900 413
383390 413
754513 413
111 461
14935 1806
800 2393
36599 461
33612 2547
37737 461
3658 3081
41350 3354
3482 461
42925 2393
124902 461
120551 2822
95608 461
120636 461
140345 3652
161315 2393
185203 461
230230 3655
232197 461
259703 461
234462 461
280728 461
280739 461
280746 461
280750 461
280767 461
280778 461
280790 461
280795 461
124304 1806
280796 461
280809 461
280827 461
280838 461
282241 1806
282244 461
282245 1806
282247 461
282250 461
282251 461
282252 461
282263 461
282267 2393
282273 461
282292 461
282294 461
282297 461
282298 461
112900 461
33471 2791
34284 714
38252 498
38683 714
41414 1229
57135 2795
61912 714
71854 714
84024 915
42823 714
95188 1361
91427 714
4725 714
105693 714
105699 714
35092 714
291122 714
296476 714
336006 714
341162 714
340426 714
67564 2947
344960 1977
449064 2947
244878 714
564688 714
600600 714
660881 714
574297 714
660882 714
13297 939
56502 939
74327 939
95682 939
99792 939
155660 939
163348 939
102310 941
102947 1333
207789 939
213728 939
215393 939
271146 939
271176 939
86044 903
88643 1014
97866 1014
97867 1014
135895 2100
135901 1014
132318 1014
97872 2099
135944 1017
132342 1014
132344 1014
132345 1014
97889 1014
135987 1014
97904 1014
136057 1014
97908 1014
97909 1014
97910 1014
136073 2099
132384 1014
136131 1014
97928 1014
97931 1014
132416 1014
97942 1014
97949 2099
97977 1014
204213 1638
136315 1014
519302 2100
536070 1014
25950 701
25951 712
19834 1066
34131 639
34460 1715
56837 1152
57123 3351
57813 1152
51717 1152
58514 698
34785 702
58541 1066
56511 904
59243 1152
83016 2540
131234 678
139755 1152
119665 1066
143820 1152
144235 2851
144236 1152
152655 877
177933 1066
237925 1152
239681 1152
288252 1066
286987 1152
310896 1152
325767 1066
408533 1066
134113 1296
154284 1272
154374 1296
44170 1296
158701 1296
187136 1296
167535 1296
265417 1296
43088 1272
125468 1272
96084 1727
125523 1727
43100 1727
125616 1264
43126 1272
125843 1727
125932 1727
126046 1727
43160 1727
96349 1909
43193 1727
13485 1727
129335 1727
142219 1727
142351 1727
43521 1727
99732 3407
156577 1727
156864 1727
44556 1727
183399 1727
213008 1727
259199 1727
45304 1272
328051 3894
347151 1727
347169 1727
375698 1331
337828 1727
422612 1727
431334 1727
432918 1727
433041 1727
441612 1727
461430 1727
463297 1727
514055 1264
514467 1727
517241 1727
521994 1272
540966 1727
540973 1727
540974 1727
433052 1727
541014 1727
514500 1727
591270 1727
26402 342
51868 2833
42065 1792
80976 1792
42498 1792
177922 1792
204865 1792
228405 1792
279921 1792
289711 1792
301394 1792
334104 1792
363760 1792
438178 1792
438180 1792
438181 1792
438182 1792
438183 1792
317715 1792
614365 1792
614366 1792
614367 1792
459908 1792
614368 1792
614369 1792
614371 1792
614372 1792
614374 1792
614376 1792
49838 1792
614378 1792
614379 1792
50544 1792
459909 1792
701467 1792
708544 1792
718603 1792
718607 1792
718610 1792
656860 1792
785237 1792
785240 1792
459910 1792
615882 1792
785246 1792
785247 1792
751961 1792
785248 1792
785250 1792
785241 1792
785252 1792
785253 1792
785256 1792
785258 1792
846453 1792
846460 1792
656862 1792
35875 2957
50405 2957
79179 2957
6226 2957
3686 2957
90744 2957
196932 2957
200184 2957
233545 2957
257756 2957
272241 827
297312 2957
313469 2957
347570 2957
298486 2957
347576 827
347577 2957
347578 2957
347579 2957
347581 2957
347582 2957
347584 2957
347588 2957
347590 2957
347593 827
347594 2957
347595 2957
347596 2957
347598 2957
107915 2957
347601 2957
347602 2957
347605 2957
347606 827
347609 2957
347618 2314
347620 2957
347622 2957
74087 2957
249944 2957
347626 2957
347627 2957
145914 2957
347631 2957
347632 2957
347633 2957
347634 2957
347637 2957
347638 2957
347640 2957
347642 2957
347646 2957
347649 2957
347651 2957
347652 2957
347657 2957
347658 2957
5789 890
34232 889
34440 1994
64203 889
64313 889
42578 889
152247 889
159960 889
181114 3397
44736 2441
184686 889
243278 889
243826 889
244395 889
286797 889
325949 889
1775 1062
34034 2898
34220 2831
34297 2849
34365 2849
34648 2898
57685 2898
114822 1062
95380 2831
99742 2849
100266 1062
144586 2119
310077 2898
8111 262
26000 446
26007 402
10304 402
29447 1822
4235 402
29537 402
4237 402
29576 402
36759 402
38007 402
41270 402
51661 2629
75097 402
80713 402
93262 402
90315 402
28720 402
199520 402
212536 402
216413 402
29623 402
309601 402
309602 402
309604 402
309605 402
309606 402
309608 402
309610 402
309611 402
309617 402
172972 402
309621 402
309626 402
149795 402
309627 402
309628 402
309630 402
723876 402
45833 736
30087 2145
25940 677
1737 677
33514 677
34067 2817
56844 2677
57758 1053
64239 677
34806 677
114768 677
117324 677
117385 677
139780 1053
142183 677
144593 677
107709 677
333977 677
356206 677
396610 677
396611 677
396613 677
292046 677
396614 677
27450 1029
133125 1029
6683 1242
1189 1242
43911 1242
161380 1242
161913 1242
164062 1242
271436 2183
430651 2183
468048 2183
468049 2183
507147 2189
540466 2183
572578 2178
691862 2183
694222 2183
687285 2183
8947 779
78591 779
90768 779
98559 779
182614 725
182632 779
182638 779
182641 779
182682 725
182697 779
182729 779
182733 725
182743 779
75087 869
78579 869
97372 869
147442 869
151242 869
152106 1212
172371 869
212263 4108
212270 2050
214471 869
326103 869
332641 805
337973 869
428336 869
553030 1220
646718 869
11220 1053
25829 1085
1713 1085
57671 1085
34805 2712
131039 1085
134423 1085
131228 1085
98689 1085
142128 1085
141834 1085
143292 1085
140293 1085
99573 1085
141427 1085
144548 2508
141723 1085
141729 1085
144787 1085
233619 1085
144809 1085
143747 1085
243872 1085
321809 1085
550216 1085
564127 1085
564128 1085
93237 1264
43042 1264
95973 1264
125732 1264
125780 1264
43138 1264
98946 1264
43534 1334
142567 3892
142568 3892
142570 1264
99581 1264
99612 1264
142614 1264
142707 1264
181583 1264
303717 1334
428028 1264
433907 3760
512925 1264
514000 1264
514030 1264
516332 1264
187272 1264
554216 3892
555182 3892
557207 1264
517102 1264
782808 3760
37779 3036
33254 1478
47956 1478
75600 3036
91359 1478
116010 1478
183841 1478
228293 1478
277645 1478
277648 1478
248050 1478
390402 1478
390404 1478
390408 1478
390410 1478
390414 1478
390416 1478
390417 1478
390421 1478
390422 1478
28816 1478
390431 1478
390436 1478
390438 1478
390442 1478
390449 1478
390451 1478
390457 1478
390463 1478
390464 1478
12197 1478
390470 1478
390471 1478
390476 1478
390478 1478
390485 1478
390497 1478
390498 1478
390499 1478
390503 1478
390509 1478
390510 1478
390515 1478
390516 1478
390519 1478
390523 1478
390525 1478
390530 1478
390532 1478
390534 1478
390535 1478
390546 1478
390554 1478
33458 2788
113812 2007
99779 2007
168184 2007
199479 2007
107188 2007
322565 1399
322567 2007
322573 1399
322576 1399
322578 2007
322583 808
322586 1399
322587 2007
322588 2007
322591 2007
322593 2007
322595 2007
322596 2007
322597 2007
3973 424
9646 424
30401 427
30487 424
31062 424
35642 1826
60941 1891
61012 1893
41554 3449
41557 135
64304 424
64332 424
73599 477
129684 424
129867 135
130135 424
130160 424
237092 424
251569 424
78678 424
356977 1827
406449 424
420761 424
439224 3789
439961 424
439962 424
439963 424
723642 467
3047 664
11177 1059
954 584
33475 584
33907 2742
34540 1059
57198 2821
57199 663
34745 2821
4382 663
57203 664
57207 3334
26596 2708
78196 584
34822 3590
113953 2822
91081 3671
115023 584
140342 3330
99845 1067
43667 2413
149627 2414
35021 3327
192777 4064
83052 1067
284176 2417
284177 3333
291275 2485
326453 2417
275129 584
343332 584
343333 1059
395265 662
405134 2708
447791 584
192899 3330
258845 3327
627948 584
25047 1048
607 813
36315 1046
33468 2790
33474 2792
34046 1897
34680 2954
50455 3248
114766 1046
139156 2430
1931 1046
98636 2010
139167 1046
43515 1046
101588 1046
170371 1046
243454 1046
259917 2954
283847 1046
275985 1046
288405 1046
323916 1046
213028 1046
345284 1046
342075 1046
277224 1046
479792 1046
479793 2954
479797 1046
479799 1046
288432 1046
288434 2718
38563 1574
96205 1574
97351 1574
138351 1574
195958 1553
104504 1574
424797 1574
7661 363
753 1659
38648 363
40947 363
41893 363
115149 363
139424 363
224903 1774
282075 363
282081 363
290908 363
472995 363
489825 363
580032 363
607377 363
640093 363
110144 363
644995 363
761127 363
533548 363
825236 363
36132 485
31990 987
43008 485
95930 987
236788 987
79399 1843
359116 485
359117 987
359121 987
359122 485
359123 987
449253 485
32193 1037
129417 1037
217991 1731
305531 3996
100 430
17348 2507
34261 1224
34420 2320
57732 3109
57733 2321
46738 937
59190 877
59132 3399
114136 2320
151419 2320
192838 2965
246318 1224
246438 2429
267310 2961
286875 2429
91554 937
237110 2320
332932 2320
332271 1894
334477 1224
347926 1224
369160 1224
397807 1224
408639 1224
433349 1224
433350 2961
440005 1224
508228 2192
576696 1224
287198 1224
673852 1224
673853 1224
673933 2320
433351 2320
269781 2187
423339 2187
572545 2187
572554 2184
261536 2182
687264 2187
572590 2187
209993 2187
64895 2187
711382 2187
781209 2187
7064 18
27479 2246
39236 18
40676 18
50953 3124
56345 18
78086 18
93467 18
101953 18
181924 18
185621 18
189342 18
189353 18
103705 18
200634 18
206464 1701
224833 18
36949 2246
270393 18
352406 2972
378811 18
400227 18
389553 18
687743 18
687744 18
687745 18
373119 18
687746 18
3082 9
3083 697
33949 1971
34164 560
34260 1902
34412 1905
34414 697
27538 697
34456 560
32431 2448
57124 561
57695 1905
57127 2422
57133 697
57157 1906
57161 697
137156 697
139640 2919
148132 1297
276335 2422
290462 697
345004 697
6543 1253
101258 1253
161903 1253
163959 1253
101345 1253
164031 1253
101761 1253
337026 1253
50985 480
127168 759
33611 1272
96079 1272
43109 1272
125996 1272
126156 1272
97049 1272
157279 1272
164609 1272
164765 1272
44589 1272
181327 1272
183706 1272
257116 4256
258876 1272
322725 1272
107920 1272
107925 1272
347062 1272
514405 1272
521984 1272
139625 1272
522047 1272
304 273
3925 439
3929 274
3267 274
8949 274
10493 274
8096 1178
510 345
667 931
26252 274
20228 1803
49760 276
37874 274
39224 274
40727 274
64584 274
28642 274
68675 274
77796 261
64764 274
21256 274
77797 274
42677 274
77798 274
122896 274
122928 274
122932 274
122946 274
122972 274
122976 274
123007 274
123043 274
123112 274
123207 274
123288 274
25931 1097
59200 711
59223 548
59279 711
91029 711
114500 711
114507 711
114521 711
114526 711
114535 711
114538 711
91360 711
114550 711
114573 711
114583 711
114588 711
114589 711
114593 711
114633 711
114638 711
114639 711
114641 711
114651 711
114657 711
114664 711
114666 3749
226 1524
95902 1244
43573 1244
155354 1244
156453 941
155836 1244
214741 1244
215366 1244
163611 1320
172488 1320
172554 1320
234838 1320
141137 1320
34384 2921
41181 1524
84059 825
90482 2244
113825 2348
93123 1685
95700 1316
132205 3032
97841 1685
141911 1685
140319 2244
9598 3526
190636 1524
210969 1685
200605 1685
210993 2212
244094 2017
262109 1524
263701 1685
263721 825
263750 2017
298254 2195
45357 2616
340191 1524
82409 825
551552 2017
718965 2068
621 1530
15709 2069
30757 1462
731 1530
37908 1462
38842 1591
50870 1530
50914 1579
50992 1530
53555 1530
4428 3447
64288 1530
83347 1530
132184 2071
136823 1530
181863 1579
103017 1530
192675 1530
192678 1530
192679 1530
192683 1530
192701 1530
227757 1591
252540 2638
252591 2639
252612 1530
254638 2557
268280 1530
303708 2557
358741 272
358411 1530
388673 1579
388674 2099
389327 1579
391179 1530
398380 3225
460428 1530
484451 1579
626781 1530
666878 1530
33590 1894
34089 1894
66130 1894
130470 1894
148169 1894
100884 1894
158625 1894
101561 1894
187061 1894
155850 1894
44904 1780
272189 1894
322643 1894
107705 1894
332272 1894
332275 1894
332282 1894
332287 1894
332290 1894
546525 1894
737230 1894
829626 1894
163743 1927
214283 1927
34631 2947
34635 712
34712 2671
4430 2448
68437 2448
114627 631
325986 631
344943 631
344944 1362
344945 631
344948 1362
344949 631
344951 4472
344953 1362
344961 631
428137 631
11538 723
24540 873
1432 917
4264 723
31605 1195
41087 2325
64167 906
64283 723
64299 2329
82901 3653
95834 2325
100324 872
151363 723
151388 723
100984 2325
114093 723
192841 723
210381 723
170465 2872
35090 2730
284094 1195
306910 723
465215 723
275994 2324
798760 723
96849 1728
44317 1327
159294 1728
167338 1314
234753 1263
265161 1263
265218 1263
265280 1314
265296 1728
265332 1263
265418 1728
19074 1573
194004 1573
628862 1573
185265 2178
261502 134
571343 2184
572581 2178
572599 2178
233881 2184
537563 2182
650594 134
663951 2182
956 346
1087 748
38342 346
38886 346
93417 346
101906 346
181902 346
181910 346
181916 346
28749 346
181925 346
181936 346
253600 346
311803 346
311807 346
311809 346
311814 346
340378 346
401515 346
725032 346
2304 912
12617 562
34435 2442
34477 562
58524 2449
141614 562
142416 562
144384 562
243918 562
284843 562
285043 3012
3019 647
3028 655
3075 692
28145 649
15914 642
36229 642
38756 695
56789 3325
56797 696
56975 655
56912 655
56597 655
56989 642
56993 3325
56994 643
56997 654
58133 3224
58156 642
58174 642
58197 3325
58208 642
58230 694
58276 642
58342 642
21104 642
58345 642
57007 689
251419 3336
203221 642
251441 649
251456 642
251482 649
251484 649
251497 642
261329 696
106449 3325
366601 654
395110 643
395901 649
396390 642
396310 3326
396416 642
396418 649
396384 694
396396 654
318043 642
754346 642
5822 1971
3652 712
144335 712
9749 915
34713 915
37447 1195
114932 872
34875 915
114082 2785
132022 872
142551 872
145731 2330
151382 872
179505 3354
276105 872
477557 866
505056 866
17925 2523
50409 2523
90264 818
172992 2523
178016 2523
217061 2523
242746 4212
263132 2523
113327 2523
283082 2523
295136 2523
296580 2523
356924 2523
362083 2523
382164 2523
382167 2523
382169 2523
382170 2523
382171 2523
382172 2523
382174 2523
382175 2523
382176 2523
382178 2523
382179 2523
382183 2523
382185 2523
382187 2523
382188 2523
382191 2523
382196 2523
382200 2523
382204 2523
382206 2523
382207 2523
382208 2523
382209 2523
382211 2523
382212 2523
382213 2523
382214 2523
382215 2523
382217 2523
382219 2523
139463 2523
382223 2523
382225 2523
3537 154
10029 154
53618 154
21229 1424
143584 1133
215212 2348
263684 154
263740 1316
270363 154
295354 1427
375979 154
391344 154
143689 3385
656377 1133
139893 2245
42 582
362 261
3602 790
11090 343
8127 262
380 262
7837 261
3964 261
9619 262
3223 343
11536 264
11829 1918
11849 262
11860 262
11864 752
15861 276
30163 343
26220 262
24526 262
26274 262
24715 262
14319 262
31489 262
18800 852
36768 262
12390 343
31949 343
28591 262
39847 343
40373 262
89956 262
42917 421
40127 476
33804 640
34095 2804
34740 1069
34743 1995
56860 2441
56865 2853
34779 640
41610 1970
114795 640
152066 640
152074 640
152118 3897
144971 640
193714 640
104791 2912
234012 640
263121 640
324987 640
399724 640
399726 3365
370577 640
204651 371
224542 817
122622 1998
440374 817
3277 917
15841 917
1428 917
1559 2721
49941 917
71810 917
77912 1124
124911 917
91405 917
126826 917
144730 917
1951 917
178460 917
35025 917
198142 917
213319 917
210340 917
217427 917
233593 917
233599 917
9815 917
233615 917
233618 917
233620 917
233631 917
233639 917
233641 917
233642 917
15747 995
91317 4073
38961 2747
138974 1173
9055 1173
148468 1173
209878 2747
104692 1173
231852 1173
107376 1173
368476 3311
368480 1173
368485 2747
368489 2747
368493 2747
368496 1173
520078 1173
563836 1173
641409 1173
641410 1173
641411 1173
641412 1173
659615 2747
544472 1173
5855 1333
99171 1333
102907 1333
181055 1333
102921 1333
102933 1333
102965 1256
159328 1333
6536 1335
98957 1335
148825 3721
149027 1335
154067 1335
100792 1335
154486 1335
154489 1335
154591 1335
170901 1335
170921 1335
170934 1335
170937 1335
170953 1335
170977 1335
170983 1335
170988 1335
170990 2017
171023 1335
101463 1335
171099 1335
171130 1335
171134 1335
171165 1335
171239 1335
171259 1335
171273 1335
599934 1335
637711 1632
7363 1647
135748 1647
201155 1647
198057 1647
202727 1647
44840 1647
204257 1647
211763 2312
211238 1644
204283 1647
212325 1647
306253 1647
360164 1641
523183 1644
534378 1647
635886 2233
638299 1647
635568 1647
4008 1824
33841 2861
52176 1824
98084 1824
141277 3661
100453 1824
101782 1824
242043 2165
243234 1824
327186 1824
328770 1824
321355 1824
4900 1824
342102 2932
243310 1824
392125 1824
558522 1824
558531 1824
558537 1824
56366 2931
41460 1066
64312 1066
141637 1066
151299 1066
35106 4354
288249 1066
62480 1066
11761 1907
99097 1907
99600 3355
99702 1907
105793 1907
237263 1907
106036 2826
276505 1907
108013 1907
427350 1907
35513 2659
21035 2659
40442 3201
84380 2659
95860 2659
95981 2130
137592 2659
137593 2659
146038 2659
177818 2659
177377 2659
21532 2659
236218 2659
143069 2659
261221 2659
140988 2659
306704 2659
26144 1811
282468 2659
350501 2659
356241 2659
13175 2659
377332 2659
445244 2659
458393 2659
512982 2659
512983 2659
236250 2659
512993 2659
512994 2659
512996 2659
512998 2659
236251 2659
236252 2659
513001 2659
513002 2659
513004 2659
513007 2659
513008 2659
513009 2659
540721 962
540722 2659
540724 2659
25591 778
6034 394
12504 344
565 344
566 342
26374 344
26375 344
7881 340
26387 1778
30183 344
30720 1738
14371 344
14746 340
57596 344
57788 1980
94432 344
137556 344
192995 344
227829 344
227393 340
227565 340
228064 344
228262 344
227407 340
193391 344
281416 344
134522 264
105300 396
253619 996
106266 1007
261030 396
381126 396
475040 205
616359 2219
681717 396
13629 470
67453 470
135826 1409
179930 470
260536 470
268232 470
274460 1409
314329 2951
327930 1409
329241 2951
174052 1409
348442 470
376051 470
174060 1409
430723 470
437050 470
441171 2630
487056 4685
487058 470
487060 470
526243 4685
174080 1409
430509 470
464907 470
639392 1409
356628 470
548176 470
663705 470
677603 470
690352 470
768933 470
781401 470
30960 588
33162 588
37926 592
10652 588
50327 588
50333 1449
50339 588
50340 591
50348 591
50350 588
50353 588
50355 588
50359 588
50360 588
50371 588
50374 588
50376 588
50380 588
50386 588
50389 588
50391 588
50392 588
50394 588
50401 588
50404 591
50412 588
50415 588
50423 588
50431 588
50433 588
50515 588
50526 592
32983 692
56976 654
56593 694
56980 694
56986 689
56802 3325
58169 696
58258 643
58304 694
58335 694
58341 694
58365 695
93619 694
135061 649
251423 694
251465 649
251472 643
395181 694
396409 694
396377 693
396385 694
398765 694
398522 694
398524 694
154813 1328
165010 1328
170007 1330
172543 1328
45553 1330
583515 1327
592870 1328
592872 1328
592873 1328
592874 1328
592875 1328
592876 1328
592877 1328
592878 1328
592880 1328
592881 1328
592882 1328
592886 1328
592888 1328
592890 1327
28274 2065
19426 2594
20225 2594
73664 2065
98632 2065
191773 2065
188621 2065
188663 2065
188721 2594
188735 2065
235402 2065
259558 2065
262478 2065
275168 2065
275177 2065
107346 2065
305709 1719
383702 2065
388962 2065
464053 2065
464332 2065
479490 2065
275208 2065
697870 2065
695361 2065
697871 2065
697872 2065
697873 2065
621240 2065
697875 2065
697876 2065
697877 2065
697878 2065
697879 2065
538611 2065
697883 2065
697884 2065
450687 2065
697886 2065
9624 1041
13909 318
33386 318
53718 318
90273 318
117351 452
96469 318
96650 318
135429 452
177429 745
104891 318
228127 318
228129 318
228130 318
228132 318
228135 318
289852 452
449265 318
303003 318
449285 452
308415 318
538628 318
790716 318
11629 1424
102843 1135
260632 1430
276549 321
276551 321
276558 321
276600 1796
276614 321
276618 321
305734 528
305772 528
33868 2873
34277 2911
119120 556
95610 556
43132 556
43250 556
98681 556
99790 556
100271 556
139138 556
278070 556
300743 556
324107 556
192890 556
233876 556
334157 556
56909 3062
56985 658
57003 643
58079 643
58162 643
58081 649
58212 650
58331 643
58361 3325
58384 643
251428 643
251468 643
251493 643
371523 643
395791 643
398944 643
477205 859
633338 859
56456 1091
83562 1091
78239 1091
114274 1091
139612 2929
43452 1091
174012 2016
83050 1091
229162 1091
230115 1091
249777 2929
248895 1222
263048 1091
330646 2857
154244 1246
100859 1246
168567 1246
215821 1246
155136 1246
406856 1246
406881 1246
472281 1246
361 276
9843 798
9880 343
11206 343
562 771
30702 343
26264 861
788 343
33396 343
21031 3005
38246 572
79317 572
94650 572
100547 572
4818 572
281649 572
150612 572
405961 572
405965 572
409950 3134
109707 572
571330 572
571672 572
939031 572
939032 572
939033 572
6206 799
499 1483
11651 1482
15820 1684
10311 1481
32042 2266
81335 799
122445 799
31764 2737
182820 799
183777 1481
183805 1481
183824 2420
183825 1238
183828 599
183839 799
183868 455
183872 799
183877 799
183895 1238
183896 799
183900 1479
183909 2737
183950 799
183992 799
183996 455
183997 799
184017 1185
184025 799
184030 1480
184041 599
184042 799
184071 799
613909 1180
6030 1428
10036 2212
41026 2616
85475 825
90479 825
90483 825
90487 825
130044 1427
140173 825
177861 1426
210992 2348
231266 825
106545 2348
263739 3526
301889 825
340204 825
340219 1427
340221 1426
468344 825
468282 868
11483 870
40033 3016
55417 3016
51498 3016
41552 3016
114041 930
122864 3016
120632 930
114999 930
152293 930
212609 3016
224787 930
105735 870
57862 2403
297670 930
325482 930
356321 930
356322 930
356331 930
356336 930
356338 4238
108001 930
180941 930
356350 930
575154 930
665185 930
337772 930
748182 930
6151 1217
43092 1212
43776 1212
152107 1212
230538 1212
115511 2533
303715 1212
303722 2607
487945 1217
514829 1212
514834 1212
514870 1212
514875 1212
514877 1212
514893 1212
573615 1212
573618 1212
1604 2308
38420 1879
53577 1879
57806 1879
43633 1879
34996 1879
162129 1879
102833 1809
212676 3482
230351 1879
243307 3898
245165 1879
240783 1879
245525 3482
192394 1879
244246 2319
243115 3482
283684 1879
330601 1879
340091 1879
192892 1879
364920 1879
364921 1879
391253 1879
398061 1879
440303 2478
448932 3482
476925 1234
498850 1879
498974 1879
551556 1879
611209 1879
567714 1879
644420 1879
644424 1879
670315 1879
286820 1879
685613 1879
25823 1190
56508 1840
113494 2057
104466 1190
57861 2680
246002 2828
247794 1237
255351 2057
255411 2057
275951 1190
301562 2057
312963 2828
287068 1190
503916 1237
73707 2057
503921 2057
144348 1237
126802 383
72412 2067
132647 2067
132755 1015
252488 1027
252498 2070
252516 2070
252518 2067
252523 2069
252527 2069
252538 1027
252539 2639
252541 2070
252548 2067
252552 2069
252563 1591
106142 1027
252569 272
252574 2067
252576 1027
252580 1591
252584 1027
252587 1027
252600 2069
252603 2067
252624 2067
252632 2067
252635 2067
256475 2639
281085 2067
440063 2071
530480 2071
679211 2067
679247 2067
679339 2067
303 271
8793 271
10575 1189
13643 1777
11515 271
11959 271
15807 271
13654 2056
7933 276
40599 271
47152 271
51004 271
82347 271
82349 2956
228369 778
242112 271
241194 2305
241199 271
250939 2056
66169 271
250948 271
250950 271
250951 2056
250952 271
250953 271
250954 271
250957 271
250959 271
250960 271
535871 2305
250964 271
367393 2305
30567 450
132543 450
174542 450
227072 450
90322 1556
239418 450
260855 450
264231 450
271841 450
2060 450
239419 450
434414 450
458026 1683
239420 450
504718 450
448517 450
504719 450
504721 2222
504722 450
656445 450
656488 450
681883 450
681884 450
681885 450
681887 450
681888 450
681889 450
681892 450
681893 450
681895 450
681898 450
681899 450
681900 450
681901 450
681902 450
681903 450
681904 450
681906 450
685947 450
10482 6
7290 206
97905 464
148714 464
182312 464
308955 464
308957 464
564531 464
33763 2851
114584 2851
239139 2680
243956 895
244003 2472
426769 898
25895 1097
34238 1068
142074 1097
142087 1097
144106 564
142505 2013
142560 1097
142578 1097
99656 1097
142674 1097
145866 1097
34987 1097
152056 1097
140833 1097
283579 1068
288624 1097
288626 1097
288630 1097
288632 1068
288640 1097
288644 1097
288645 1097
288646 1097
288651 1097
142936 1097
288660 1097
6507 1261
97778 1262
97974 1262
100010 1256
100167 1261
43937 1261
156586 1261
156635 1261
155012 1261
101140 1261
101153 1261
44360 1261
101194 1261
181064 1261
102927 1261
102949 1261
181122 1256
181135 1261
268181 1256
106529 1261
811 1657
1249 406
130877 406
205501 406
296444 406
305660 2778
537629 406
637726 406
721403 406
13669 421
93971 421
73675 421
137973 421
178314 421
104225 421
210960 421
105954 421
250488 421
252484 421
262993 421
262997 421
262999 421
268339 421
106729 421
312547 421
368502 421
369019 421
421330 421
439019 421
451665 421
468721 421
468722 421
468724 421
468725 421
468726 421
468727 421
468729 421
468733 421
519347 421
535848 421
541134 421
573577 421
634236 421
791733 421
791736 421
800109 421
35583 566
49244 566
55145 566
75883 566
115182 566
266861 566
296286 566
352366 566
352370 566
352371 566
352390 566
352392 566
352395 566
352400 566
352401 566
352402 566
352405 566
352415 566
352416 566
356176 566
356180 566
356184 566
747847 566
40781 1993
56866 1372
57497 1372
58578 2794
71968 1069
98660 2851
140324 1293
142484 2447
99700 1372
144583 1372
151315 2851
233845 1993
243156 3719
244742 2851
244757 1372
106226 676
329133 1372
307514 3836
185249 134
215268 2142
261524 2184
292712 134
572553 134
631933 134
687274 134
716424 134
34633 891
101438 3229
106125 546
107031 546
291903 546
107151 546
292010 546
292027 546
107242 1228
2986 624
2994 625
2999 11
3020 625
3050 645
3061 678
3064 625
344 625
3080 679
3104 650
28179 625
3140 624
31600 625
38338 625
56799 690
56946 625
3141 624
56296 679
56926 625
56911 703
57955 625
57957 625
56915 647
56917 647
56918 647
58397 650
35968 625
58453 625
58455 625
58459 625
58469 625
57977 2246
57985 625
57987 625
57989 625
399357 625
25836 2402
33961 668
39480 668
57734 668
95145 668
95375 1356
82963 668
91506 668
337071 668
336445 668
95180 877
133367 2910
133551 2721
143243 877
151132 2721
152115 1784
9813 3720
104783 877
217765 877
229055 877
186822 877
301930 877
328167 877
332930 877
332931 877
334669 877
72654 877
347935 877
112822 1767
114851 793
97640 1063
140287 3448
140460 3303
144241 2674
44729 496
227972 496
227975 1063
229067 2742
245564 1063
310186 496
320947 1063
381514 3447
445267 2674
459494 1063
479552 3448
546138 3658
29608 1139
151222 1139
213017 2908
245167 1139
245171 1139
245176 1139
245185 1139
245189 2705
245191 1139
344759 1139
33563 1227
34457 1190
148127 1190
176335 1190
158139 1190
227174 1190
283447 1190
283468 1190
106961 1190
18745 1258
49925 1936
27548 2296
41454 2296
89222 1258
91017 1258
91069 1258
119456 2296
115937 2149
116111 2296
96916 1936
134995 1258
133272 3295
142891 2297
156346 1258
161375 3963
156513 3295
181693 1258
190087 1258
208541 3295
208544 3295
208547 1258
208548 2149
259211 2149
259212 1258
259218 4267
259233 2149
259234 1258
350573 1936
350574 1936
381605 2296
381609 2149
381612 2296
381619 1936
421236 1258
437151 1258
554925 3295
641632 1258
16433 1409
38934 1409
39189 1409
67482 1409
91781 1409
173889 1409
174013 471
174018 1409
45111 2333
174041 1889
320001 1409
174051 1409
174066 1409
174068 1409
532828 1409
532854 1409
174092 1409
174101 1409
174107 1409
143197 2017
107428 1427
340194 3034
363087 1133
559343 1427
559353 1427
3245 282
9835 848
11749 282
15904 282
15943 1449
16863 282
17344 282
17461 282
18709 282
20373 2260
20711 282
20982 282
25749 282
38205 282
25027 282
25028 282
60939 282
46349 1449
61729 282
61735 282
59725 282
3291 1415
125188 282
125301 282
61864 282
231725 282
271710 282
271711 1449
3398 282
286539 282
421058 282
145 431
11740 431
8868 431
12525 431
30620 431
13683 431
35508 269
36830 431
112681 431
148193 431
28747 431
185778 431
185783 431
185787 431
185790 431
185796 431
185804 431
185806 431
185809 431
185815 431
185816 431
254908 431
439138 431
3095 695
49338 695
56794 695
58121 695
58136 695
56601 695
58154 695
58080 695
58179 1764
58205 695
58237 695
58277 695
58301 695
58318 695
58320 695
58330 695
58332 695
58333 695
58334 695
57976 695
58981 695
251452 695
251479 695
251490 695
335849 695
58407 695
377451 695
396329 695
396330 695
398640 695
25133 770
32050 770
75260 770
75973 964
76119 770
76978 770
42052 770
42398 770
127978 417
128654 770
128712 770
128732 770
128758 770
128787 770
128824 770
128884 770
128924 770
128936 770
128946 770
128998 770
34662 832
84645 2421
34863 832
113868 832
91488 832
99842 832
100364 2794
143016 832
43876 832
228824 832
276336 832
303569 832
248253 832
303578 832
303580 832
91608 832
98762 3644
98865 1100
99386 942
99676 942
99844 1292
154176 942
161016 1100
343776 1100
551228 942
552966 1100
148480 998
201249 998
237811 998
67384 998
363187 998
370190 2116
379037 998
434533 998
470055 998
498503 998
539846 998
498519 998
539879 2116
539882 998
616379 998
13509 998
760918 998
667264 1745
379056 998
826500 2116
853601 998
25646 1150
6869 1150
250 1150
28414 1150
14062 1150
35815 1150
12130 1150
90415 1150
125203 1150
95818 1150
132385 1150
132485 1150
102881 1150
215263 1150
215271 1150
135125 1150
215323 1150
144484 1345
153909 1326
100839 1855
44477 1326
170566 1326
33765 1888
34112 1458
47398 1800
78842 1800
93593 1339
42839 3039
114947 2759
99001 1339
228776 1800
228909 498
228910 2628
245318 1800
256863 1800
276450 1800
297718 1800
256073 1800
87831 1545
329177 1800
310696 1800
329188 1800
329192 1800
95756 3318
177983 1339
192580 1801
152594 1801
392797 3318
665695 1801
391 911
30088 1738
3661 3267
78080 911
118145 911
118146 336
118147 911
118148 911
118149 911
118150 911
118153 911
118154 911
118158 911
118161 1738
118162 2248
118167 911
118169 911
118170 911
118174 911
118176 911
118182 911
118183 911
118184 911
118186 911
118188 911
62871 1569
185065 1738
193849 1569
258534 911
358479 336
492308 911
492395 911
257927 336
34804 1366
114179 1366
100468 1380
152123 1382
243945 1366
80997 1366
287089 1366
287124 1366
337595 1366
342143 1366
337372 1366
1732 1998
112783 1996
91870 1499
152643 1998
188255 2403
188261 1499
35017 1998
210852 1499
255431 1998
272710 1499
199846 1499
272803 1499
113783 1499
284972 1499
437511 1499
477273 1499
403631 2850
479442 1499
488960 1499
579179 1499
625510 1499
625515 1499
625525 1499
625532 1998
625458 1499
188272 1998
625459 1499
625461 1499
625463 1499
498315 1998
188274 1499
31829 1659
4385 1659
55219 1019
47726 1637
61049 1019
182090 1019
183807 1659
181232 1659
233083 1659
64746 1637
248382 1659
256013 1019
257811 1637
45257 1637
282100 1659
295510 1637
55220 1019
2062 1659
266576 1019
405849 1019
406671 1019
266579 1019
406672 1659
406674 1659
408708 1637
266580 1019
421128 1659
266581 1659
421129 1659
421130 1659
510478 1659
266589 1659
682389 1659
682390 1659
768715 1659
119527 1695
82958 1695
133655 2573
135992 1696
149756 2590
145882 1696
212278 1696
327508 1696
334365 1696
340413 1696
355976 1696
405892 1696
471345 1696
528597 1696
549411 2590
482828 1696
567955 2590
567956 2590
721591 1696
33520 2798
57779 1782
98736 2949
99751 1780
43629 1779
34959 2798
227765 1779
257494 1779
283731 2953
284592 2423
396665 2714
396675 1779
337539 1779
334351 2713
398199 2878
519970 1779
551794 1779
561040 1779
36097 2165
53584 2165
12156 2165
115132 2165
134243 2165
149045 2165
115174 2165
214330 2165
214432 2165
214459 2165
232300 378
240492 2165
259844 2165
224506 2165
259849 4119
238855 142
259857 2165
259863 2165
259865 2165
259869 2165
259871 2165
259872 2165
259873 2165
259874 2165
293825 2165
293836 2165
399407 2165
336152 2165
466404 2165
471151 4119
1095 2691
311302 2690
30255 1738
30327 1738
29501 336
29527 336
29589 336
37838 336
1956 1569
183968 336
186294 1738
212796 336
257904 1738
260079 336
267361 336
308662 336
358496 336
475648 336
492295 336
492300 336
275600 336
683258 336
621781 336
264228 336
684964 336
233061 336
684965 336
259457 336
684966 336
684967 336
684968 336
684969 336
851747 336
51527 941
96066 941
97793 941
44021 941
102953 941
164042 941
216032 941
501564 941
556618 941
646784 941
15898 1798
1176 1053
33671 1053
31585 1972
58613 1053
139775 1284
12181 1053
34946 2730
144748 1053
152047 1053
179816 1123
229064 1053
293682 1053
504200 1053
504201 1053
34188 1194
32538 3130
52329 1194
185541 2873
244140 1194
244151 1194
274683 1194
333468 1194
335085 1194
366663 4354
394806 2786
394846 1194
33681 1294
143990 1294
144772 1294
163389 1294
169548 1294
181708 1294
204472 1294
204480 1294
204488 1294
204489 1294
204497 1294
187130 1294
181140 1294
68735 1294
140905 1294
322630 1294
322632 1294
322679 1294
322698 1294
162561 1294
322849 1294
322852 1294
322935 1294
323014 1294
235053 1724
483777 1724
26107 1844
20295 1844
38609 1844
40659 1844
50086 1844
74491 3072
134804 1844
43839 1844
216287 1844
238733 1844
239944 1844
239610 1844
264886 1844
291277 2485
294880 1844
300192 753
184093 1844
344082 1844
388455 1844
83058 1844
388458 1844
388459 1844
443842 1844
475472 1844
4981 3705
665383 1844
665385 1844
665387 1844
665388 1844
665389 1844
665390 1844
665391 1844
665392 1844
388461 1844
30021 2132
139574 2725
192774 2132
190606 2132
4881 2132
306713 2132
306884 2132
306993 1305
81010 2132
307049 2132
4 9
2981 11
2985 1
2987 11
3001 11
3002 11
3010 11
3015 1
3024 9
3031 11
3045 11
3053 11
3062 11
3063 679
3066 11
3067 1
3071 11
3074 689
3093 11
3094 703
3096 11
3100 10
3117 10
3120 715
3125 11
3137 1
3139 1
3148 3866
6344 95
6730 95
142423 95
166450 95
101763 95
26350 339
26355 597
26364 597
26367 1786
26370 1787
26372 339
26373 339
26383 597
26394 339
26397 597
26400 339
26401 339
53487 339
26407 339
228213 339
228217 339
228220 339
228078 339
228022 339
227803 339
228079 339
228081 339
228082 339
388586 339
388589 339
388590 339
388591 339
569358 339
228388 339
655455 339
26411 339
5784 796
114840 1795
82945 794
82956 791
82969 791
82989 791
82998 791
83007 792
144129 791
142474 791
192801 791
192831 3335
228238 2416
242867 791
66181 791
295606 791
306559 796
332535 794
284188 791
395309 3335
484618 791
484650 791
499909 791
64191 1940
64253 2524
34974 1076
290460 2434
310757 876
325933 2434
36114 1436
37384 926
65677 1079
4709 1610
43048 1534
193378 1079
103751 1537
193668 2943
231499 1079
277997 1079
193683 1079
317736 1079
317739 1079
357342 2307
443170 3273
520910 1079
627724 1079
631466 3156
635309 1079
631411 1079
729356 1079
816728 4708
43829 3931
177248 1796
4815 1796
276544 1424
276545 1797
276547 1797
276550 1424
276560 1796
276563 1796
276564 1797
276573 1424
276581 1796
276582 1424
276587 1424
276588 1424
276590 1424
67857 1424
611740 1424
203918 1691
11537 1848
5839 1849
26178 2122
26187 1229
1340 1849
33639 1849
33648 1849
33821 2446
1825 1849
34773 2730
114762 1849
151929 1849
244173 2721
256889 1849
256890 1849
243171 1849
256892 1849
256893 1849
256896 1849
256897 1849
265406 1859
367391 1859
26484 1674
40682 2626
47501 414
82595 1877
133090 2626
133147 414
132347 1877
26876 1877
112856 1877
153110 414
153139 2227
209739 1877
209764 1877
209767 1877
209771 2626
209774 414
319607 414
64531 1877
79402 1877
530955 1877
530960 2626
530961 2626
209778 1877
586299 1877
586269 1877
209779 1877
630858 414
630862 414
377090 1877
75126 2085
37486 2085
359796 2085
396033 2085
75159 2085
539615 2085
204035 2219
29976 2129
253 2129
33551 2804
33623 2129
34593 2129
64256 2129
140416 2129
334184 2129
114049 3669
147677 3668
151722 3668
190718 3669
228095 3668
350034 3668
447308 3951
482724 3668
482725 3951
45646 3668
565601 3668
567600 3668
655915 3951
565602 3668
655916 3668
655917 3668
655918 3669
655919 3668
655921 3668
655922 3668
390321 3668
655925 3668
655926 3668
655928 3668
655930 3668
655933 3668
655935 3668
655936 3668
655937 3951
655938 3668
655939 3951
291616 3668
789958 3668
789960 3668
789962 3668
8590 381
27541 381
27550 381
27551 381
131574 381
155397 381
155408 381
155504 381
155588 381
155601 381
155613 381
155710 381
143171 381
155765 381
240678 381
381664 381
381666 381
381667 381
381671 381
381672 381
381676 381
381678 381
381682 381
381683 381
381685 381
381686 381
165619 381
381688 381
381691 381
381637 381
381697 381
381698 381
8761 451
25673 446
9665 446
17286 446
15264 385
31696 446
46321 446
46322 445
31698 385
31699 444
31700 446
31702 385
7999 444
31712 385
12666 444
31718 447
31719 444
31722 446
31730 446
31736 446
26593 446
31749 446
31753 446
348735 446
29631 446
46433 446
13624 264
12061 455
25566 752
17256 599
20503 599
38717 599
40501 455
46358 1481
89090 599
118026 1479
183780 599
183796 599
183873 1481
183922 599
183924 599
183932 1479
183945 599
184055 455
29614 599
5908 873
918 669
33773 551
47183 669
57663 669
57810 669
58558 669
56453 669
77181 669
84648 669
56229 669
53189 669
114083 2839
100110 669
150893 669
176009 3988
226242 669
303657 669
339688 669
340011 669
397442 669
397447 669
397452 669
397453 669
40560 1059
57206 664
42473 3330
121892 2822
83004 1067
151430 3652
151431 2881
190626 3262
230143 1067
230250 1067
239890 2822
258843 1067
57450 2742
326450 1067
326465 1067
326466 1067
326471 1067
326473 1067
326476 1067
326478 1067
56377 1102
105669 1102
271793 1102
327466 1102
8329 1186
14217 829
49727 1187
41530 2260
153383 1463
183052 1187
183059 2570
183064 1187
102990 3534
183074 1187
183080 1187
183082 1187
183084 1187
183095 1187
183096 1187
183099 1187
183108 1187
183118 1187
183122 1187
183124 1521
183125 1187
183126 1187
183127 2127
183132 1187
183134 1187
183140 1187
211381 1688
211387 1688
211390 1688
211392 1688
211267 1688
211270 1688
302121 2343
302123 1688
302144 1688
306339 1688
280010 1688
5888 1715
762 2424
34165 2895
34428 2814
57825 2816
114248 1715
114140 874
82971 2895
141290 2815
140585 2816
1990 1715
243126 1715
243129 1715
245371 2895
244084 2895
5962 1715
284790 1715
284635 1715
325877 1715
325880 1715
325886 2816
120621 2333
150038 2333
205650 2333
255259 2333
286949 2333
305016 2333
305396 2333
321429 2333
345299 2333
345302 2333
345303 2333
345323 2333
345416 2333
345433 2333
360499 2333
669381 2333
669386 2333
669414 2333
669418 2333
669424 2333
669429 2333
519433 2333
669435 2333
669446 2333
669447 2333
297 151
9947 149
9952 151
9967 311
9968 1438
9975 149
577 152
9987 149
9993 149
9995 149
9999 149
10003 149
38955 149
84543 149
74047 149
120904 149
113907 1807
198674 149
198715 149
198728 151
229695 149
229696 149
229697 149
229698 149
229699 149
229702 149
229703 149
402082 149
455311 149
125026 149
309 273
8836 273
3947 861
3968 273
5780 273
28163 276
12605 273
4143 276
24612 273
28580 273
24549 273
26118 273
7994 861
18602 273
37344 273
39975 273
41250 273
47184 273
113064 273
64818 273
113275 273
19857 2343
29949 2343
38900 412
96738 2215
137215 412
137220 1756
180278 412
181260 1756
222137 2343
292132 2215
305968 2344
306405 412
306426 412
366897 412
535745 1523
536649 412
653852 412
5998 746
6036 525
6042 525
12922 525
1497 745
32412 525
32456 525
38050 745
38476 746
41003 525
67301 525
93219 1136
177385 525
177387 525
177410 525
177412 1422
469554 525
469558 763
469559 3617
568 676
16397 676
33714 2678
34837 2853
95189 2678
141600 2678
142193 676
99450 676
280416 2678
107449 676
311858 676
340453 676
520010 676
533866 676
91226 1030
96380 1031
11189 1069
58536 1069
91344 1069
114948 1069
34873 2852
58622 1069
190584 1069
280535 2105
312594 1069
329120 2852
34437 2799
41594 2713
42841 2785
144092 1098
34960 1098
151355 3347
103765 2325
107613 2716
325088 2798
320961 1098
396680 1098
396682 1098
396689 2716
484953 2715
550231 3343
38297 1636
600372 1636
842620 1636
105904 2116
537630 2116
421976 2116
379050 2116
625278 2116
667359 2116
745580 2116
759853 2116
822823 2116
30629 2246
14149 2246
193621 2246
182148 2246
236080 2246
264989 2246
264991 2105
273345 2246
303321 2246
362985 2246
46782 2246
362991 2246
363002 2246
363003 2246
363006 2246
363012 2246
363014 2246
363019 2246
363028 2246
363029 2246
363043 2246
363046 2246
363051 2246
363052 2246
720192 2246
751119 2246
33941 544
34585 544
90345 2370
83008 2370
46752 2370
283985 2699
312487 2370
35129 2370
312488 2370
312489 2370
312491 2699
312492 2370
246852 2370
29454 199
260900 199
294254 199
294282 199
308744 199
308747 199
308752 199
308770 199
308772 199
618108 199
7584 417
70050 417
76157 417
76330 417
76408 417
76973 417
77128 417
89349 417
128759 417
203992 417
306145 417
30311 2077
124528 3710
277006 442
476309 442
476313 2079
372111 2079
372112 728
252736 2079
682358 442
790839 2077
931800 442
693169 2077
931802 442
372113 2077
11788 1912
13949 644
14681 689
57999 644
57214 703
58011 645
56599 689
57945 644
57217 644
57220 690
56916 644
58255 644
57222 703
56919 690
58311 650
56603 689
409 748
95153 748
133698 748
133971 748
104185 748
210149 748
254214 748
295970 748
401462 748
401469 748
401472 748
401476 748
401477 748
401479 748
401487 748
401490 748
401493 748
401498 748
401506 748
401508 748
401518 748
401523 748
401529 748
401535 748
401536 748
401537 748
401539 748
9584 865
34268 873
114071 873
114076 873
114084 873
114085 873
21385 873
192842 873
628101 873
40942 1133
133960 1133
183072 2017
103689 2616
218537 1133
263715 1133
299377 1133
356957 1133
366357 1133
431005 1133
641284 1133
11708 1213
56841 1529
99847 1213
99867 1213
156340 1213
101992 1213
212734 1914
325892 1213
354811 1213
361815 1213
298071 1213
443827 1213
454393 1213
501326 1213
513982 1213
554409 1213
558978 1213
606637 1213
972 1236
1061 1236
10626 2061
34736 2516
41139 1972
32582 2722
207814 1236
251888 2061
284794 1048
288400 1236
335248 1236
279615 1236
335265 1236
335289 1236
16284 2004
53744 2006
57511 551
58555 2603
116246 2004
133220 2004
141616 2004
183035 2004
114206 2004
199837 2004
234305 2004
291515 2830
291525 2004
291535 2004
291539 2004
291550 2004
408557 2830
38097 2486
24575 2486
76347 2486
183426 2486
240270 2486
259584 2486
401654 2486
62649 2486
167339 2486
410657 2486
410787 2486
410917 2486
410972 2486
410989 2486
411028 2486
411133 2486
21690 2486
411233 2486
411303 2486
411317 2486
411630 2486
411793 2486
124311 2486
411855 2486
411916 2486
412017 2486
412170 2486
412235 2486
412323 2486
412499 2486
475921 2486
17447 2511
27740 2512
34907 1083
140207 3327
140213 2697
140226 3876
105065 2512
243439 2512
288304 2512
316091 3824
325617 2512
276146 2699
334340 2512
345197 2512
141314 2512
545779 2512
549754 2512
549884 2512
3532 140
9718 828
9719 828
12281 140
90504 140
9725 140
90507 140
90510 140
90512 140
90514 140
43844 140
100615 140
179520 140
279859 140
279870 1449
291451 1449
377151 828
377153 829
377154 1449
377156 140
377164 140
468161 140
377165 140
468162 828
377166 829
479942 829
377171 140
13359 267
13393 267
13418 267
13460 267
156845 267
101211 267
44383 267
17227 732
1799 2872
81911 732
192873 732
105660 732
238431 732
50108 732
292895 732
315422 732
328028 732
343142 732
238860 732
64348 732
343152 732
343162 732
343167 732
343183 732
627961 732
343186 732
31090 919
43761 1532
146844 919
178231 3072
44728 1435
183097 1820
185066 919
192672 919
178252 3273
103754 919
178253 1436
178254 1436
198820 919
263084 919
446494 2043
460058 919
533209 919
566798 1532
452899 919
615444 919
372526 1868
627741 919
15242 2561
20826 923
1370 2278
56713 1175
56256 2560
93274 1177
117814 923
133481 1107
150565 923
198874 1177
206656 2279
278447 923
107316 1177
298232 2560
298234 1177
298239 2561
313382 1176
313394 2279
313403 923
313405 1107
313406 923
313420 2278
351317 923
469766 923
469934 923
570537 2280
635345 923
717560 923
726993 1176
531933 974
537628 974
305805 974
717365 974
717366 3126
219466 1737
378718 1013
378722 1013
934 2145
34018 1054
144630 1054
141453 1054
141470 1054
142034 1123
293667 1054
142049 1054
315395 1054
320934 1867
334250 1054
334259 1054
243138 1054
70445 1107
42388 1107
126849 3783
239896 1107
269625 2561
2023 1107
148651 2560
298229 2561
298230 2561
298236 2560
366099 1107
531586 1107
533945 1107
533946 1107
533947 1107
533950 1107
533951 1107
346037 1107
33869 1075
34178 1193
71473 1193
95133 1382
95341 1382
136422 1193
105684 1193
246100 1193
257589 1193
26501 2210
32257 1248
120912 1248
133550 1248
216686 1248
217043 1248
218665 1248
235334 1248
136440 2210
268841 1248
268846 1248
283132 1248
355282 1248
355284 1248
355285 1248
355292 1248
355293 1248
355294 1248
355299 1248
355300 1248
355302 1248
27104 1248
362915 1248
534084 1248
534085 1248
534095 1248
691842 1248
704641 1248
543685 1248
114 1489
19179 1488
192780 1769
192839 3658
228922 1488
271332 1488
259705 1488
568203 1488
69710 3543
132731 2303
198623 1502
198835 3543
200193 1502
281526 1502
109090 1502
624558 1502
624561 1502
624562 1502
624563 1502
624566 1502
624567 1502
624568 1502
624569 1502
624570 1502
624572 1502
624573 1502
624574 982
624576 982
624577 984
624579 1502
624583 1502
624584 1502
624585 1502
624589 1502
624593 1502
16264 1560
44721 1560
44722 1560
200657 1560
200665 1560
204235 1560
204267 1560
44920 1560
11893 1855
154539 1855
172512 1855
597332 1855
4122 430
31851 1960
38158 1407
81934 1960
145126 2256
35003 2963
101902 1960
21451 1960
185094 3578
4796 1960
245602 1960
255216 269
259319 1960
259331 1960
259333 1960
276190 2198
276762 1960
276193 1960
334662 3578
350277 3578
228584 4057
276767 1960
363217 1960
596706 1960
277407 1960
612015 1960
612018 1960
612021 1960
130654 2017
151476 2017
192805 2017
219661 2642
263673 2017
45273 2017
284202 2017
290800 2017
468423 2017
468349 2017
72802 2017
263851 2084
466942 2227
477825 2084
586296 2084
306 276
8636 276
3969 276
9667 276
564 276
666 276
687 276
714 276
24632 276
24659 276
4145 276
24724 276
15968 276
24738 276
24830 276
24831 276
3647 276
33210 276
31673 276
32070 276
77854 276
275657 276
224453 373
27518 374
433981 589
191179 758
280177 758
628583 758
764196 758
764197 758
764198 758
764199 758
177821 2568
177822 908
177824 907
177829 908
177852 908
177854 908
102853 1428
21437 907
177868 907
177874 908
177876 907
177878 908
177889 908
264633 907
264675 907
389486 907
446023 350
537565 908
537569 908
612359 908
612441 908
612449 908
612453 908
612455 908
612468 908
612469 908
612470 908
177892 907
26505 964
14946 964
15996 964
70061 3475
88746 964
26743 964
128802 964
128853 964
128962 964
175508 964
259989 964
25854 2420
18585 1076
34787 1077
114767 1076
91101 1076
114906 2449
91432 1076
143857 1076
144050 874
34937 1076
145812 1076
243243 1076
35067 1202
193726 1076
244863 1076
332124 1076
332140 1076
5833 1182
57700 2896
58936 1182
142284 3457
101820 3457
243358 1182
284414 1182
297299 1182
315509 2020
396801 1182
485523 1182
670087 1182
142466 1256
154610 1256
157063 1256
161309 1256
343482 1256
536734 1256
582614 1256
593417 1262
7596 1687
50075 1687
21282 1687
179240 1687
179260 1687
204266 1687
206137 1687
211240 1687
211248 1687
211253 1687
211256 1687
211259 1687
211262 1687
360159 1687
534221 1651
12871 1737
69963 1736
97337 1736
21369 1736
135947 1736
136062 1736
136135 1736
136182 1736
136303 1736
201252 1736
105443 1736
489361 1736
536461 1736
536462 1736
536463 1736
90306 1853
234297 1853
323942 1853
35692 1936
40458 1936
58782 1936
125613 1936
98773 1936
99799 1936
249610 2296
259219 1936
326703 1936
254941 1936
381608 1936
381611 1936
381614 1936
381616 1936
381618 2296
381621 1936
42071 839
93043 3235
42713 3235
97490 839
149189 840
216557 1679
263853 1679
263869 969
263891 2223
263892 2229
263897 3053
438407 839
438414 839
438416 1679
448508 3053
448826 3053
473863 2228
473864 3235
473866 3235
689357 3235
689414 2229
689416 2228
689417 2229
689419 969
689422 2228
689423 3235
567755 2228
25933 2421
41519 2710
62818 2421
140343 2821
99571 2421
151307 2421
245337 3921
284416 2421
284417 2421
284420 2421
284421 2710
284424 2421
284425 2421
284426 2421
313821 2421
564343 2421
275198 2528
362538 3236
224043 3236
370330 3236
434813 3236
434836 3236
363192 3236
539924 3236
539025 3236
571152 3236
610264 2528
390810 3236
756253 3236
756254 3236
756255 3236
756256 3236
710049 3236
756257 3236
756258 3236
756259 3236
756260 3236
67392 3236
756261 3236
756263 3236
891527 3236
395 264
10397 290
10438 264
12470 264
4016 264
26476 264
291 1
31756 264
85968 264
10766 264
233821 264
233822 264
128555 264
233831 264
233833 264
233835 264
233836 264
233837 264
233838 264
110587 264
11811 510
28117 510
17928 847
40702 510
52584 510
184469 510
230158 510
237688 510
151280 510
237690 510
237691 510
251225 510
251232 510
45142 510
283872 1794
303359 510
237695 510
286901 3731
230312 510
429477 510
397138 510
551062 510
570206 510
621537 510
668080 510
693119 510
245534 891
407271 3392
506533 936
6131 1068
142289 1068
34942 1068
142653 1068
141295 1068
185288 3906
244105 1068
334775 3906
474713 1068
478391 1068
44043 1269
153931 1269
155454 1269
157310 1269
155343 1269
162347 1269
385138 1269
517504 1269
593622 1269
6041 1429
59197 1184
80672 1429
91022 871
331181 1793
337765 1429
489884 3704
175 1501
7073 1501
27489 1501
1086 1501
4574 1501
69822 1501
88178 1501
188306 1501
188308 2776
188320 1501
104772 1501
274113 1501
298467 1501
310021 1501
390298 1501
403542 1501
452587 1501
452588 1501
452591 1501
452593 1501
452594 1501
452596 1501
452597 1501
452603 1501
452611 3627
452612 2776
452615 1501
452616 1501
772192 1501
114690 1546
99280 1546
234134 1546
105744 1546
325263 2930
341355 1546
341360 1546
341361 1546
341364 1546
6960 1553
7358 1553
7463 1553
13022 1553
128121 1553
103158 1553
104034 1733
104035 1733
104039 1733
195913 1553
195921 1553
195938 1553
26916 1733
206906 1733
226326 1553
19600 2601
99436 2601
105610 2826
234232 3395
242615 2601
511700 2601
30961 120
33181 2168
1448 120
35916 120
51118 120
124299 120
211080 120
217104 120
232185 2105
45310 120
310616 120
313846 120
313848 120
313850 120
313851 120
313863 120
313864 120
313867 120
299115 120
313875 120
313876 120
310664 120
3520 131
8350 131
8351 131
8355 131
8357 131
8385 131
8388 131
8391 131
8395 131
8401 131
8406 131
8418 131
8425 131
8431 131
8440 131
8442 131
8450 131
8455 131
8467 131
8475 131
8477 131
8480 131
8486 131
8488 131
8491 131
8492 131
230755 131
230897 131
15772 1033
15779 1033
11980 576
30681 576
24608 722
18177 1033
37366 576
4268 578
64241 1832
150827 578
183363 576
183370 576
214409 576
233136 576
233165 576
233168 1832
233178 576
453 596
18037 2291
18357 594
50341 596
11474 730
30746 730
55126 730
70247 730
268218 730
29621 3453
277110 730
233483 730
433109 730
433111 730
444260 730
788036 730
7263 1637
42926 1019
43461 1019
101437 1019
44749 1019
204046 1019
241418 1019
248407 1637
278806 1637
268983 1019
583229 1019
614962 1019
154296 1345
159033 1345
163280 1345
168951 1345
172689 1345
265108 1345
554281 1345
580771 1345
580773 1345
465301 1345
57576 1380
91527 1380
21538 1380
296366 1380
333927 544
130794 1523
104086 1523
219371 1523
221608 1523
136323 1523
27443 1730
29940 1730
95826 1730
26714 1730
26717 1730
130940 1730
26721 1730
129164 1730
97347 1730
129263 1730
98411 1730
136530 1730
211926 1730
472241 1730
4148 430
31606 2872
77266 1758
105789 1758
106003 2327
326751 1758
276116 1758
11984 1937
33963 1937
145374 2874
101838 2712
289310 1937
301502 1937
311960 1937
243850 1937
333787 1937
339587 1937
562770 1937
565101 1937
30526 2212
10317 2212
39088 2212
39690 2212
21239 2212
84927 158
177424 4003
263663 2212
264152 2212
263726 2212
263762 2212
263767 2212
340213 2212
348727 2245
690368 2212
33158 1671
477844 2219
637778 2219
148454 1751
483675 1744
382662 2576
539869 2576
650622 1355
469926 3104
827311 2576
827312 2576
827313 2576
827314 2576
827315 2576
827316 2576
13659 1738
29458 119
29601 403
277106 119
8576 91
6095 89
5829 341
1002 91
33897 2875
34508 322
82942 322
1905 2868
228247 341
256330 322
2013 322
62384 386
64793 386
135580 386
135583 386
135613 386
183069 3261
289568 386
537576 386
537577 386
537578 386
537579 386
174081 3261
382029 3261
537581 386
427727 386
537589 386
537590 386
135643 386
537591 386
537592 386
537594 386
537596 386
17941 414
33059 414
133847 414
198314 414
295201 414
307452 414
354624 414
354636 414
730513 414
12384 491
12980 491
12540 491
15987 491
13899 491
33363 491
36844 491
76970 491
89487 491
137051 491
152836 491
152877 491
54580 491
198319 491
212768 491
212779 491
212794 491
212437 491
229808 491
229823 491
27650 491
54444 491
3086 627
30618 627
33587 2739
58695 627
95260 627
277381 627
314111 141
326025 627
326032 627
326042 627
430187 627
430222 627
51531 794
62627 794
58618 795
82951 2420
83002 794
96045 3741
230664 794
290146 794
332494 794
345094 794
345096 794
381531 794
360504 794
472743 794
31044 827
74884 827
89905 827
90632 827
122945 827
97757 827
130585 827
130587 827
150094 827
257151 827
347583 827
347591 827
368096 827
458006 827
530826 827
530823 827
561018 827
314010 1587
682804 1587
682806 827
743160 827
743153 827
42381 727
252532 1027
252558 2069
252578 1027
252583 1027
64281 1157
77356 1157
212614 1157
240766 1157
248576 1157
277017 1157
277065 1157
277070 1157
277080 1157
372105 1157
33552 2455
33553 2804
120502 664
230529 2127
105667 1319
243080 1319
295284 1319
258085 1319
326917 1319
33649 1358
27732 1358
86661 1358
99017 1358
243921 1358
276709 1358
7099 727
18786 727
9037 1609
173588 1609
103995 1609
199707 1609
199709 1609
199711 1609
199719 1609
199723 1609
199724 1609
199726 1609
199736 1609
199737 727
199744 727
199751 1609
199761 1609
199762 727
199764 1609
199767 1609
199768 1609
199770 727
46382 1609
199785 1609
199787 727
372257 1609
57725 3356
81338 3356
126117 2002
161611 3355
104313 2002
72527 2514
242799 2002
243591 3355
247776 3355
243658 3356
397713 2002
397729 2002
397733 2002
397739 3356
397742 2002
397745 3355
397747 2002
579528 3950
769838 2002
322568 2009
322574 2009
322580 4430
322594 2009
322598 2009
322601 2009
33874 2875
34749 2423
58521 2423
114155 1888
100240 2423
34971 2423
228963 2628
263107 2423
326226 2423
397885 2423
52720 2793
44490 2793
33624 2826
99377 2826
161706 2826
313306 2826
324541 2826
326621 2826
326639 2826
326649 2826
326658 2826
326659 2826
34006 544
212732 544
106014 544
323902 544
333963 544
11200 639
1556 639
1773 639
34668 639
56845 639
139150 639
213010 639
213020 639
244460 639
394737 639
357291 649
383 665
6074 665
57201 2417
112889 665
112897 665
140340 3327
144397 2818
284429 665
395360 664
284430 665
477424 665
395285 665
256 807
189172 807
326874 807
362151 807
560083 807
710524 807
710525 807
1496 915
84225 915
42540 915
82915 915
192856 915
106650 915
213595 915
314144 915
314167 915
314193 915
321039 915
494043 915
494044 915
7009 959
106264 1007
566497 1007
683307 1007
683315 1007
12443 1251
37862 1251
124730 1251
133196 1251
103712 4055
183709 1251
252251 1251
277625 1251
148650 1251
351930 1251
351227 1251
351242 1251
290564 1251
351289 1251
351335 1251
351386 1251
402115 1251
430789 1251
502136 1251
700142 1251
702131 1251
702133 1251
82183 1251
278715 1251
813927 1251
6024 1426
6046 1426
1608 1426
9724 2172
86534 1426
114318 1426
149387 1426
177700 745
140860 1426
340206 1426
539405 1426
6043 1434
32010 1430
38357 3093
38358 1430
40295 1430
58163 1430
32541 1433
63061 1135
116231 1430
137083 3188
177309 1430
177990 1430
178008 1135
178018 1430
177469 1430
140914 1430
364456 1430
608817 1430
616985 1430
17601 1585
37986 1585
38680 2636
39495 1585
40198 1585
117704 3512
140672 2642
43662 1585
230242 1585
252939 1585
276974 1585
293939 1585
293947 2636
304297 1585
283057 1585
361343 1585
361356 1585
362706 1585
366154 1105
366155 1585
366156 1585
550590 2636
754428 1105
12476 1458
33575 2809
87048 1793
99287 1793
100902 1793
229152 509
229188 1793
402030 1793
13852 2351
118914 2351
486890 4683
278269 4683
808078 4683
808079 2351
808080 4683
808082 4683
808084 4683
808085 4683
808086 4683
808088 2351
903848 2351
903850 2351
903856 2351
903857 2351
903859 2351
903860 2351
903861 2351
903863 2351
903864 2351
903866 2351
903867 2351
903868 2351
903869 2351
924261 2351
38847 3119
95993 3119
206347 3119
370712 3119
304838 3144
370719 3148
370720 3144
370722 3119
409446 3119
411769 3119
458003 3119
468530 3119
372229 3119
370723 3119
488331 3144
731672 3119
756551 3119
756552 3144
647086 3119
50549 3119
763656 3119
756541 3119
795295 3119
817715 3119
873682 3119
289700 4367
289703 4367
289726 4367
141089 4367
363764 4367
390279 4367
473545 4367
379523 3627
606060 4367
614375 4367
708513 4367
279292 4367
708479 4367
708482 4367
708486 4367
751970 4367
751975 4367
803009 4367
803016 4367
803020 4367
751978 4367
708488 4367
939298 4367
689934 4997
708489 4997
803030 4997
3060 666
3101 10
3105 666
57467 10
57468 10
57469 10
57470 10
57471 10
57472 10
57473 10
57475 10
57476 3338
59023 10
59024 10
59047 10
59048 10
392898 10
57477 10
396208 666
396213 10
396215 10
396217 10
26343 345
26359 345
26378 345
26393 345
26398 345
3224 345
9942 345
36473 345
128846 342
193851 345
227789 345
382353 345
382357 345
13138 389
27980 389
15822 389
4109 389
28426 392
653 389
658 392
10742 389
249629 389
452656 389
935648 912
6997 447
32354 447
1502 447
31701 385
3653 447
31725 447
18637 650
56987 648
58115 645
58257 650
58402 645
178513 3328
255832 3327
328099 3328
332550 662
334645 1305
1202 647
63078 2481
97653 763
270902 1764
45248 1764
276333 1764
296390 763
352485 763
394313 763
398547 1764
459337 2481
495200 763
545958 961
398548 763
549895 1764
575017 2481
667717 763
536549 2481
667721 2481
863663 2481
3608 1770
8960 861
11892 861
29411 861
31940 861
35382 861
37718 861
32044 861
38465 861
38802 861
38926 862
40221 861
47487 861
82112 861
42769 861
122778 861
567575 861
239779 861
63883 861
34255 2865
42261 2953
91218 2686
99234 887
332766 887
434213 887
3187 1075
12039 1075
56742 1229
58579 1970
58585 1075
114805 1075
91148 1075
129385 3439
105067 1075
241275 1075
241276 1075
407239 1075
241280 172
154694 1257
44150 1325
102906 1257
546713 1350
14850 1382
17652 1382
78652 1382
105600 1382
243423 3212
106038 1382
287172 1382
107670 1382
327271 1382
339723 1382
205876 1547
136658 1547
206420 1547
7007 1570
95701 2221
59760 1571
138944 2221
178286 1570
178309 1571
196888 2100
196889 1570
356588 2220
356590 2220
376426 1570
485554 3189
489015 1571
423172 1571
504848 1571
504851 1571
550575 1571
612343 2221
30192 1738
30355 1569
30958 1738
1843 1738
228142 1738
241765 1738
257909 1569
257917 1738
258532 1738
257921 1738
259449 1738
492294 1738
631001 1738
58705 2099
78817 2099
97877 2099
97884 2099
135963 2099
135986 2099
136110 222
97934 2099
136185 2099
136247 1252
399093 2099
399099 2099
399100 2099
494785 2099
536499 2099
334080 2119
512224 2119
49156 2582
121631 2582
183952 2582
105054 2582
237581 2582
294280 2582
355328 2582
355329 2582
355332 2582
355334 2582
355335 2582
355337 2582
355339 2582
504780 2582
504782 2582
504783 2582
504786 2582
712585 2582
712586 2582
712587 2582
712588 2582
712589 2582
712590 2582
747433 2582
114188 2881
95423 2703
143146 2796
98983 2704
142375 2703
142708 2703
192795 2703
192816 2796
192844 2703
239792 2703
106073 2703
256244 1231
288523 2703
319666 2703
339390 2703
483998 2704
335727 2703
254728 2703
506580 2704
553044 2704
335730 2703
38599 3102
370034 3104
145271 3611
148303 3134
571322 1290
571327 3695
91217 376
306119 376
11593 427
30246 2167
4123 427
30675 147
30775 427
30869 427
30957 2167
112894 2167
134815 427
46374 427
257676 427
376989 427
33824 1227
34347 548
49335 548
114893 548
97012 548
171426 3068
171450 548
106894 548
331279 548
11209 1084
34676 810
41342 554
61566 554
120518 2875
143381 554
142158 554
141862 1090
46763 554
246015 554
246562 3209
35093 554
335072 554
31617 728
355259 728
378 821
19021 819
40637 819
31093 819
81651 819
90419 819
92213 819
117341 819
122028 819
260347 819
296218 819
318920 819
377833 819
378115 819
455027 819
459875 819
474028 819
459876 819
474031 819
474040 819
109433 819
502585 819
664752 819
6097 888
25279 888
37917 888
61647 888
42435 888
124496 888
124497 888
124498 888
124499 888
124508 888
124511 888
95382 888
95383 888
124518 888
124526 888
124527 888
124529 888
124533 888
109398 888
492232 888
611031 888
142867 1211
354810 1216
354814 1216
409392 1216
514883 1216
520875 1216
24787 1356
101844 1356
101890 1356
305769 1633
173330 1770
183103 1521
191629 1770
191794 4056
44777 1770
21492 1770
227195 3999
230040 1770
188775 1770
308847 1770
259971 2570
403976 1770
403978 2570
424954 2570
472038 1770
623761 2570
625897 1770
624975 1770
522598 1770
150446 1797
276553 1797
276592 1797
295708 1796
574016 1797
699820 3063
713752 1797
42705 1909
98783 1909
142733 1909
167335 1909
326882 1909
396888 1909
431222 1909
431223 1909
465750 1909
548663 1909
551313 1909
638420 1909
99746 2447
286913 2446
329118 2447
329125 2447
193727 2447
329131 2447
329136 2447
345728 2447
18276 2537
50961 2536
43320 988
124291 2536
199779 2536
254401 2536
254406 2536
281401 2536
296196 2537
296197 2536
296199 2536
426817 2536
426819 2536
426827 2536
426853 2536
426861 2536
426892 2536
29639 2536
426917 2536
296201 2537
72832 2536
35858 2761
65886 2761
119301 2761
42974 2761
174575 2761
105832 2761
301405 2761
318637 2761
318638 2761
318641 2761
318651 2761
318654 2761
318660 2761
318673 2761
318674 2761
318677 2761
318681 2761
318692 2761
497144 2761
666214 2761
574005 2761
729928 2761
729918 2761
2146 2761
39845 2839
112953 2839
161627 2839
248332 564
287644 2839
336621 2839
341372 622
353369 2839
353387 2839
353393 2839
353403 2839
353409 2839
353421 2839
87833 2839
372936 2839
481311 2839
615750 2839
93391 3619
130922 3619
152429 3619
273752 3619
368743 3619
459061 3619
755763 3619
755764 3619
755765 3619
755766 3619
755767 3619
755768 3619
755769 3619
755770 3619
755771 3619
755772 3619
755774 3619
755775 3619
755776 3619
755777 3619
755778 3619
755779 3619
755780 3619
755781 3619
122438 3705
122443 3705
122444 3705
122455 3705
122458 3705
122459 3705
122463 3705
122470 3705
122471 3705
122474 3705
251788 4243
422396 3705
471163 3705
489913 3705
453036 3705
489909 3705
490020 3705
490006 3705
699887 3705
757868 3149
809444 3705
3571 272
15710 272
69013 272
95508 272
97997 272
132673 3092
98027 272
182109 272
252570 272
252595 272
497738 272
535854 272
537260 272
615078 272
615080 272
3112 704
7912 704
4112 704
59068 704
41793 704
129169 704
100960 2306
188781 704
224197 704
297553 704
312420 704
312423 704
312425 704
312426 3294
312433 3415
312434 704
312438 704
312439 704
312442 704
19085 727
70580 727
94385 727
199715 727
199734 727
199739 727
199746 1558
104279 727
199748 727
199760 727
199763 727
199775 727
327368 727
442477 727
442478 727
16571 772
90509 772
128045 772
151413 2507
44718 772
281873 772
308170 772
308171 772
308175 772
308180 772
308186 772
308187 772
308188 772
308189 772
308190 269
308191 772
308192 772
308193 269
308194 772
723997 772
26340 340
3994 1819
781 778
8161 2590
38547 778
57771 778
96353 1777
4781 340
227880 778
227392 1777
227395 1777
227404 778
227405 1777
228372 342
59194 830
98784 830
140565 830
337533 830
337534 2448
230159 4057
246213 938
326327 938
326335 938
326336 2747
326343 938
326346 938
394867 938
99201 1100
142736 1100
100020 1100
100067 1100
100258 1100
161963 3882
44758 1100
452 1238
16730 1238
97575 1238
183779 1238
183811 1238
183852 1238
183863 1238
183938 1238
184019 1480
184027 4041
184040 1238
114787 1192
114540 1362
344959 1362
42642 1396
94505 1396
91119 1396
124701 1396
160020 1396
243212 1396
244846 1396
242819 1396
268208 1396
276769 1396
331742 1396
335519 1396
479279 1396
480537 1396
480615 1396
674155 1396
224361 1420
179 1028
30096 1512
93370 1028
90266 818
26785 1512
135054 1512
101245 1512
163918 1512
160002 1512
180299 1022
103679 1512
188803 1512
188433 1028
188469 1512
209819 1028
216539 1512
216995 1028
254349 1512
356632 1512
470374 1512
596849 1512
623323 1512
7318 1522
26787 1492
167312 1522
204736 1522
204774 1522
235406 1522
365236 1522
752714 1522
7014 1572
41274 1572
52547 1572
91103 1131
164995 1572
196924 1572
104021 1572
196930 1572
228092 1572
228098 1777
228100 1572
228101 1572
228108 1572
228109 1777
228110 1572
228112 1572
255362 1572
228116 1572
476039 1572
34561 1813
139699 1813
230214 1302
478343 1813
557409 1813
557413 1813
557414 1813
243672 1813
328654 1813
11743 1888
77308 1888
120447 1888
114065 1888
182183 1888
35089 1888
145393 1888
113838 1888
35169 1888
451244 1888
113033 2077
268221 2079
277051 2079
322570 2079
452083 2077
631282 526
679364 2079
931803 2079
785929 2077
202743 2343
302140 2343
305977 2343
306408 2343
306416 2343
306202 2343
37735 1983
56401 2453
42323 2203
83204 2453
87519 1983
152486 2203
101678 2453
104287 2453
177137 2453
290749 2556
297557 2203
107304 2203
297611 2203
62469 632
297642 2453
297650 2203
17950 2526
93476 2526
142988 1286
173097 2527
270715 2526
295235 2527
295238 2526
295239 1286
295247 2527
295253 1286
295261 4206
295262 3623
295271 2526
295282 2527
295283 2527
295289 2527
369324 2527
446003 1286
471473 2526
471476 2527
531052 3623
713452 2527
713487 2527
1750 2746
98643 2744
142173 2014
227969 3286
245551 2744
272289 1459
314303 2744
245380 2709
91318 3285
313834 3286
316084 2709
316086 2744
107525 2746
368812 2428
328074 2744
450902 2744
461581 2744
72750 2744
551247 2744
395369 2744
478423 2744
186959 2847
106032 2847
395854 2847
443318 2847
228456 2868
335069 2868
345831 2868
296732 2868
97767 3623
240654 3623
240656 3623
270279 3062
295252 3623
445801 3623
531044 3623
531045 3623
531046 3623
531047 3623
531048 3623
531050 3623
531054 3623
531056 3623
666813 3623
713441 3623
788981 3623
801404 3623
801405 3623
824363 3623
27420 378
27458 378
48885 378
48893 378
48907 378
139179 378
195791 378
1985 378
241781 378
241796 378
241801 378
272887 378
272889 378
272890 378
272891 378
106649 378
272896 378
27983 433
37390 433
37392 433
37430 433
37439 433
50063 433
68455 433
87111 433
90951 1459
129324 433
113426 433
132780 433
198629 433
342054 433
350424 433
350433 433
350445 433
350298 433
350308 433
178225 496
178235 496
178239 3658
37823 500
32856 500
18006 558
34283 558
57142 558
34803 558
243290 3898
305412 558
335345 558
670284 4830
425877 558
93965 823
89240 823
116681 823
248920 823
248926 823
248931 2030
248940 823
248944 2030
248945 2031
248948 823
248951 2030
248952 2031
248954 2032
248962 823
248964 823
248968 823
248969 823
248971 2031
248974 823
19808 2066
12451 1017
39166 1017
135906 1017
4724 1017
72411 2227
132382 1017
136114 1017
136132 1017
136151 1017
446667 1017
536010 3256
536511 1563
25354 1041
36710 1041
25378 1041
43447 1041
138916 1041
138918 1041
25383 1041
138929 1041
138937 1041
173802 1041
182058 603
252932 1041
319629 1041
319630 1041
25387 1041
25388 1041
550554 1041
550556 1041
550530 1041
607483 1041
34422 2432
58562 1231
78654 560
164273 1231
284839 1231
307928 1231
137207 1756
179245 1644
614773 1644
101894 1680
263855 2111
469415 1680
412585 1680
604838 1680
604839 1680
604842 1680
604843 1680
604844 1680
604845 1680
57625 3349
90909 1840
11295 2785
144720 3343
151159 3343
152576 3343
227766 3343
245201 1781
35091 1781
337042 3343
35168 1781
484987 1781
324590 1781
33432 1848
33434 1848
34272 1848
57656 1848
34780 1848
129373 1848
143236 1848
145046 1848
170363 1848
285114 1848
301969 1848
320861 1848
325541 1848
337571 1848
604484 1848
11816 1914
49164 1914
32708 1914
71712 1914
237887 1914
240507 1914
254660 1914
106277 1914
355009 1914
108555 1914
514882 1914
559697 1914
681079 1914
34613 1970
59285 1970
132361 1970
34936 1970
254656 1970
302960 1970
326470 1970
465665 1970
506121 1970
506123 1970
506125 1970
506126 1970
506127 1970
506129 1970
33856 724
34404 1972
114182 1972
95611 1972
142162 1972
247729 1972
248953 1972
141485 1972
335490 1972
343319 1972
247762 1972
37499 1972
550884 1972
41409 1994
126294 1994
337148 1994
325966 1994
732321 2524
263887 2111
438412 2229
150511 2115
150517 3795
237708 2115
363189 2115
370204 2115
384266 2115
434826 2115
376805 2115
573429 2115
573432 3795
382854 2115
573434 494
717509 2115
750979 2115
763676 2115
767694 494
629219 2115
39755 2139
40991 2139
435499 526
631214 526
631262 2139
631269 2139
631274 2139
631281 2139
631293 2139
341541 2184
572551 2184
198331 2226
204012 2226
466938 2226
799357 2226
25842 2419
137320 2413
34983 3652
326472 2415
343357 2822
137021 3311
291248 3311
495597 3311
572470 3311
572473 3311
572476 3311
572479 3311
572481 3311
572485 3311
572492 3311
572493 3311
572494 3311
572495 3311
572496 3311
572502 3311
838121 3311
838125 3311
7577 96
32675 3423
186068 1657
305672 2635
305685 2635
305736 96
305754 96
305757 487
305794 96
305798 96
635651 487
212829 96
3552 261
8620 261
4040 752
600 261
30042 261
10282 261
26242 261
8884 261
28632 261
78050 261
63808 261
263941 261
9662 467
83230 467
122052 467
382014 467
458470 467
756529 467
891641 467
62328 3442
42634 3599
51013 632
122709 632
188231 632
188247 632
45151 1225
268257 291
297625 2314
297638 632
241772 3442
57200 664
57204 663
57209 663
58528 700
58531 1977
34786 702
58539 3400
58544 701
58550 702
58553 698
139687 3450
244223 3719
257821 701
426768 3450
177997 789
242678 1958
259692 790
259694 790
259701 790
140977 790
292276 790
292282 790
303205 789
313942 790
446961 789
450223 790
475313 790
547717 790
668927 790
685491 790
685548 790
710968 790
82851 790
789820 790
284830 898
35105 898
107831 898
5858 905
68523 905
90913 1966
98805 2451
114829 905
438774 905
121547 906
275987 906
315163 906
348178 906
348186 906
32867 965
358210 2114
827354 965
21147 1071
142460 1071
152666 1071
245625 2790
257601 1071
288351 1071
301794 1071
337269 1071
341394 1071
498635 1071
498712 1071
498743 1071
498776 1071
498917 1071
181691 1217
277758 1217
303714 1217
366026 1217
344397 1217
514885 1217
592843 1217
592844 1217
592846 1217
33834 1234
230626 1234
255241 1234
331363 1234
331378 1234
331435 1234
331448 1234
331490 1234
331494 1234
331522 1234
331546 2790
79265 1234
44616 3793
102934 1455
102944 1455
181097 1455
102972 1455
34821 1489
34834 1769
144232 1489
144248 2674
192847 1489
568204 1489
36217 2754
38231 1504
1819 1504
1913 1504
97719 2168
35704 1504
212771 1504
363726 1504
368792 1504
3416 1508
7131 1508
19397 1508
12665 1508
36909 1508
128672 1508
197533 1508
200271 1508
200345 4099
200363 1508
200368 1508
200393 4099
200176 1613
202732 1613
4261 2829
31609 1840
39407 1840
91039 1840
237345 1840
27764 1840
283677 1840
106999 1840
214851 1840
356057 1840
604439 1840
704776 1840
704777 1840
30882 1912
171135 1912
237576 1912
270215 1912
270218 1912
333880 1912
57992 1912
488042 1912
386384 1912
600183 1912
600184 1912
428898 1912
693240 1912
693277 1912
693287 1912
693297 1912
693311 1912
5946 1977
57859 2933
114164 2933
288501 3340
332630 1977
345031 2864
408480 1977
460725 1977
467712 1977
606720 3239
407224 1977
677130 2933
677132 1977
677133 1977
677135 1977
285648 1998
410703 1916
457291 1998
315856 1998
625508 1998
119778 1998
7949 2063
53603 1868
55977 2063
1847 2063
42459 2063
95812 2063
145763 3936
145835 2063
145850 2063
182241 2063
282371 2063
302953 2063
311537 2063
365298 2063
377892 2063
251046 2063
752785 2063
768962 2063
28485 2088
39249 2088
71778 2088
78181 2088
93168 2088
251927 2088
253587 2088
296515 2088
369750 2088
369756 2088
369761 2088
409538 2088
422678 2088
422693 2088
422229 2088
456874 2088
456875 2088
456876 2088
456879 2088
456880 2088
87322 2203
98174 2203
297580 2203
297598 2203
297601 2203
297609 2203
297652 2203
297655 2554
135700 2232
135706 2232
452499 3845
481415 2232
498394 3845
498403 3845
497914 2232
539518 3260
637771 2232
640686 3845
750823 2232
750824 2232
722991 3845
750828 3845
750829 3845
750838 2232
29954 2626
31448 2626
132878 2626
209766 2626
306344 2626
530959 2626
537661 2626
537663 2626
1427 2702
33516 2796
34324 2704
42485 2704
57844 2704
114824 2704
57854 3012
230249 2704
245186 2704
341060 2702
423856 2702
433319 2702
1444 2711
85183 2709
93921 2745
183963 2710
230224 3921
232774 2711
316089 2746
316096 2709
380821 4538
461649 2709
562449 2709
148234 2747
148405 2747
206976 2747
224421 2747
362508 2747
521567 2747
539859 2747
617916 2747
262919 3355
324031 3355
344989 3355
355004 3355
588924 3355
588926 3355
441892 3355
588929 3355
588932 3355
200099 423
34395 2426
107116 3868
454390 2404
341639 545
555915 2848
555916 3868
555919 545
16951 1971
57698 2671
243523 4016
291762 1971
285083 555
59098 557
59121 1077
59130 557
59131 557
449035 557
43005 664
142954 664
35121 664
395338 664
6102 670
34103 551
140396 1782
184695 1782
141235 1782
227761 670
340922 2266
39157 718
56591 1159
56620 1159
56623 682
4644 682
114737 682
149614 718
50488 682
278427 682
295277 682
295285 682
304097 682
369264 682
429146 682
429153 682
717008 682
37755 759
355545 731
86069 761
189230 761
352243 761
3692 896
151478 896
184731 896
232945 896
232950 896
232953 896
232958 896
232959 896
232960 896
232962 896
232965 896
232966 896
232969 896
345007 896
507729 896
11123 912
13012 912
37356 912
39752 912
51360 912
42257 912
118249 912
118479 912
118853 912
119042 912
119348 912
119470 912
281787 912
8138 1018
193980 1018
196524 1018
19944 1135
67291 746
67305 1431
130302 1135
177286 1135
231424 1135
256811 1135
364488 1431
434340 1135
608766 1135
608768 1135
608770 1135
89092 1185
183793 1185
183876 1185
183884 1480
183908 1185
184008 1480
184022 1185
184065 1185
2078 1185
142477 1288
215918 1288
442034 1288
450160 1288
457086 1288
552981 1288
624259 1288
83738 1436
44801 1437
193384 1436
106433 1436
178269 1436
317746 1436
478880 1436
627712 1437
229705 1535
317747 1436
3358 1449
30837 2260
42262 1449
81704 1449
173283 1449
185529 1449
193140 1449
106814 1449
377174 1449
181252 1421
202739 2216
224739 1492
302145 1492
306001 1492
306002 1492
10041 1769
213021 3345
245109 1769
628254 1769
38147 2096
211884 2096
616644 2096
90931 2149
95847 2149
208537 2149
24888 3295
259197 2149
259209 2149
107623 2149
469407 3295
469417 3295
469427 3295
603632 2149
14309 1595
89185 3052
93156 2168
91898 2168
96315 2168
133055 2168
137916 1595
207043 2168
209197 2168
273943 2168
280109 2168
280115 2168
280116 2168
280119 2168
280127 2168
280128 2168
702239 2168
65224 2177
170199 2177
108656 2177
539719 2177
605667 4019
615284 2177
615287 2177
615291 2177
615292 2492
615312 2177
204362 2185
663936 2185
663945 2185
365240 2225
466943 2225
539593 2225
539595 2225
61320 2618
118166 2369
183428 2369
422099 2941
422103 2369
422104 2941
422107 2369
422108 2369
467831 2369
523663 2369
45756 4003
611329 2369
611330 2369
611331 4003
611332 2369
282680 2369
144110 2427
98861 2427
99219 2427
99392 2427
99713 2427
34953 2427
255449 2427
333600 2834
337809 1906
494220 2427
113696 2525
57863 4162
284608 3312
325820 4160
314542 3312
312499 2525
334324 3312
551363 2525
140806 2704
270205 2796
324732 2704
61488 3436
254987 4266
422642 3436
422646 2142
430641 3436
525165 3436
566633 2142
569813 3935
650597 3436
684915 4266
777043 3935
777045 3436
777046 3436
777047 3436
756244 3935
178691 3527
257196 3527
483299 3527
600857 3527
615252 3527
615254 3527
806666 3527
806667 3527
842599 3527
842600 3527
842601 3527
842602 3527
842603 3527
842605 3527
842606 3527
842607 3527
842608 3527
903552 3527
903553 3527
34830 3621
470887 3621
470891 3621
470894 3621
470896 3621
470900 3621
470901 3621
515800 3621
745865 3621
788467 3621
788468 3621
800961 3621
800963 3621
800964 3621
800970 3621
788470 3621
800972 3621
800978 3621
800979 3621
800981 3621
381100 4535
760928 4535
903200 4020
917815 4535
917816 4535
917817 4535
917818 4535
917819 4535
917820 4535
917822 4535
917823 4535
917824 4535
917825 4535
917826 4535
917827 4535
917828 4535
917829 4535
917830 4535
606952 4772
606954 4773
812664 4772
844042 4772
844044 4773
844045 4773
844049 4773
844052 4772
844054 4772
844056 4773
844059 4772
844061 4773
844062 4772
844063 4773
844064 4772
844065 4772
844066 4772
844069 4772
844072 4772
844073 4772
0 1
2 1
2997 1
3000 1
3113 1
3118 1
3124 1
38229 1
58519 1
59309 1
9953 152
9954 152
9983 152
768 152
32362 854
53714 152
62258 152
121278 152
120967 152
140168 1059
193725 152
229644 152
34134 2145
256924 2145
41346 2841
58542 701
35063 701
284428 701
11936 1693
134112 924
97728 924
150835 924
240156 924
240194 924
240211 1693
240229 924
240278 924
240307 924
261160 924
448794 4631
78324 924
573312 924
39762 960
21066 962
70757 2590
132180 960
136277 960
132808 960
210312 960
355984 2563
355987 2590
355988 960
372398 960
372399 960
38263 3085
58078 1042
58166 1042
138579 1042
105471 1042
228047 3087
297456 1042
355214 1042
355216 3087
361199 1042
370486 1042
398518 1042
371844 1042
618792 3087
574895 1042
642405 1042
657147 1042
657153 1042
769871 1042
11214 1089
423 1088
11246 1088
25973 1114
20075 2501
20854 2501
20938 1088
40751 1114
67307 2642
128084 1088
139869 1088
139722 1088
139880 2642
139883 1088
139885 1070
144355 1088
279162 1088
701378 1088
148139 1163
148157 1163
148158 1163
43860 2792
100704 1163
101604 1163
569672 1163
337235 1184
187251 1184
515618 1184
611422 1184
611424 1184
611425 1184
611431 1184
86226 1192
59138 3284
248252 1192
462503 1192
16889 2372
34408 2372
34706 1228
56291 1993
91108 1228
291500 2372
340721 1228
97264 1276
171097 1276
12466 1458
12471 1458
58869 1458
34832 1458
95399 1458
114115 1460
182184 1458
182188 1458
207233 1458
228906 1458
228928 1458
228930 1458
228933 1458
3171 1529
85517 3427
120616 1529
43556 1529
99445 1529
151428 1529
192545 1529
104395 1529
276367 1529
459510 1529
109121 1529
461491 1529
461505 1529
505113 1529
16460 1595
56193 624
53383 1595
273935 1595
108053 1595
407388 1595
272948 1595
544998 1595
545000 1595
600607 1595
407389 1595
750436 1595
606454 1595
829101 1595
83789 1637
43184 1637
251786 1637
55658 1637
401088 1637
408706 1637
570229 1637
675770 1637
675771 1637
768710 1637
204237 1641
204245 1641
539537 1649
64269 2363
180195 1737
180243 1737
190510 1737
196130 575
202970 2382
206589 1737
209645 1737
217897 575
219390 1737
219400 1737
219491 1737
219624 1737
245837 1794
256786 1794
89470 1794
684009 1794
42155 1864
120640 3301
177243 1864
28754 1864
324874 1864
372226 1864
422825 1864
374317 3301
491480 3301
501197 1864
374324 3301
537811 1864
444089 3301
715083 1864
657986 1864
807468 1864
25935 1999
98703 1999
149102 1999
245141 1999
245144 1999
603268 1999
660792 1999
27833 2042
52251 2042
31628 2042
84970 2042
103699 2726
249649 2042
249651 2042
249652 2042
255566 2042
66175 2042
72603 2042
388874 2042
405434 2042
116944 2042
536253 2042
624140 2042
676977 2042
676978 2042
676974 2042
204022 2227
159333 2245
263729 2245
263748 2245
267108 2245
398924 2245
547195 2245
67165 2308
115755 2308
131539 2308
185327 2308
185239 2235
74730 2308
315086 2235
326462 4435
350272 2308
368832 2308
369541 2308
185373 2308
448735 2235
222852 2235
620235 2308
727464 2308
152187 2308
848581 2308
21015 1876
34179 2374
58593 2374
144188 2374
299643 2374
339985 2374
341601 2374
341610 2374
341637 2374
34007 2814
34375 2895
114890 2926
212921 2811
244126 2895
247990 2895
16382 2125
19255 1081
141402 2469
233492 2469
290172 2469
290174 2469
311750 2124
328055 1082
485552 2469
494017 2469
708259 2469
42112 2258
300980 2546
284187 2546
395284 2417
35194 2546
738888 2546
41546 3012
95160 3012
99102 3012
152668 3012
245799 3012
256311 3012
321083 3012
4898 3681
426267 3012
426268 3012
162177 3952
162111 3952
105430 3952
242037 3952
297263 3952
404369 4044
350569 3952
564995 3952
565000 4750
565001 3952
565002 4044
565006 3952
565009 3952
593388 4750
597451 3952
598173 3952
297264 3952
591438 3952
842026 3952
3505 89
3523 89
6165 90
1804 90
84847 90
114287 90
114288 90
114294 90
114295 90
114296 90
114298 90
124620 269
128461 2398
217196 269
247937 2083
358684 269
507698 269
494439 269
675249 269
675250 269
319079 2083
675252 269
54648 269
675255 269
8121 342
26339 342
26379 1777
1346 342
137289 340
7136 445
3453 564
25876 2437
91382 564
204468 564
324441 564
324442 564
324443 564
58554 699
58556 699
114990 699
337219 699
339708 699
38837 745
65871 745
85106 745
26883 745
177463 745
178198 745
177709 745
314249 745
611121 745
611122 745
611123 745
144764 810
564366 810
11252 1123
80645 1120
46373 2508
548956 2508
288666 1122
548957 1122
334145 1065
332378 1128
78799 383
132781 1344
73629 1473
139126 1473
260906 1344
292114 1344
108781 1473
451539 383
451540 383
451546 1344
451547 3263
505751 383
544865 1344
544874 1344
567880 3263
629036 1344
34669 2932
275950 1371
342101 1371
342108 1371
562837 1371
3373 1452
30777 2256
827 1516
876 1451
1303 1451
4267 1451
93579 3016
42857 1451
180825 1451
180829 2694
255219 1451
269437 2694
274325 1451
296523 1451
335266 1451
767469 1576
18580 1717
297270 1717
297271 1717
98462 340
192977 1777
228106 1777
228107 1777
20411 1787
121898 1787
95961 1787
133064 1156
133292 2047
133848 1787
250199 1787
255222 1787
282028 2047
303241 2047
354850 2047
529326 1787
529328 1787
529331 1787
529341 1787
199903 1986
881 141
116139 2198
98504 2198
211778 143
222814 2198
240422 945
211786 143
241815 2198
267286 2198
134913 2198
270980 2198
310299 2198
353195 2198
8904 2198
496244 2198
691720 2198
668772 2198
102602 2230
212308 2230
305502 2230
498387 2230
522913 2230
537265 2230
537266 2230
537267 2230
537268 2230
174084 2230
721420 2230
269609 2230
826399 2230
826401 2230
30826 2258
64258 2259
42726 2741
144253 2741
287584 2259
304091 2259
288408 2741
315794 2259
315800 2259
431138 2259
561098 2259
310331 2259
720731 2259
10291 2345
175227 2345
266925 2345
446873 2345
479943 2345
638550 2345
693864 2345
683381 2345
699716 4852
790069 2345
790043 2345
805820 2345
805821 2345
851356 2345
874642 2345
877461 2345
877465 2345
877466 2345
129050 2372
325947 1392
325948 1392
114996 2478
43400 2478
200531 2478
275848 2478
288037 3482
290468 2478
319057 2478
340847 4415
664189 2478
698013 2478
121997 395
122212 2685
277102 2685
352568 3021
355549 2685
388693 2148
388726 2148
401091 2176
422250 3021
524371 3021
575809 2148
764218 3021
201128 4089
220818 4089
305684 4089
305696 957
390780 957
532000 4089
539107 3804
765314 957
827383 4089
827384 3804
25862 251
32452 251
261838 251
284534 251
284535 251
284537 3140
284538 251
284539 251
284541 251
284542 251
284543 251
421629 251
664538 251
707891 251
26358 340
227881 340
9608 394
398 394
20149 394
52498 394
123117 394
12298 551
57546 551
57557 551
57626 551
19550 2600
151737 603
300692 603
300694 603
300695 603
300697 603
300700 603
315835 603
315841 603
405023 603
46413 603
483202 3033
778491 603
778504 603
778510 603
778511 603
48871 615
314055 615
2983 624
10492 624
6149 624
37904 624
56298 624
56300 624
56305 624
56313 624
56323 624
56326 624
56329 624
56343 624
149095 624
12034 1942
36329 719
125165 719
308657 719
318282 719
318284 2037
318288 719
318289 719
318295 719
318296 719
318302 719
318305 719
318309 719
318313 719
318317 719
723462 719
199467 837
104616 738
377085 837
394539 837
509243 837
6086 865
6115 865
1811 865
41462 865
4646 865
113654 865
95137 2003
113745 865
113753 864
113776 865
105573 865
114422 879
138003 3849
100267 879
331145 879
369620 879
389914 3849
506476 879
348188 879
9803 946
31838 946
50445 946
173270 946
4828 946
257776 946
257791 946
424663 946
424664 946
424667 946
424668 946
424671 946
348919 946
562009 1012
3954 1021
19221 1021
80946 1021
81653 1021
93721 1021
129301 1021
178717 1021
106292 1021
106689 1021
274792 1021
188420 1028
188438 1028
188459 1022
258624 1028
470356 1028
470359 1028
596822 1028
600669 1028
623351 1028
30927 1077
91123 1077
114953 1077
409308 1077
10473 1175
43353 1177
298226 1177
298227 1177
107317 1177
298233 2560
298235 1177
298237 1177
164204 1338
101555 1338
90092 3572
91370 3572
34972 1460
58628 2843
263081 3511
333040 1460
334939 3572
389913 1460
118023 1480
183928 1479
183954 1479
223 1521
8146 1521
14952 2395
61607 1521
126577 1521
148343 2394
189188 1521
189195 2394
189208 1521
189216 1521
189253 1521
616344 1521
33886 1540
290000 1048
329025 1540
481997 1540
481999 1540
482000 1540
201696 1548
88882 1569
261078 1569
261091 1569
289615 1569
293872 1569
356603 1569
358955 1569
464724 1569
435529 1569
467556 1569
467559 1569
492303 1569
38426 1665
42534 3384
93449 1665
144838 3384
297455 1665
297459 3085
355231 1665
357238 1665
108056 1665
361219 1665
370479 1665
370482 1665
379338 3384
379344 1665
399979 3107
586858 1665
12960 1741
135784 1741
195143 1741
200991 1741
209471 1741
222769 1741
222772 1741
222783 1741
222800 1741
222827 1741
222840 1741
255500 1741
392253 1741
222848 1741
222862 1741
222865 1741
539569 1744
539895 1744
548374 3162
781300 3611
193230 1796
276613 1796
1772 1981
114771 1981
42826 1981
141651 1981
396825 1981
244925 1995
407230 1995
19215 2010
20878 1112
39961 874
323880 2010
252726 2079
679365 25
245621 2507
246498 2507
256821 2507
293255 2507
331559 2507
344739 2507
498762 2507
671922 2507
671923 2507
711762 2507
34177 2510
247711 2511
293141 2510
230310 2510
326632 2510
336018 2510
336022 2510
44804 2616
301861 2618
301895 3422
301946 3422
211002 2616
327211 3129
407292 2665
465628 2665
99649 2697
100103 2697
236192 2697
276349 2697
293170 2697
286810 2697
225022 2697
559706 2697
495351 2697
133586 2710
141214 3285
141231 3285
313830 3824
148879 2759
152412 2759
193488 2759
288801 2759
244969 2759
431546 2759
453061 2759
708108 2759
736542 2759
33826 2867
143762 3919
144223 2867
200076 2867
325860 3430
328177 2867
56171 3285
420970 2867
34838 2929
249771 2929
249780 2929
337470 2929
252989 2929
676676 3899
676677 2929
676680 2929
676681 2929
301732 3570
301733 3570
109295 3570
497134 3570
517034 3570
617331 3570
110341 3570
718399 3570
718402 3570
718405 3570
718408 3570
718409 3570
804164 3570
804165 3570
804166 3570
812553 4835
818806 3570
93598 3627
54561 3628
132733 3627
207184 3627
207185 4104
292072 3627
318120 3627
359051 4407
372685 3627
390282 3628
537224 3627
537226 3627
537227 3627
526064 3627
537234 3627
211404 3793
272802 3793
298723 3793
45679 3793
522195 3793
522203 3793
551958 3793
38625 141
41252 141
69114 141
115141 141
118212 141
120485 141
98468 141
143167 141
238224 141
122837 4411
383800 141
383806 141
399153 141
484292 141
37335 1786
37339 579
37347 1786
37381 579
37387 579
37400 579
37407 579
37414 579
37417 579
37422 579
37427 579
297023 579
297033 1786
64858 579
714738 579
49687 595
106323 595
264728 595
309794 595
352976 1692
382297 595
389442 595
389443 595
389448 595
389450 595
389451 595
19208 2585
114498 616
100396 616
207124 616
243719 4223
35083 2122
280443 616
299652 616
299653 616
299654 616
299656 616
299658 616
299660 616
393958 616
17629 638
56755 638
99504 638
294099 638
294106 638
294110 638
294144 638
294148 638
294155 638
294156 638
294159 638
315783 638
56910 703
58004 703
58109 3336
395211 703
395215 703
398283 3336
678089 648
852 674
10625 674
57789 671
244162 674
398111 3358
398114 673
27624 771
15846 771
29427 771
62343 771
46352 771
3677 771
42772 771
226435 771
13667 854
25488 854
71559 854
67148 3479
35748 854
45130 854
274559 854
274561 854
274566 854
274569 854
274572 854
274573 854
274581 854
274584 854
36453 921
240403 4205
258448 4261
318608 921
344401 4473
610613 921
664788 921
666634 921
666635 4205
683735 921
712811 921
741876 921
741877 921
741880 921
741881 921
741882 921
5931 936
95212 936
95803 936
126310 936
107679 2193
107696 2193
139742 1055
151160 1055
244224 1055
244323 1284
546154 1055
546172 1055
11207 1081
256764 1082
328042 3881
328054 1082
11240 1114
70324 1104
70448 1103
70721 1104
71264 1103
131254 1103
302227 1103
307910 1103
336999 1103
143804 1120
143807 1120
143808 1120
143809 1120
315411 1120
729109 1120
10510 1179
26525 1179
38665 1179
39430 3140
31132 1179
96351 1179
98465 1337
149365 1179
149371 1179
362481 3783
518655 3140
542823 3783
17634 1229
34802 3458
100239 1229
193360 1229
245447 1229
382039 1229
189556 1237
287856 1237
403098 1237
256453 1237
503915 1237
332430 1237
677487 1237
170970 1306
315079 1306
35143 1306
661724 1306
98727 1337
164254 1337
193841 1337
164284 1337
144601 1337
43511 1350
469749 1350
42527 1357
100904 1357
460684 1357
713588 1357
94416 1360
485310 1360
485311 1360
41678 1766
94738 1410
97037 1407
1911 1407
98293 1410
173726 1407
173782 1407
173970 1411
207989 2654
81003 1411
174105 4711
198747 17
198780 1438
229701 1438
90242 204
219973 1558
106951 1558
452031 1558
455382 1558
459748 1558
539776 1558
654349 1558
654352 1558
754900 1558
792306 1558
466771 1558
252505 1591
252535 1591
252546 1591
252585 1591
252602 1591
106564 1701
363033 3618
108829 1701
505195 1701
613849 1701
639192 1701
693147 1701
693149 1701
390324 1701
693150 1701
693151 1701
32900 527
693152 1701
693153 1701
409975 1701
265105 1728
18493 1786
297006 1786
297007 1786
297014 1786
297016 1786
297017 1786
297019 1786
297024 1786
297030 1786
297035 1786
297041 1786
297043 1786
815 2656
78173 2194
97747 2656
217720 1811
224224 1811
299797 1811
307844 1811
307876 1811
307883 1811
455119 1811
307894 1812
652965 1811
3995 1822
19951 1822
39406 1822
78352 1822
94680 1822
196579 1822
230923 1561
230926 1822
230928 1822
230930 1822
230931 1822
230932 1822
230933 1822
230934 1822
230936 4166
98155 1953
98248 138
43669 1953
188590 138
191706 1953
241689 1953
241691 1953
241693 1953
241697 1953
241699 1953
241700 1953
241706 1953
241720 1953
625063 1953
5907 2012
19950 2013
142592 2013
237230 4004
271941 2013
288184 2013
301796 2013
301801 2013
57551 2328
95429 3376
325716 2328
359709 2328
366355 2328
14132 2361
296609 3382
330637 3382
334680 2361
33467 2402
100080 2402
43674 2402
193842 2402
285233 2402
311056 2402
285240 2402
526656 2402
564199 2402
41840 2403
147558 2403
232887 2403
35082 2403
285025 2403
328050 2403
328187 2403
427492 2403
345181 2403
672412 2403
622958 2403
34732 2411
84077 2411
548994 2841
791477 2411
245835 2664
58637 2664
481240 2664
481242 2664
481245 2876
113852 2705
141601 2705
161455 2705
45228 2705
276642 3585
144609 2705
192240 2705
736377 2705
230233 4163
325810 2808
325812 2809
325817 2808
325821 4160
325822 4161
325823 4163
325824 4161
658491 2808
658492 2808
658493 4161
658495 4163
91380 2850
106694 2349
533537 3226
533541 3226
192169 1004
192181 3234
370335 3234
533005 3234
537143 3234
543444 3234
562593 3234
564021 3234
564023 1004
564024 1004
455081 3234
776111 3234
825014 3234
137546 3237
543451 3237
489648 3933
562596 3237
489649 3933
615302 3237
489652 3933
489654 4019
836831 3237
677887 4019
836706 3933
836709 3237
836710 3237
910075 3237
836715 3237
53678 3144
58873 3363
61425 3297
177318 3363
177423 3297
175054 3297
332051 3297
392838 3297
399768 3363
399769 3363
399770 3297
408779 3297
422494 3297
422500 3297
770410 3297
31210 3962
543861 4608
730827 4608
784736 4608
784738 4608
784740 4608
784743 4608
784749 4608
784750 4608
784751 4608
784752 4608
784753 4608
784754 3962
898189 4608
898190 4608
898192 4608
6172 91
57791 91
114163 91
152477 91
152492 91
58623 91
151517 91
133502 498
145913 2865
364109 498
364110 498
97004 521
160984 521
514852 2535
58000 645
57219 645
58215 645
56798 646
58966 703
365915 691
13030 722
775 722
37352 1033
40187 722
137794 722
137804 722
137805 722
137807 722
71390 734
85770 3049
96026 734
198622 3049
198644 734
252697 734
444120 734
461913 734
461916 734
461917 734
9761 574
19994 574
36016 918
36019 918
36025 918
36028 918
121003 918
121011 918
121015 918
302013 918
304888 918
347857 574
347864 918
302015 918
114077 935
95804 935
126279 935
126289 935
44635 935
244212 2896
20184 1065
143859 1065
617069 1065
33573 2806
97508 2806
143281 1099
141421 2861
104821 1099
325740 2806
325742 1099
325749 1099
45428 2016
6596 1339
30594 1339
393395 1339
472047 2628
11666 1482
183844 1482
183994 1482
235902 2737
181896 1559
265051 1686
347009 1559
444134 1559
444135 1559
12867 1734
12926 1734
198267 1734
197679 1734
209869 1734
201494 1734
218419 1734
138469 1734
221260 1734
218456 1734
224028 1734
225781 1734
136662 1734
641869 1734
11866 1923
41284 1924
114027 1922
141981 1924
140264 1922
151733 1924
31164 1924
190610 1924
227989 1922
239624 1922
239628 1924
8901 1922
396745 1924
59185 2192
126298 3212
100059 2911
261633 2192
30427 2197
135234 2197
24880 2197
142258 2197
247968 2197
24894 2197
274670 2197
340584 2197
406347 2197
406349 2197
470609 2297
129437 2209
196028 2209
200250 2209
204360 2209
523005 2209
634337 2209
634341 2209
306146 2209
30691 2251
239507 2251
263822 2251
274212 2251
274237 2251
274240 3687
688220 2251
274298 2213
126549 2394
146678 2394
183077 2394
282400 2395
45285 2395
282401 2395
282402 2394
506668 2394
506669 2394
571547 2394
176524 2396
229529 2396
257951 2396
254611 2396
354893 2396
313073 2396
555347 2396
608015 2396
684114 2396
684115 2396
621953 2396
608020 2396
39856 2573
99578 2573
393777 2573
107310 2607
389145 2607
404525 2607
603243 2607
603244 2607
603245 2607
144474 2708
121940 2843
281818 2843
284473 2843
227775 2843
432052 2843
432060 2961
310330 2843
432066 2843
59126 2947
65424 2947
67533 2947
114516 2947
322120 2947
449062 2947
245156 2947
485037 2947
485038 2947
244019 2961
240477 2961
52540 2972
204423 2972
66159 2972
270355 3008
21585 2972
2021 2972
318619 2972
389537 2972
389544 3618
389549 2972
389558 2972
389559 2972
58758 1423
51602 3032
4741 3032
239679 3032
113856 3032
399366 3032
403908 3032
403909 3032
403910 3032
403911 3032
403912 3032
530587 3032
772327 3032
142218 3407
164755 3407
165368 3407
169148 3407
102937 4024
515035 3407
551665 3407
597045 3407
615632 3407
615642 3407
34982 3430
313820 3921
313828 3429
224042 2142
371354 3611
379041 3611
781301 3611
91249 3629
177937 3629
229231 3629
239965 3629
261206 3629
284882 3629
331314 3629
336644 3629
432668 3629
473842 3629
473845 3629
485380 3629
667013 3629
667014 3629
141506 2643
144271 1767
43548 3721
149051 3721
282253 3721
344924 3721
108650 3721
453091 3721
93850 3721
496080 3721
290960 3721
496084 3721
531407 3721
573017 3721
626945 3721
311368 4990
939685 4990
939686 4990
939687 4990
939688 4990
939689 4990
939690 4990
939691 4990
939692 4990
939693 4990
939694 4990
939695 4990
939696 4990
939705 4990
939701 4990
127921 182
31745 444
31751 444
50356 570
50372 570
50398 570
50427 570
252719 570
381999 3419
434572 570
50432 591
506900 591
396417 654
3186 707
30186 707
59096 707
43030 3494
97284 706
284723 706
448825 706
14197 736
104719 736
279468 736
279475 736
29622 736
4852 736
426818 2353
281899 736
701914 736
33430 743
33985 743
99480 743
332358 743
527132 743
527133 743
1142 863
37618 863
139059 863
121669 863
199935 863
245075 863
354799 863
512754 863
541606 863
569270 4141
464 900
16684 903
71642 900
94593 900
113944 2836
115043 900
115046 900
115051 900
115067 900
115071 900
9744 914
120453 914
182181 914
9752 916
6160 916
14669 2378
120509 916
120511 916
120523 916
95835 916
295906 916
325393 916
325400 916
383132 916
234006 916
509616 3074
716593 957
721549 957
15136 982
281525 982
281532 982
253547 982
30999 1015
93248 1015
132478 1015
132597 1015
339504 1015
7674 1035
247353 1035
20937 2643
57730 1087
124290 2643
288588 1087
12109 1180
148831 1180
100626 1180
175390 1180
182880 1180
308888 1180
472926 1180
565221 1180
358545 1180
680347 1180
5844 1202
151629 1202
244458 1202
671610 1202
671611 4832
61581 1218
152155 1218
345648 1218
21020 1225
84349 1225
128468 1226
244850 1226
334466 1226
393543 1225
461979 1226
467702 1226
100462 1299
152422 1299
212274 1299
642830 1299
642831 1299
606902 1299
40307 1431
178238 1431
177995 1431
177998 1431
178025 1431
355789 1431
409335 1431
251209 1480
184092 3542
489111 1480
16375 1605
131028 1605
151087 1605
307842 1605
307869 2656
515409 1605
228160 1605
115807 1652
539533 1652
11572 1856
42521 1856
84672 1856
139572 1856
235068 1856
235069 1856
235071 1856
235075 1856
235076 1856
235077 1856
235079 1856
460370 1856
287104 1902
291922 1902
337424 1902
400554 1902
178654 4004
244300 1905
407278 1905
4054 1916
152632 1996
177046 1916
9709 1996
197663 1916
197675 1916
57856 1916
386297 1916
1767 1917
32450 1917
42111 1917
277722 1917
320472 1917
266565 1917
320485 1917
320491 1917
320493 1917
320500 1917
320519 1917
320520 513
320525 1917
31825 1920
38554 1920
247687 1920
305165 1920
586837 1920
586844 1920
121481 1922
239606 1922
239608 1922
239614 4211
239617 1922
239619 1922
239631 1922
33498 1545
31610 2000
90087 2000
140154 2000
141284 2000
105680 2000
339388 1293
548653 2000
548654 2000
548659 2000
563261 2000
36691 2066
132419 2066
136229 2066
301284 2066
261386 2066
536156 2066
127625 2066
730518 2066
730519 2066
730520 2066
885340 2066
14325 2104
19562 1868
53566 2104
113805 2104
300759 2104
300761 2104
300762 2104
300766 2104
300767 1868
300769 2104
300770 2104
300771 2104
33935 2193
148195 2321
366133 3109
17900 2305
84941 2305
122678 2305
268547 2305
241208 2305
63856 2305
535870 2305
610819 2305
670924 2305
817 2432
294683 2432
308345 2432
96223 2442
43469 2442
99371 2442
281817 2442
327939 2442
340691 2442
483849 2442
94476 3210
191714 3210
277175 2480
290661 3210
304998 2480
186789 2480
468167 2480
468115 2480
644542 2480
521882 2480
709528 2480
492364 2480
243797 623
365380 2542
506522 2680
34436 2926
100161 2926
90359 3858
142139 2681
190513 3858
241374 2145
248047 2146
310534 2145
107435 2682
310520 2926
325673 2728
553623 2681
668351 2926
1148 1178
1522 2719
79375 2693
133257 2719
133258 2719
97838 2693
133712 2693
235906 2693
45104 2693
263233 2693
383193 2693
312268 2719
533398 2693
533401 2693
42933 2146
1920 3827
244190 2817
310533 3827
143768 4344
324394 3858
88241 3185
128860 3185
128979 3185
194308 3185
195134 3052
201299 3052
202148 3185
347739 3052
466885 3052
472860 3052
632000 3052
684916 3185
40141 3185
70291 3185
94464 3185
174403 4005
8903 4005
525166 3185
21784 4005
4355 3220
70985 3220
193755 3220
278444 3220
379357 3220
27555 3220
445507 3220
445508 3220
445509 3220
445512 3220
445513 3220
445514 3220
445515 3220
788793 3220
59334 3445
59338 3446
64775 715
128451 3446
59340 3445
177926 715
188342 3446
188343 3446
188356 3446
426213 3446
426195 3446
426214 3446
506804 3446
467719 715
115813 3544
169212 3544
239136 3544
328107 3544
107768 3544
427694 3544
485613 3544
45689 3544
607058 3544
607069 3544
666667 3544
666670 3544
624534 3544
807652 3544
89473 3714
267362 3802
291637 3714
377653 3802
383731 3714
470832 3714
492884 3714
492895 3714
492896 3714
492897 3802
543303 3714
692611 3802
692613 3714
692615 3802
148517 3737
539864 3737
571687 3737
835282 1750
909759 3737
145736 3935
563925 4266
422745 2142
650593 3935
837707 2142
177068 144
233637 145
709935 1191
704 260
8981 260
11091 260
56133 260
391661 260
644 440
19102 441
20108 441
38170 441
151974 440
31175 440
299293 440
299294 441
363280 440
363283 441
363287 440
363291 440
1755 580
114788 580
114814 580
120969 580
143838 1435
316118 580
316120 580
316121 580
316122 580
56913 689
56996 689
58285 689
58385 689
59316 715
59326 715
59327 715
59336 715
426172 715
426161 3445
778335 715
7906 752
25568 752
35878 752
38870 752
63198 752
53810 752
43875 752
3944 847
27844 847
1042 2688
1708 2688
39844 2738
60946 847
21137 2738
42133 3503
114927 2738
142048 847
315497 847
315520 847
6084 874
114116 874
142145 874
114117 874
231797 874
335723 2424
33992 904
113961 904
99905 904
229061 904
324554 904
478320 904
478321 904
478322 904
245057 945
304776 945
304777 945
304780 945
304781 945
304783 945
328140 945
365980 945
88443 1421
96681 1421
443119 986
481423 986
481439 986
467113 1421
615258 1421
820725 986
820726 986
820729 1421
359124 987
33771 1048
139159 1048
145382 1047
151130 2910
323918 1048
43581 1048
245387 3697
51881 2609
65601 1078
66061 1078
254937 1078
289284 1078
340341 1078
383719 1078
444059 1078
444060 1078
443786 1078
444061 1078
140261 1768
143053 1104
143062 1104
108128 1104
86804 1141
100107 1141
394210 1141
427894 1141
481223 1141
559999 1141
560001 1141
560009 1141
373840 1195
34123 1197
1894 1197
141274 1197
151360 3653
1978 3653
286809 1293
335369 1197
533658 3653
587861 1197
235629 1293
140972 4259
341029 2682
381494 1293
615579 1293
615583 1293
537723 1309
537726 1309
537729 1309
537733 1309
265473 1325
37611 1410
98128 1410
173648 1410
173788 1766
174025 1410
174049 1410
174106 1410
114793 1452
132540 3838
180823 1452
302454 317
610 1545
59224 3470
143560 1545
245097 1545
151516 3470
288635 1545
297548 1545
328064 1545
428321 1545
562451 1545
704913 3470
90948 2559
216757 1588
272540 1588
361738 1588
377323 3201
448282 4121
647076 4121
696782 1126
759074 3201
759075 3201
759077 3201
217971 1731
5845 1782
141587 1782
227769 1782
12117 1802
131627 1284
229728 1802
335827 1802
12087 1954
241830 1954
253938 1954
668457 1954
668458 1954
668459 1954
668460 1954
668462 1954
668464 1954
668467 1954
668473 1954
680911 1954
680915 1954
4308 1959
274230 1959
274250 1959
274294 1959
274295 1959
143562 3172
323988 1961
561270 2832
58906 1996
199541 1996
310945 1996
477284 1996
74539 2014
65938 2014
99853 2014
235857 2014
298934 2014
556617 2014
663710 2014
2006 2020
278961 2020
230129 3503
675525 2020
675526 2020
727929 2020
727930 2020
16129 2021
31571 2021
126547 2021
289439 2021
289440 2021
289449 2021
66195 2021
241216 2021
145100 2021
383902 2021
383909 2021
383929 2021
196735 2091
104091 2091
361755 2279
727013 2279
64504 3183
121504 3183
90010 2291
90145 2291
188850 2291
373692 2291
373694 3182
373696 2291
471153 3182
747890 3149
757883 3182
853 2307
39694 3157
152626 2307
310151 2307
178581 3156
452686 3156
227278 3157
18588 2359
114022 2359
255108 2359
256817 1298
297320 2359
297373 2359
297377 2359
438586 2359
478777 2359
478778 2359
478794 2359
14486 2376
89325 2376
128031 2376
475996 2376
475997 2376
475998 2376
476000 2376
476001 2376
297543 2376
476002 2376
476005 2376
476010 2376
476012 2376
283806 2405
321608 2405
310703 2405
706361 2405
176529 2408
283776 2408
301049 2408
434420 2408
439903 2408
509972 2408
553304 2408
611508 2408
684856 2408
706325 2408
706326 2408
112898 3652
343354 2415
70282 2417
136918 2414
1998 2424
254939 2424
324818 2424
339381 2424
283989 2424
2118 2424
774384 2424
18635 2553
143738 2501
295783 2553
299575 2553
311644 2553
376269 2553
713721 2553
152649 1233
207791 2604
327123 2604
297076 2604
750377 2604
840249 2604
569570 2604
840251 2604
840252 2604
34578 2375
5949 2539
291771 2671
1724 2742
182517 2741
141309 2741
303269 2741
315797 2741
315799 2741
2100 2741
721940 2741
56956 2841
188262 2841
327299 2841
327302 2841
244976 2841
93701 2849
106225 2849
33870 2874
34241 2874
59523 3222
91559 2874
452468 2874
452469 2874
113637 2933
245029 2933
288173 2933
302472 2933
402480 2933
677129 2933
34649 2949
99628 2949
323931 2949
345005 2949
345055 2949
140159 2949
64152 3020
84631 3020
106678 3020
689807 3020
689820 3020
488558 3020
697002 3020
39279 3137
102709 3137
104710 3137
106932 3137
368953 3137
370079 3137
471610 3137
652998 3137
691359 3137
704372 3137
704395 3137
755568 3137
273902 3137
64466 3318
95306 3318
192798 3318
314168 3318
394225 3318
4953 305
423981 3318
688493 3318
58135 3325
395137 3337
398377 3325
686450 3325
141234 3921
69067 2517
90707 3534
81932 3534
191500 3534
191699 3711
203212 3534
2024 3534
108127 3534
378925 3534
489513 3534
746836 3534
278781 2103
107507 3590
336968 3590
392750 3590
739582 1126
390135 3605
395282 3605
404315 3605
404320 3605
470085 4276
474678 3605
536151 3605
536257 3605
772658 3605
630514 3605
772661 3605
404327 3605
895413 3605
113835 3697
99155 3697
205620 3697
233736 3697
233743 3697
638512 3697
638513 3697
638514 3697
638515 3697
638516 3697
638517 3697
638518 3697
67541 3797
183680 437
269859 3797
318758 3797
495936 3797
619036 3797
692546 3797
692548 3797
523753 3797
729819 3797
885106 3797
885107 3797
294272 3992
468585 3992
648135 3992
648136 3992
465166 3992
305862 3613
857402 3992
857403 3992
881043 3992
881045 3992
881047 3992
881048 3992
914516 3992
102857 4005
104018 4005
50516 4005
269103 4005
713805 4005
713808 4005
713811 4005
713814 4005
778602 4005
799231 4005
263664 4292
442946 4292
570130 4292
679948 4292
679950 4292
741672 4292
521097 4292
837451 4292
874859 4292
390136 4292
874860 4292
874861 4292
874862 4292
380392 4539
648988 4539
648989 4539
648990 4539
406159 4539
693920 3088
761084 4539
857832 4539
857835 4539
857836 4539
857833 4539
857839 4539
857840 4539
1 6
183 6
80143 3128
188547 6
188548 6
188553 6
188556 6
4776 3838
188561 6
626422 6
29552 403
31876 2332
31601 2963
184697 430
259330 430
259335 430
183802 455
183962 455
18392 611
55244 611
56224 611
144570 611
277092 611
296548 611
244154 611
3018 641
3089 641
35763 641
56885 641
58916 641
406697 641
406711 641
370833 641
406698 641
406713 641
406715 641
731228 641
64328 671
37461 673
464346 671
58362 690
58529 698
58534 702
59088 707
284831 707
284489 795
11698 793
33893 793
42676 793
82932 792
467964 793
99212 3276
484666 878
3364 899
115048 902
178475 902
105734 901
253738 4248
279385 3828
440256 899
482249 902
482252 89
11425 988
13665 988
130453 988
130454 988
132851 988
132857 988
97360 988
53764 1004
298076 1004
489642 1004
489644 1004
192187 1004
627772 1004
96352 1026
96383 1026
96451 1023
43221 1023
43294 1026
163917 1026
388286 1023
494243 1026
519851 1023
522536 1023
596792 1026
596902 1026
11165 1057
13582 1056
139816 1057
139818 1056
139823 1057
139824 1056
139833 1056
139835 1056
139837 1057
12683 1057
139842 1057
139843 1057
37678 2643
49935 2643
140474 1113
143490 2643
140267 1113
140091 1113
140092 1113
546981 2643
547259 1113
830594 1113
10498 1178
4313 1178
41386 1178
42242 1178
42361 1178
173267 1178
44659 3982
173321 3982
126728 1211
134877 1211
98771 1211
166357 1211
213731 1211
441963 1211
109068 1211
505443 1211
787048 1211
6438 1292
257123 1266
32234 1287
34666 1287
61077 1287
283615 1287
305026 1287
305044 1287
327494 1287
508142 1287
303582 1287
1899 1314
159002 1314
44554 1314
159109 1314
272642 1314
599116 1314
839928 1330
15890 529
37749 1414
98258 1762
150176 2294
45386 529
686922 1413
693477 1414
693493 1413
174093 1414
723380 529
37881 1543
71727 1543
193618 2292
193635 1543
236874 1542
243198 1542
366627 1543
366628 1542
366648 1542
366675 1542
145597 1552
18161 1556
20327 1556
44679 1556
215679 1556
231089 1556
106995 1556
302979 1556
302980 1556
302985 1556
310880 1556
708404 1556
86853 1557
214385 1557
311630 1557
401111 1557
438558 1557
109134 1557
682363 1557
388261 1557
785437 1557
785438 1557
898366 1557
39683 1579
50994 3283
219536 1653
225019 1653
261275 1653
7557 1683
12035 1683
48979 1683
379005 3217
379006 1683
438133 88
458017 1683
458020 1683
458021 1683
35610 1689
211269 1689
439821 1689
126890 1695
303675 1695
217422 1711
224146 1711
103010 1719
185747 1719
401867 1719
538393 2118
617084 1719
684687 1719
558476 1780
114804 2429
114806 1990
43413 1789
44922 1789
271948 1789
372940 1789
482613 1789
482618 1789
228981 1795
459533 1795
459539 1795
459540 1795
78075 1809
91025 1809
230269 1809
230270 1808
105619 1809
107808 1809
454265 1809
56768 1867
98768 1867
139959 1850
551263 1867
558574 1867
339907 1944
33774 1962
56474 1962
143437 1962
142160 1962
243006 1962
284699 1962
107075 1962
301877 1962
333545 1962
329268 1962
14445 2105
28703 2105
236085 2105
280547 2105
131057 2105
280552 2105
280553 2105
280555 2105
36360 1196
243780 1196
256761 1196
290175 2125
428594 2142
258528 3827
534543 3827
534546 3827
104704 3243
50504 2253
267477 2253
50505 2253
267478 2253
267479 2253
267483 2253
267484 2253
267485 2253
45764 2770
690442 2253
179558 2261
462271 2261
484481 2261
680586 2452
699827 2452
24702 2301
18292 2299
4617 2299
119096 2299
190151 2299
275056 2301
275057 2299
275058 2299
296416 2299
235867 2393
120475 2393
280735 2393
280825 2393
185231 2393
82996 2419
6184 2420
45092 2420
284458 2420
284459 2420
316109 2420
284191 2419
17686 2516
26841 2516
242617 2516
141650 2516
358164 2516
398086 2516
377502 2516
398088 2516
9672 2593
188672 2593
270184 2593
300116 2593
300124 2594
300129 2593
300146 2593
117658 2615
220148 4128
75024 2615
352053 2615
356729 4128
368690 2615
404252 2615
649713 2615
649715 4128
20547 2629
46303 2629
69347 2629
31120 2629
87373 2629
126182 2629
126184 2629
303541 2629
444675 2629
444691 2629
720356 2629
144274 2674
227970 3824
325819 2809
325825 2809
673603 2809
151325 2896
289956 2896
334204 2896
397590 2896
397591 2896
397592 2896
397595 2896
397600 2896
397601 2896
192660 2944
444852 2941
611325 2941
777367 2941
243509 3016
356335 3016
356342 3016
241451 3087
355229 3085
637460 3087
667954 3087
667955 1045
667958 3087
715164 3085
863813 3087
378714 3102
749860 2577
188834 3183
188841 3182
188842 3182
373701 3182
471147 3182
471162 3182
139698 3858
143057 3262
64829 3262
275197 3262
276830 3262
495396 3262
544267 3262
560754 3262
560760 3262
393084 3309
490255 3309
101566 3331
244719 3331
107505 3331
603157 3331
603273 3331
603274 3331
674006 3331
726584 3331
58203 3336
140544 3336
614424 3336
678077 3336
678086 3336
35037 2799
334344 2717
335716 2713
585232 3343
139239 3367
236674 3367
236725 3367
471098 3367
531409 3367
592730 3367
669242 3367
762529 3367
801176 3367
801178 3367
801180 3367
227107 3729
440456 3729
446359 3729
637948 3729
656503 3729
656507 3729
698794 3729
698799 3729
786493 3729
789431 3729
877215 3729
623644 3729
133432 3822
153905 3822
171139 3822
171258 3822
480240 3822
431218 3822
578147 3822
578177 3822
578182 3822
578189 3822
578202 3822
578206 3822
99170 3838
151391 3838
237388 3838
276290 3838
312337 3838
333573 3838
587935 3838
587936 3838
626437 3838
348718 4476
434102 4476
604309 4476
744056 4476
834503 4476
883947 4476
348719 4476
922709 4476
922711 4476
922712 4476
922713 4476
189052 4476
238024 144
245925 3376
505094 144
47219 148
112738 148
112739 148
9944 16
9959 16
9962 151
9989 16
87272 3598
198606 3598
229501 3598
229649 151
35627 341
56699 3030
146280 341
256336 3677
4156 439
31642 439
31643 439
31646 439
31648 439
31649 439
31654 439
381799 439
381804 439
381805 439
21039 493
50087 493
281992 493
389392 493
489619 493
55387 614
55490 614
86150 614
174491 614
392822 614
393860 614
241746 614
61147 621
233313 621
236806 621
236807 621
236813 621
55350 622
118264 622
205626 622
393423 622
768022 703
59277 2830
113988 713
284566 1841
287409 713
408555 713
7395 1673
31536 507
35616 721
62762 721
206526 721
206527 721
206528 721
206530 721
90078 801
142108 801
457084 801
457091 801
457099 801
457163 801
457223 801
237288 851
282622 851
486985 157
496316 851
506788 971
538756 851
663831 851
738433 851
663834 851
881686 851
887010 851
90973 3396
453152 866
477725 866
243349 866
4410 897
42867 897
151435 897
152120 897
78999 902
437791 901
482250 901
335184 4452
738035 4452
40683 927
65962 927
443872 927
443873 927
443874 927
443875 927
443876 927
788082 927
443878 927
72374 962
149619 962
196890 3146
271586 4309
534766 962
570342 962
28531 1033
52177 1033
137781 1033
138753 1033
254091 1033
65298 1033
370898 1033
33808 2422
58577 1052
153903 1052
314541 1052
330949 1052
364346 1052
57512 1123
142156 1123
561919 1123
11253 667
33817 2863
143818 1124
42149 1378
337592 1378
443799 1378
81437 1378
11500 1386
96735 3788
233587 3788
520790 3788
325926 1392
177828 1428
177842 1428
102852 1428
177864 1428
177872 1428
398519 1428
612426 1428
612430 1428
3320 1441
26284 1441
35385 1441
178435 1441
274540 1441
509288 1441
509289 1441
615384 1441
689222 1441
86052 1461
182625 1461
315081 1461
373803 1461
365028 1461
758052 1461
758053 1461
758055 1461
220 1520
73699 3556
171070 1520
190106 1520
190107 1520
190112 1520
190113 1520
190126 1520
454962 3556
454964 1520
454965 1520
366664 1542
30592 2239
264520 2239
264521 1561
29619 2239
264522 2239
264523 2239
264524 2238
264525 2239
264527 2238
264528 2239
30954 1610
97215 1610
142607 1610
356703 1610
455129 1610
90328 717
559183 1610
721393 1657
721396 1657
202274 1674
195211 1674
247592 1674
523551 1674
523557 1674
523563 1674
523586 1674
633236 1674
69550 1469
135039 1707
102249 1707
103716 1707
26915 1707
104746 1469
270345 1707
27041 1707
452147 1469
531264 1707
253581 1469
8040 1955
15920 1721
74487 1956
118328 1721
242044 1721
242045 1955
236655 1955
242126 1721
439908 1721
140179 1764
126834 1764
352086 1764
215629 1935
241396 1943
77513 1956
383528 1956
473304 1956
669897 1956
669898 1956
669908 1956
669910 1956
5820 1967
5840 1967
18630 1968
151239 1968
192779 1968
243836 1968
448947 1969
448950 1969
28220 2061
53685 2041
69043 2041
251882 2041
251890 2041
251891 2041
239159 2041
251894 2041
27947 1156
29554 1156
133716 1156
210952 2047
529322 1156
29975 2128
59253 2128
114647 1971
196679 2128
393385 2128
393386 2128
129356 2210
133379 2210
263197 2210
263198 2210
263200 2210
533758 2210
691839 2210
691843 2210
691850 2210
30559 2236
15926 2262
35698 2236
42241 2236
130901 2236
182128 2236
269858 2262
350608 2236
350611 2236
212813 1203
300949 2244
300950 2244
49290 2272
95450 1475
134535 2272
154468 2270
295331 1475
298143 1475
356708 2272
356713 2270
713604 1475
713611 2270
713613 1475
26266 2287
83815 2287
274459 2287
376538 2287
422560 2287
460894 2287
488657 2287
696404 2287
696405 2287
640945 2287
696408 2287
87098 2325
210388 2325
41429 2327
144242 2327
103764 2327
297496 2327
176823 2327
461202 2327
627997 2327
35779 2340
320445 2340
320451 2340
320452 2340
320453 2340
320454 2340
320456 2340
320461 2340
2066 2340
729451 2340
731167 2340
202737 2344
140347 2418
184020 2547
291278 3333
248801 2418
620937 3333
33766 2430
164278 2430
399782 2422
25891 2440
58563 2441
121889 2441
97454 2441
285118 2441
285120 2441
285121 2441
25969 2454
34765 1112
235650 2454
330655 2454
551116 2454
290653 2479
290655 2479
290658 2479
17578 2514
143727 2514
508269 2514
629270 2514
668324 2514
48937 2528
383245 2528
480074 2528
109339 2528
190635 2543
107291 2543
317266 2543
456317 1528
504681 2543
109789 2543
565570 2543
729303 2543
835929 2543
835930 2543
313590 2590
726668 2590
140318 2636
610449 1581
610450 1581
139723 2642
687152 2642
140080 1070
547256 2643
144362 2643
809 2647
76482 3481
304909 2647
390003 3481
436476 2647
436478 2647
436479 2647
436480 3481
436481 3481
436482 2647
436483 2647
106212 2679
341016 2679
341017 2679
143401 2725
102627 2726
266553 2726
315044 2726
315047 2726
315048 2726
315049 2726
624138 2726
624141 2726
64200 2865
126313 2801
142481 3401
233177 2801
301912 2801
444758 2822
4274 2994
256481 2963
352603 2994
348738 2987
352606 2987
352611 2987
352613 2994
352615 2987
352623 2987
352624 2987
49844 2994
39420 3085
159051 3085
361203 3085
361215 3085
370485 3085
545087 3085
346036 3085
114111 3145
366973 3145
356309 3145
370714 1425
370718 3145
406681 3145
590761 3145
446514 3145
370724 3145
40284 3193
249625 3193
303737 3193
350201 3193
352196 3193
376396 3193
440168 3193
476235 3193
569310 3193
569318 3193
474482 3260
209406 3260
376768 3260
750834 3260
750840 3260
243381 3284
245378 3919
389877 3284
705309 4863
705310 3333
705311 3333
4383 3340
56061 3340
90346 3340
115028 3340
34905 3340
100292 3340
378638 3340
545480 3340
545484 3340
545485 3340
135357 3406
193192 3406
268835 3406
377150 3406
629035 3406
629041 3406
629044 3406
629045 3406
629048 3406
629051 3406
851053 3406
88172 3606
135633 3606
59776 3606
466783 3606
466784 3606
466785 3606
466786 3606
466788 3606
466790 3606
466797 3606
466810 3606
28688 3690
169980 3690
320957 3690
397703 3690
487518 3690
516978 3690
599875 3690
233708 3690
599883 3690
599884 3690
599885 3690
176312 3755
251023 3755
610454 3755
648297 3755
675795 3755
804232 3755
610455 4514
804233 3755
904367 3755
461660 3824
564539 3824
139137 3858
140718 3858
324924 3858
615630 4024
615631 4024
615635 4024
615636 4024
615637 4024
615638 4024
615639 4024
846939 4024
846940 4024
846949 4024
446527 4032
446529 4032
660610 4032
660611 4032
789533 4032
789534 4032
789535 4032
789536 4032
789537 4032
789539 4032
789540 4032
216479 1930
434667 4201
469329 4201
783099 4122
783102 4122
783103 4122
783104 4201
783105 4201
783106 4122
188865 4122
783107 4122
25825 309
25856 309
25884 311
16012 311
25908 311
25915 2445
25955 311
8602 385
30897 432
39491 432
202584 432
270624 432
270625 432
270634 432
270641 432
119365 437
98119 437
365008 437
309126 437
473376 437
473378 437
619033 437
764285 437
48815 452
253454 452
462647 452
538620 452
538626 452
538627 452
264948 534
264950 534
264957 534
45200 3083
532098 534
547192 534
34679 678
135247 678
1943 678
662 1929
143660 724
427200 724
537358 829
86022 870
114813 870
447148 870
661351 870
661352 870
612433 907
612462 907
124619 932
124636 932
494673 932
494674 932
445747 1001
441089 1001
817327 1001
817328 1001
817329 1001
817330 1001
817331 1001
817333 1001
817334 1001
817335 1001
178754 1010
198318 1010
394493 1010
394504 1010
394513 1010
139828 1057
139836 1057
58595 2436
407314 2436
114632 1146
134387 1146
144973 1146
145079 1146
106655 1252
306367 1252
344180 1252
366925 1252
446479 2172
446496 1252
39086 1340
100151 1340
101570 1340
102637 1340
347227 1340
345682 1389
545645 3861
604428 1389
604429 1389
604430 1389
604431 1389
33711 1454
58711 1454
68325 1454
107480 1454
399137 1454
426542 1454
426545 1454
97534 1528
270305 1528
478790 1528
489150 1528
456544 1528
692816 1528
692819 1528
7378 1668
206269 1668
206270 1668
206271 1668
104896 1668
504732 1668
109635 1668
640016 1668
647236 1668
206278 1668
89174 1948
86942 1729
124920 1729
105084 1729
456070 1729
456071 1729
482028 1729
126227 1746
96490 1746
148076 1746
170212 1746
428589 1746
609802 1746
572046 1751
7671 1757
408007 1757
9940 1805
5912 1805
288180 1805
144765 1850
235567 1850
247712 1850
320927 1850
11934 1928
29937 1929
63517 1929
254803 1929
254805 1929
106232 3823
334624 3823
533967 3823
25975 1979
78085 1979
133182 1979
145050 1979
242042 1979
244438 1979
456629 1979
585037 1979
34839 2006
114661 2006
244265 2006
478700 2006
478702 2006
478705 2006
395269 2006
29889 2025
373848 2025
373855 2025
373856 2025
440060 2638
130807 2090
211347 2090
95213 2127
91402 3776
256847 3776
214753 2127
365533 3459
60958 2130
128302 2130
270267 2130
270322 2130
270380 2130
512985 2130
512997 2130
692760 2130
692958 2130
178293 2221
471383 2221
438400 2229
264519 2238
18773 2260
61740 2260
125211 2260
77876 2260
257918 2260
269533 2260
77879 2260
4783 2296
49423 2310
90637 2310
277965 2310
277969 2310
358392 2310
407244 2310
466324 2310
466331 2310
466336 2310
700585 2310
31613 2329
21212 3376
192799 2329
31882 2334
42811 2334
132289 2334
145013 2334
480478 2334
90496 2348
300945 2348
340400 2426
25977 2455
33748 2455
1827 2455
127230 3351
212617 2455
243048 2455
328919 2455
970 2492
118944 2492
615294 2492
615297 2492
615301 2492
615304 2492
615313 2492
615316 2492
880 2511
34296 2511
56483 2511
293166 2511
713444 2526
83017 2834
296365 2540
575488 2540
105057 2610
250884 2610
253573 2610
529733 2610
487929 3692
506729 2610
648502 2610
648528 2610
674689 2610
61080 2628
263108 2628
230218 2657
307882 2657
490682 2657
545144 2657
658454 2657
530422 2657
658457 2657
658459 2657
722611 2657
97711 2660
266556 2660
308269 2660
308273 2660
308274 2660
530099 2660
530101 2660
530104 2660
530105 2660
256804 2668
337194 2668
337199 2668
140593 2699
545776 2699
33820 2864
33866 2864
244133 2712
331095 2712
332111 2712
34468 2730
230308 2012
1689 2737
183921 2737
174030 2737
291007 2737
29813 3065
597300 3065
774267 3065
841545 3065
359156 3065
910178 2753
922368 2753
922369 2753
922370 2753
922372 2753
58588 2795
244787 2794
56040 2799
227759 2799
396678 2799
140736 2805
248025 2805
330995 2805
333528 2805
423355 2805
99261 2810
99813 2810
144238 2810
237335 2810
227813 2828
58841 2835
86856 2835
120520 2835
291034 2835
306509 2835
66198 2835
327997 2835
34535 2935
423829 2870
333899 2870
34570 2742
315808 2742
35165 2881
736584 2881
425012 2887
425013 2887
442186 2887
497352 2887
64498 2915
211961 2915
105618 2915
228944 2915
390224 2915
643229 2915
643230 2915
643231 2915
643232 2915
341038 2926
671708 2926
343245 2935
120973 2935
740728 2935
120595 2645
184787 1982
243999 1982
244002 2646
130343 3034
139559 3034
43682 3034
50105 3034
340225 3034
497482 3385
497485 3034
270884 3088
693918 3088
693919 3088
693921 3088
693922 3088
693923 3088
693925 3088
693926 3088
693927 3088
219972 3092
241478 3092
389412 3092
444121 3092
444128 3092
444141 3092
82132 3108
132210 3108
278052 3108
300701 3108
377479 3108
530601 3108
530605 3108
666968 3108
666970 3108
370704 3148
370713 3144
370721 3148
112821 3164
481367 3164
481369 3164
481371 3164
805945 3164
805946 3164
805947 3164
805948 3164
434082 3164
805969 3164
41027 3224
192665 312
177519 3224
411339 3295
395262 3335
409669 3385
493728 3385
587841 3385
775267 3385
147955 3835
181146 3346
429060 3346
573569 3459
573570 3835
446642 3543
455374 3543
455375 3543
789593 3543
793922 3543
793924 3543
114842 3677
145810 3681
145811 3677
105991 3677
256805 3681
286790 3677
503886 3677
144716 3833
144312 3833
497429 3833
135734 2768
539519 3845
142709 3898
245537 3305
134916 3898
670286 3898
438469 3898
433948 3898
1946 3930
208336 3930
106279 3930
107415 3930
474516 4662
479893 3930
567420 3930
567422 3930
836592 3930
567424 3930
148367 3937
605669 4019
625712 4019
910316 4019
233356 4177
529252 3811
823732 4177
823735 4177
823737 4177
823738 4177
813676 4177
823740 4177
823741 4177
823742 4177
808083 4683
808087 4683
50750 139
465873 139
465874 139
465875 139
465876 139
465878 139
465879 139
109222 139
286900 2445
8392 315
40997 315
61043 315
121520 315
247951 315
230767 315
90327 315
814796 315
814797 315
13808 350
124233 350
104542 350
398554 350
507577 350
507578 350
37680 533
32432 533
32665 533
174807 533
392967 533
409646 533
409650 533
31077 600
121999 582
151082 582
43853 600
72484 582
178028 600
206695 582
396317 696
768671 696
918560 4971
927506 4979
929574 4971
929575 4979
929576 729
929577 4972
929578 4979
929579 729
930162 729
10165 733
53765 733
64676 733
64681 733
64682 733
64683 733
64688 733
64699 733
15832 798
12601 798
15878 798
797 798
255692 798
255694 798
143089 813
143092 813
143099 813
143135 813
43303 3662
105511 860
107549 860
524151 3662
524152 860
611369 860
821742 860
821744 860
821745 860
114648 885
95778 2518
506514 2472
506520 885
950 890
95753 890
429262 890
429264 890
543 913
11454 913
75592 913
86002 913
116907 913
267349 913
267350 913
39357 926
88664 926
350259 926
468942 926
25220 994
30558 994
28596 3027
135270 3027
264178 994
294269 994
530798 994
530799 994
530800 994
11191 1070
139853 1070
139862 1070
72418 1070
140523 1070
139890 1070
330743 1070
139783 1083
141463 1083
11250 1119
55283 3306
55354 3306
55367 3306
392758 1119
392759 1119
392760 3306
392763 1119
6854 1131
120501 1131
5955 1131
151644 1131
324795 1131
324798 1131
96044 1267
292332 1267
265408 1267
514164 1267
535818 1267
812073 1267
818519 1267
328332 3362
443283 1302
615581 1302
615584 3362
738581 1302
258894 2491
574626 1316
770150 1316
838866 1316
838867 2377
169531 1323
106479 1323
298726 1323
35162 1323
372992 1322
533185 1322
757487 1323
101568 1342
105827 1342
326595 1342
99587 1361
101834 1361
101873 1361
42322 1411
173996 1411
174059 1411
104753 1469
129609 1469
319103 1469
426800 1469
452142 1469
37394 1516
71497 1516
129109 1516
136932 1516
4784 1516
350347 1516
398072 1516
642757 1516
233071 4170
254363 1575
7342 1660
205605 1662
260339 1662
638500 1662
638501 1662
638503 1662
638505 1662
638506 1662
638507 1662
177249 1423
3620 1713
252265 1713
353500 1713
353501 1713
259589 1713
353502 1713
679808 1713
746341 1713
96375 1753
362173 1753
378194 1753
378214 1753
518134 1753
544103 1753
617368 1753
759487 1753
245292 2008
472048 2008
559732 1798
77395 1808
230184 1808
230300 1808
20882 1812
239889 1812
304402 1812
8334 1814
230356 1814
230357 1814
230361 1814
230363 1814
230364 1814
230365 1814
230369 1814
230374 1814
63656 1843
441119 1843
441121 1843
393112 1843
441123 1843
11689 1873
236131 1873
54597 1873
236132 1873
236133 1873
236134 1873
236135 1873
663016 1873
663017 1873
214431 1896
227814 1896
646654 1896
655625 1896
301991 1897
207851 1930
240297 1930
277392 1930
277202 2008
334169 2008
406699 2008
27806 2039
649 2039
13939 2039
51068 2039
249929 2039
249934 2039
249935 2039
283792 590
110199 2113
664132 2113
30026 2133
117549 2133
207330 2133
257735 2133
257739 2133
257742 2133
257746 2133
257747 2133
318698 2133
64170 2147
143994 2147
295217 2147
431585 2147
30534 2213
274232 2213
274235 2213
274286 2213
140165 1570
549653 2220
239481 2262
269861 2262
692558 2262
692564 2262
692575 2262
122310 2304
191726 2594
188626 2265
300131 2265
512724 2265
15960 2294
59099 2293
250856 2293
174039 531
366611 2293
366636 2293
366642 2293
366660 2293
140190 2330
192891 2330
569804 2330
569805 2330
332720 2884
332996 2884
321995 2375
81414 2395
138156 2395
282394 2395
283861 2404
93519 2436
141429 2436
143251 2436
332709 2436
58616 2451
114808 2439
114812 2451
114815 2451
114817 2439
114819 2439
212735 2451
261174 2477
290461 2477
343229 2477
300093 4388
334100 2495
334116 4388
458893 2495
300097 2495
543928 2495
717714 4388
17387 2508
143779 2508
46394 2508
180456 2550
326686 2550
394188 2550
521403 2550
567648 2550
664414 2550
735410 2550
114779 2617
216327 2617
328913 2617
328914 2617
305995 2216
306418 2649
366890 2218
366895 2649
243715 2678
328178 2678
32872 2722
175989 2722
260231 2722
409449 2722
294979 2722
409455 2722
105103 2731
290956 2731
360204 2731
435428 2731
481124 2731
749942 2731
749943 2731
749944 2731
749945 2731
117509 2754
212770 2754
317977 2754
317988 2754
317994 2754
317996 2754
318003 2754
57504 2797
325094 2798
467495 2797
292020 2806
325738 2806
243864 2823
326508 2823
304299 2823
326514 2823
326521 2823
244801 2852
329124 2852
491333 2852
99523 2854
334765 2854
33806 2861
139633 2861
143009 2861
230201 2861
230285 2861
283899 2891
292888 2991
352619 2891
56495 2932
59100 2932
114052 2932
55815 3039
141215 2729
164269 2955
331219 2955
435295 2966
662480 2966
662481 2966
662482 2966
662483 2966
662486 2966
662487 2966
662489 2966
81457 3027
132349 3027
452977 3027
476106 3027
489611 3027
762807 3027
809437 3027
37781 3039
244766 3039
174412 3039
369207 3039
400976 3039
437169 3039
756064 3039
92540 3045
492854 3045
894409 3045
894410 3045
894411 3045
894412 3045
894413 3045
922056 3045
922057 3045
38677 2321
91469 3396
285058 3109
334571 3109
339695 3109
188845 3149
188848 3149
188849 3149
608829 3149
188863 3149
757869 3149
86419 3224
684703 3224
67466 3230
84430 3230
72393 3230
248590 3230
108309 3230
381277 3230
381284 3230
381285 3230
198774 3286
59248 3313
113629 2948
56551 3313
433535 3313
477062 3313
574875 3313
114823 3324
170364 3324
191573 3324
333112 3324
58557 3390
190916 3390
407074 3390
407075 3390
407080 3390
512772 3390
628382 3390
636574 3390
139829 3473
98664 3473
144837 3473
144841 3384
144862 3384
139844 3473
256074 3473
130395 3475
216878 3475
278917 3475
388414 3475
648200 3475
456100 3475
648205 3475
678816 3475
398062 3482
478302 3482
213035 3482
397239 3482
50191 3492
97921 3492
132508 3492
132545 3492
132591 3492
439489 3492
439491 3492
439493 3492
176489 3626
211868 3626
255228 3626
444549 3626
611087 3626
611089 3626
611090 3626
641666 3626
142431 3892
142829 3891
431333 3892
555183 3892
555566 3891
43588 3895
208571 3895
214299 3895
336516 3895
558130 3895
558131 3895
558133 3895
833350 3895
833347 3895
175321 3994
193291 3994
482102 4674
608077 4774
608078 4674
608079 4674
608080 3994
629313 3994
806277 3994
191808 4057
239129 4057
243229 4057
664421 4057
664422 4057
670222 4057
864406 4057
240151 4201
240337 4201
469331 4201
615453 4201
783101 4201
655842 4505
279294 4878
710460 4878
885080 4505
890694 4505
879868 4505
802997 4967
915127 4505
921208 4505
383394 4542
424644 4542
653480 4542
837962 4542
837964 4542
837965 4542
837967 4542
837974 4542
837976 4542
8642 29
31687 29
125310 29
107247 29
448679 3479
448682 3479
562010 375
14049 451
46391 451
31773 451
348714 451
710355 451
49316 529
233719 529
484334 3842
34253 560
57703 561
397366 561
33556 563
115907 563
325511 563
8723 574
36021 574
36033 574
36036 574
347879 574
18385 575
147813 575
194416 2363
202460 2562
261301 575
106517 594
430940 594
449292 594
449294 594
449295 594
123035 601
54572 971
289607 601
506787 601
708357 601
412649 601
815728 601
312422 647
34586 2914
397488 2914
58545 702
189059 718
348834 718
188358 718
570337 718
755893 718
677222 718
64437 726
334975 4450
320964 4450
334981 4450
6006 746
38014 746
40661 746
67286 746
117620 755
260106 755
379228 755
596707 755
89387 1947
503056 755
656442 755
841407 755
59120 795
82905 795
281487 795
449006 795
33592 800
39765 800
106900 800
335832 800
641973 800
9846 852
11915 852
33185 852
4303 852
93463 852
94060 852
94064 852
9848 853
266483 147
266486 4291
352580 2986
102903 3656
388672 522
570742 928
764544 928
696029 522
764545 928
298305 996
319455 996
537151 996
680352 996
680354 996
730223 996
114848 2802
484724 1081
1723 1090
141853 1090
288642 1090
550363 1090
143131 1092
142030 1092
142516 1092
142039 1092
276292 1092
357649 1092
548844 1092
143652 1118
213003 1118
564937 1118
11275 1144
34022 1142
151952 1142
152043 1442
324786 1142
148337 1172
717583 1172
57613 1196
116749 1196
126319 1196
150141 1196
73610 1200
220986 1200
505689 1200
505690 1200
376086 1203
529235 1203
538404 1203
706471 1203
744611 1203
823934 1203
152478 1223
152484 1223
152488 1223
361746 1223
336524 1284
404459 1284
161311 1307
593274 1307
593277 1307
321071 1373
322585 1373
294741 1381
297612 1381
301169 1379
712722 1379
98562 1385
482147 1385
25683 1419
176056 1419
176059 1419
176060 1419
176064 1419
176065 1419
176070 1419
3337 1445
12176 1445
179927 3179
180631 1445
487378 3958
585016 1445
142279 1459
3183 1534
103998 1534
21222 1570
178313 1570
276620 1646
204161 1656
207298 2466
628806 1656
305801 1656
637544 1656
51701 3268
121950 3736
150123 1690
104436 1690
404133 1690
455969 1690
637095 1690
772674 1690
147516 1694
565343 1694
835897 1694
835898 1694
835899 1694
835900 1694
9904 1723
133276 1723
104109 1723
213454 1723
633718 1723
633719 1723
646776 1723
603189 1767
227849 1771
11625 1862
39852 1862
68617 1862
43053 1862
160176 1862
598027 1862
21771 1862
326301 1885
425796 1885
425799 1885
735155 1885
612515 4004
105791 1939
240809 2845
240833 2791
243329 1939
453844 2791
666912 2791
140421 1940
256826 1940
561177 1940
561179 1940
243440 2003
244364 2003
305368 2003
339520 2003
438396 2003
57503 2012
35012 2012
245449 2012
671851 2012
15804 2015
42660 2015
148761 2015
188714 3603
247341 2015
174036 2015
362134 2015
460131 2015
239577 2027
248822 2027
248823 2027
537311 2027
676325 2027
676329 2027
14158 2028
37807 2028
279464 2028
357524 2028
357530 2028
276163 2028
748395 2028
199455 2086
212241 2086
230957 2086
629134 2086
634178 2086
634179 2086
642774 2086
254172 2089
67173 2089
254174 2089
254175 2089
254176 2089
254177 2089
254178 2089
30852 2137
30914 2135
153788 2135
270831 2135
55848 2176
97100 2148
771831 2176
30370 2174
261415 2174
261418 2174
318000 2174
675776 2174
679515 2174
686104 2174
30397 2196
262115 2196
262117 2196
262118 2196
262119 2196
262123 2196
628834 2196
654305 2196
268483 2256
421115 2256
353070 2281
563955 2281
571742 2281
571744 2281
745993 2281
191514 2304
275172 2304
275183 2304
24766 2306
95278 2306
101293 2306
210824 2306
109387 2306
275496 2306
489939 2306
34795 2324
34796 2324
35029 2324
405913 2324
644980 2324
1754 2332
189145 2332
331014 2332
629495 2332
629496 2332
864822 172
485020 2449
34003 1117
200059 3168
327951 2460
345739 3168
393407 2460
34427 2471
230388 2471
290170 2471
328047 2471
192562 2472
290278 3128
17781 2519
314455 2819
314462 2519
142599 2533
295939 2533
295952 2533
403975 2570
403979 2570
3640 2583
172622 2583
299456 2583
346396 2583
535947 2583
299457 2583
599860 2583
19946 2609
200189 2609
227148 2609
107355 2609
635551 2609
636056 2609
2357 2609
33900 2878
34105 2637
149060 2637
332621 2878
332622 2637
332623 2637
4236 2666
78394 2666
183354 2666
618923 2666
352981 2666
618924 2666
618925 2666
618927 2666
152496 2677
312885 2676
553099 2677
576346 2677
576352 2677
623837 2677
726187 2676
147619 2685
422270 2685
99002 2701
43625 2701
237148 2701
244383 2701
328806 2701
242892 2728
244071 2728
325917 2728
56368 2790
331437 2790
57574 2791
145375 2791
664117 2791
310079 2820
333912 2820
503887 2820
550832 2820
550835 2820
550836 2820
120524 3652
435012 2821
37836 2824
37962 2824
121414 2824
87834 2824
361260 2824
361261 2824
252513 2829
679226 2829
88406 2833
185078 2833
300349 3924
376515 2833
393406 2833
45279 2834
301890 2834
394925 2853
44564 2858
171247 2858
168193 2858
556843 2858
600195 2858
600197 2858
600199 2858
842483 2858
192814 2872
331979 2872
348129 2872
34083 2902
161458 2903
334997 2902
604808 2903
604809 2903
98606 2906
273698 2906
280043 2906
106824 2906
389535 2906
389539 2906
389540 2906
34155 2908
236929 2908
106436 2908
335686 2908
335712 2908
311249 2908
335736 2908
364274 2912
431794 2912
34386 2914
292990 2914
34379 2919
59254 2919
65475 2918
114847 2918
284837 2919
664162 2918
259380 3101
365371 3101
401454 3101
735257 3101
117941 3146
177834 3146
489043 3146
489045 3146
612337 3146
50734 3271
86565 3271
383988 3271
462979 3271
462980 3271
462983 3271
462984 3271
797619 3271
43287 3300
327469 3303
546643 3303
547132 3303
141177 3303
829613 3303
829614 3303
121206 3392
190756 3393
615608 3346
95200 3440
161558 3440
243624 4214
304346 3440
315829 3440
423357 3440
120487 3444
106052 3444
308348 3444
181147 3444
778550 3444
67073 3461
78228 3571
93889 3571
227080 3461
227084 3461
227108 3461
430388 3461
430392 3461
96457 2342
96559 3509
96564 3509
96651 3509
96756 3509
97147 3509
312774 2342
109689 3509
42531 3525
96411 3525
96417 3525
119672 3525
251517 3525
460728 3525
462050 3525
605506 3525
263058 3526
557463 3526
93548 3541
137314 3541
216443 3541
566242 3541
566254 3541
566256 3541
566258 3541
227068 3571
430361 3571
430365 3571
430372 3571
430385 3571
457008 3571
90141 3636
474159 3636
474160 3636
474161 3636
474164 3636
474165 3636
474167 3636
474169 3636
125691 3639
125742 3639
101673 3639
515062 3639
555875 3639
571035 3652
571039 3652
90314 3659
150482 207
576747 3659
576749 3659
576750 3659
576758 3659
839151 3659
128503 2290
368763 3670
61091 3670
507809 3670
507812 3670
511496 3670
816004 3670
816005 3670
91348 2792
91483 3681
400682 3681
736072 3681
118877 3684
244665 3684
345652 3684
486823 3684
486827 3684
486828 3684
486837 3684
673260 3684
476316 3710
476324 3710
492246 3710
492259 3710
804212 3710
810883 3710
287909 3720
213340 3720
621437 3720
126475 3734
168127 3734
252512 3734
252515 3734
475397 3734
679238 3734
679241 3734
813758 3734
131738 3805
207702 3805
676846 3805
527149 2207
916560 2207
916561 3805
174108 2207
916562 3805
106933 3807
528279 3807
823373 3807
823374 3807
823375 3807
823376 3807
110538 3807
97700 3813
137951 3813
213522 176
140917 3813
162539 3813
271758 3813
141181 3813
673444 3813
99961 3823
244759 3823
72646 3823
137159 3844
162038 3844
445122 3864
539373 3844
539374 3844
539376 3844
50474 3855
273574 3855
543857 3855
543859 3855
543878 3855
543889 3855
543897 3855
543901 3855
34906 2430
142345 3889
202307 3861
332302 3861
429363 2430
545637 3861
695737 3870
695738 3870
695740 3672
43516 3887
335495 3887
339986 3887
373229 3887
448883 3887
671679 3887
179957 4016
180640 4016
251390 4016
321534 4412
207518 4016
614651 4016
454353 4075
652292 4075
793584 4075
793585 4075
793586 4075
673867 4075
793589 4075
858781 4075
213125 4111
444591 4111
644170 4111
644172 4111
644173 4111
644176 4111
856394 4111
914295 4111
649714 4128
858020 4128
858022 4128
858023 4128
758324 4128
430639 4278
430647 4278
468035 4278
716441 4278
270337 4301
270368 4301
270374 4301
692872 4301
692873 4301
692874 4301
692876 4301
692877 4301
288128 4356
567369 4356
567370 4356
142149 4356
567372 4356
434867 4356
567373 4356
567374 4356
844043 4773
619070 4790
848145 4790
848147 4790
848148 4790
848149 4790
848150 4790
848151 4790
848153 4790
228890 86
266318 86
288608 86
304289 86
343107 86
691388 86
707974 86
241716 138
370453 138
115138 3674
180645 3674
399164 143
667693 143
37847 158
72364 158
358653 158
358655 158
264963 158
358657 158
409007 163
453304 163
453311 163
453312 163
772871 163
145416 186
199646 186
206498 186
228563 186
496605 186
25140 978
4044 290
15865 290
130962 290
130963 978
31926 2338
270266 294
270312 294
276976 294
699239 294
699240 294
699241 294
58444 3364
137045 3364
175578 361
204969 361
281474 361
400475 361
400478 3364
505745 383
15727 971
184298 393
9618 401
181879 401
300258 401
35354 426
40819 426
308011 426
308013 426
308015 426
212797 477
67177 477
377628 477
642955 477
479027 488
863595 488
651690 488
863596 494
863597 1720
20941 507
32833 507
227145 507
91439 552
393461 552
49799 623
352905 623
58150 693
58183 693
58353 693
114715 693
18332 2538
104884 967
273668 753
296343 753
300195 753
112768 777
106728 777
379 824
90452 824
90455 824
90458 824
90459 824
90461 824
135080 833
250021 833
515521 833
515523 833
515526 833
113730 864
289175 864
364427 864
126252 937
189058 1022
200364 1022
596890 1022
620279 1022
91205 1030
471712 1030
471587 1030
141895 1064
141863 1111
332386 1111
368182 1115
511701 1115
512062 1115
11241 1117
57294 1117
139928 1117
99420 1117
143601 1117
343374 1117
96630 1201
114770 1227
42825 1227
244017 1227
6176 1232
36343 1232
93320 1232
1907 1232
470145 1232
428100 1274
502235 1274
561958 1726
695156 1726
876229 1726
244515 1297
332377 1297
6482 1271
164446 1315
601219 1315
676049 1381
78135 1415
173699 1415
235590 1415
288772 1415
706927 1415
122453 1434
102701 1433
178000 1434
178014 1432
434347 1434
616896 1434
3324 1442
178656 1442
561950 1442
561955 1442
291717 1447
291722 1447
291723 1447
291725 1447
9632 1457
69187 1457
182133 370
633279 1457
633280 370
633281 1457
633283 1457
20206 1462
33684 1462
302761 1462
320096 1473
93845 1473
544870 1473
667035 1473
45065 1583
263157 1583
687585 1583
687587 1583
687611 1583
687613 1583
37924 1666
300345 1666
361003 1666
717781 1666
717783 1666
62508 1666
503185 1666
79151 3213
91422 1761
451045 3213
515661 3213
899857 1761
899858 3213
899859 1761
26345 1778
177919 1778
137817 3834
222675 1778
227579 3834
34293 1784
245389 1784
459854 1784
357044 1806
133037 1806
50083 1821
144015 2720
382024 1821
82416 1435
89472 1829
460596 1829
460597 1829
60953 1891
60984 1826
60985 1893
79122 1893
20806 1903
51791 1903
84405 1903
124379 1903
459977 1903
239629 1923
668495 4211
668496 4210
64792 1938
91033 1938
91128 1938
128668 1938
180487 1938
483541 1938
12053 1945
20716 1945
87446 1945
241490 1945
241494 1945
241495 1945
241498 1945
192807 1967
243196 1967
243199 1967
230132 1983
288394 1983
288399 1983
5880 1992
176478 1990
176481 1990
180460 1990
243579 1990
244673 1990
182119 1991
244670 1992
244680 1992
244682 1991
244691 1992
244693 1991
330647 2016
254587 2043
446481 2043
446485 2043
744305 2046
744306 2046
744307 2046
252526 2070
38804 2125
706518 2125
68011 2161
94853 2161
97987 2161
259661 2161
49015 2161
50997 2170
264908 2170
639772 2170
366745 2170
689569 2170
689570 2170
81644 2176
511761 395
73912 2200
331949 2200
331964 2200
395735 2200
479366 2200
735850 2200
886473 2200
283946 2208
206386 2235
188266 2235
721588 2235
80331 2266
217747 2266
453363 2266
792925 2266
24531 2319
5959 2319
275854 2319
275855 2319
275857 2319
335724 2319
309750 2406
556792 2406
43518 2409
283811 2409
553383 2409
34815 2437
144385 2437
161536 2437
286631 2437
448863 2437
143071 2437
288165 4351
311105 4351
724651 4351
16806 2485
291272 2485
291273 2485
291274 2485
109391 2485
17158 2501
139987 2501
254242 2501
302173 2501
17219 2504
118261 2505
292560 2505
292561 2505
292563 2505
292567 2505
292572 2505
59236 2515
300804 2515
433508 2515
1330 2556
297562 2556
297602 2556
297678 2556
216174 4121
452590 2559
790937 2559
790939 2559
298241 2560
57621 2580
100389 3922
147957 3922
716355 2580
204193 2621
204195 2621
637718 2621
287031 2621
20710 2631
39104 3123
31123 2631
368990 3123
368991 2631
368992 2631
368998 2631
29964 2650
70198 2650
179830 2650
3294 2650
482130 2650
545163 2650
569461 2721
36639 2770
38744 2770
199354 2770
319457 2770
633894 2770
633896 2770
11281 2785
35061 2784
340497 2784
45117 2794
671592 2794
43660 2796
284522 2531
55523 2807
207183 2807
106047 2807
55784 3365
197957 2837
400908 2837
400911 2837
400912 2837
296955 2865
33887 2875
135520 2875
38019 1305
42504 2879
85876 2879
330706 1305
361527 2879
486664 2911
34390 2922
55360 2922
94092 2922
152998 2922
243285 2922
340352 2922
345109 2951
345117 2951
345119 2951
683057 2953
37650 3003
52384 3003
80038 3003
115261 3003
179607 3003
489869 3003
35912 3066
352372 3066
746037 4891
746038 3066
746039 3066
746040 4891
746041 4891
143056 1768
456530 3093
403891 4347
403894 4347
546136 3172
847868 3174
912527 3174
912528 3174
912529 3174
912530 3174
912531 3174
912532 3174
50875 3181
294303 3181
373224 3181
373225 3181
373226 3181
373228 3181
192460 3183
471154 3183
471173 3183
40372 3198
376938 3198
376939 3198
376941 3198
376943 3198
376945 3198
174112 3198
277654 3200
715458 3200
761631 3200
715470 3200
715471 3200
890148 3200
892846 3200
479936 3210
479939 3210
479941 3210
296173 3222
155156 3222
506579 3222
714048 3222
199348 3276
279968 3276
388919 3276
764419 3276
764421 3276
392939 3310
508973 3310
495604 3310
272318 3346
334326 3349
227774 3349
396685 3348
397264 3347
622283 3352
898784 3352
923004 3352
923005 3352
923006 3352
923007 3352
928477 3352
193762 3358
572378 3358
707967 3358
58596 3394
335354 3394
341661 3394
462951 3394
286792 3396
407366 3397
774295 3396
114613 3397
314363 3397
97500 1310
514160 3405
527912 3405
527913 1310
527914 1310
109760 3405
823146 3405
41743 3411
80895 3555
43252 3411
435605 3411
435608 3411
454500 3555
783843 3411
139994 3442
251758 3442
59849 3442
4946 3442
424362 3442
59511 3472
363066 3472
363068 3472
363070 3472
363071 3472
434048 3472
434049 3472
98037 3506
89372 3506
489013 3506
492076 3506
537494 3506
537500 3506
537504 3506
69066 3533
352610 3533
450371 3533
62516 3533
898579 3547
922975 3547
922976 3547
928506 3547
928507 3547
928508 3547
928509 3547
192783 3653
192835 3653
112951 3663
282941 4339
704613 4338
704614 4338
704615 4339
879013 4338
879014 3663
117811 3739
2069 3739
401328 3739
503313 3739
517355 3782
814492 3739
905293 3739
96840 3789
211782 3789
282232 3789
351058 3789
392234 3789
471747 3789
267358 3802
692616 3802
394656 3834
573614 3834
652706 3834
652707 3834
359863 3853
462195 3853
542784 3853
814661 3853
828293 3853
905316 3853
124885 3866
3144 3866
742914 3866
742915 3866
742916 3866
742917 3866
43565 3882
551231 3882
831427 3882
286529 3906
478387 3906
561394 3906
561395 3906
147554 3924
286360 4349
504637 4682
705719 4682
504797 3951
789961 3951
101408 3970
201240 3970
332553 3970
107740 3970
399542 3970
205187 4102
27108 4102
454284 4102
638650 4102
638651 4102
638652 4102
638656 4102
192236 4265
340374 4265
684865 4265
684866 4265
684867 4265
684868 4265
684869 4265
272307 4316
471188 4316
486918 4316
695173 4316
28858 4316
695174 4316
801452 4316
424049 4366
939657 4366
939658 4366
939659 4366
939660 4366
939661 4366
939662 4366
429749 4413
490752 4413
109390 4413
666585 4413
701603 4413
809911 4413
809913 4413
441332 4619
637680 4619
810117 4619
854254 4619
854255 4619
854256 4619
854260 4619
455344 4642
793982 4642
900477 4642
923485 4642
923487 4642
923488 4642
923490 4642
456942 4645
534804 4644
566743 4644
794733 4644
794736 4645
794737 4644
794739 4644
771856 4902
812608 4902
589161 4902
756231 4518
904812 4902
904813 4902
904818 4902
709478 4998
570090 4998
709479 4998
280569 4998
709480 4998
709481 4998
709482 4998
18564 283
1735 283
25036 283
315878 283
264604 283
20674 387
159215 387
170984 387
392362 387
303785 387
299292 441
104150 499
318341 499
553668 499
633975 499
646327 499
749826 499
102993 597
43855 600
253637 600
681181 600
56589 679
58461 679
58480 679
560497 685
742942 685
58138 692
58264 692
353727 692
313831 2711
82983 792
83015 792
143912 241
549101 808
24496 818
90260 818
90262 818
122990 931
123217 931
69570 970
146258 970
452170 970
566591 2940
836350 2940
25104 972
39017 972
50950 972
129490 972
368702 972
389524 972
127601 122
270367 122
543814 1024
270418 1024
262600 4280
687786 1025
687790 1025
687792 1025
873919 1025
873920 1025
482592 1059
148627 1106
177428 1106
221326 1106
293966 1106
574165 1106
575341 1106
143841 1125
143906 1125
148649 1175
395554 1175
81212 1209
151928 1208
6185 1209
307335 4401
57566 1230
320950 1230
91065 1270
158574 1270
158578 1271
728121 1313
170056 1260
6913 1347
84033 1347
195260 1347
429282 1364
549539 1364
57744 1365
294881 1365
339890 1365
382142 1398
445336 1592
788780 1398
788781 1398
788782 1592
788783 1398
611722 1423
352941 1425
715038 1425
9103 1425
718884 1425
178244 1435
181060 1456
9659 1465
56198 1465
297577 1465
297591 1465
297640 1465
74970 1505
130164 1505
353627 1505
456340 1505
456345 1505
192999 1536
193669 1536
147029 1537
7166 1616
78830 1616
430271 1616
635520 1616
635523 1616
31640 1677
192343 1677
369848 4992
7622 1692
389446 1692
389449 1692
389453 1692
240196 1693
615455 3656
615456 3656
80812 1716
328218 1716
454322 1716
454323 1716
454324 1716
454325 1716
237748 1745
11745 1752
711 1752
899 1752
57600 1752
497739 1775
374058 1775
747898 1775
812766 1775
812767 1775
812770 1775
241771 1826
259321 4269
460949 4269
41193 1837
85943 1837
131304 1837
246738 1837
381192 1837
381193 1837
11555 1851
193131 1851
233948 1851
135854 1851
420710 1858
420711 4886
776781 1858
776783 1858
39184 1868
145767 1868
38044 1870
43386 3783
358120 1933
358123 1933
80524 1942
62647 1942
216477 1942
241259 1942
241260 1942
70186 1952
275189 1952
439796 1952
439797 1952
439804 1952
51862 1957
129762 1957
242197 1957
196304 109
538969 2035
637585 2035
637586 2033
637589 109
317719 2037
468518 2037
388275 2037
729402 2037
730060 2037
97025 2056
250961 2056
250963 4217
250962 2056
28266 2062
151378 2062
252138 2062
310977 2062
336466 2062
587912 2062
217321 2072
446106 2072
649055 2072
857864 2072
857865 2072
857866 2072
71939 2110
118646 2110
435564 2110
447155 2110
447156 2110
82907 2122
152549 2122
256323 2122
341921 2122
62378 2131
93958 2131
241459 2131
424547 2131
424548 2131
122479 2131
30071 2143
258425 2143
258426 2143
455425 2143
683631 2143
683637 2143
17962 2158
299860 2158
184101 2158
535615 2158
84105 2202
93636 2202
93733 2202
246545 2202
459314 2202
152404 2205
587934 2205
565627 2205
104769 2214
381778 2214
420783 2214
703739 2214
455797 2214
761413 2214
366904 2215
480985 2215
505307 2215
540678 2215
30630 2247
264995 2247
691404 2247
691405 2247
691406 2247
691407 2247
73618 2314
536931 2314
293121 2314
536935 2314
240468 2353
778805 2353
778806 2353
778807 2353
778808 2353
262195 2365
262200 2365
686925 2365
686933 2365
39311 2379
104061 2379
370148 2379
370152 2379
370158 2379
370159 2379
284174 2419
504091 2419
504094 2419
39062 2428
289991 2428
358073 2428
368809 2428
407216 2429
328017 2429
58707 2433
114876 2433
345216 2433
399103 2433
733271 2433
741920 2433
53747 2438
244730 2438
114816 2439
4975 2439
102775 2446
151716 2446
31619 2458
132577 2458
104785 2458
536878 2458
536879 2458
644454 2458
446842 2494
474100 2494
796568 2494
796569 2494
796574 2494
796575 2494
17068 2499
160503 2499
292202 2499
292203 3001
292205 2499
292207 2499
17716 2517
82725 2517
191623 2517
625079 2517
625080 2517
228249 2518
239482 2518
343314 2518
345237 2518
4312 2538
296345 2538
296347 2538
296348 2538
76260 2544
215385 2544
646339 2544
646340 2544
646341 2544
646343 2544
52301 2547
620936 2547
80315 1988
257467 2554
297564 2554
297643 2554
50035 2565
56064 2565
71337 2565
135032 2565
298424 2565
126317 2585
147790 2585
310900 2585
508246 2585
144472 2600
140403 1876
326221 2600
88950 2608
115094 2608
708566 2608
708574 2608
708576 2608
708582 2608
54585 2618
388496 2618
409675 2618
20739 2634
303955 2634
303956 2634
792621 2634
721132 2634
900147 2634
1339 2694
144263 2694
67561 2694
251096 2711
313829 2711
90307 2727
81211 2727
315152 2727
478615 2727
315521 3503
230154 2739
307891 2739
658301 2739
683432 2739
735226 2739
238756 2757
318096 2757
318098 2757
729583 2757
729585 4879
729587 4879
35549 2782
320422 2782
317918 2782
486441 2782
731248 2782
731250 2782
99327 2802
324659 2814
324663 2814
33637 2603
34487 2603
262524 2838
243965 2842
642970 4862
705134 4862
879102 2863
129061 2873
330797 2873
705802 2873
38672 2892
240807 2892
333824 2892
460249 1839
738769 1839
1826 2898
345053 2898
81779 2919
340077 2919
506515 2924
86509 1901
86627 2934
343228 1901
462907 2934
288197 2948
386342 2948
502265 2948
502266 2948
36024 2959
347882 2959
347883 2959
742960 2959
888011 2959
888013 2959
65636 2963
684902 2963
49704 3004
53660 3004
97066 3004
353087 3004
353088 3004
353089 3004
87095 3049
388668 3049
635124 3049
204577 3075
326144 3075
311100 3075
427134 3075
737169 3075
737170 3075
38213 3083
317267 3083
108108 3083
363488 3083
461695 3083
41918 3105
86456 3105
47200 3105
235876 3105
306745 3124
357782 4086
369028 3124
369030 3124
317660 3128
744112 3128
366383 3129
90265 3140
370550 3140
39793 3170
149138 3170
332369 3170
372694 3170
372708 3170
116740 3205
378315 3204
108281 3204
378318 3205
378321 3205
126315 3212
506532 3212
70518 3213
444737 3213
826492 3261
271292 3317
285172 3317
267351 3317
393764 3317
767038 3317
459333 3330
46753 3354
151236 3354
331057 3354
570854 3354
343147 3376
673609 3376
331159 3392
341853 3392
60699 3398
407679 3398
407680 3398
407684 3398
407687 3398
407688 3398
327985 3400
408518 3400
408519 3400
408520 3400
408521 3400
229493 3401
229499 3401
340052 3401
359540 3401
635301 3418
635302 3418
635307 3418
635311 3418
635314 3418
77887 3428
77891 3428
545971 3428
759940 3428
566489 3428
759942 3428
221546 3443
420922 3443
424485 3443
424490 3443
424492 3443
242620 3450
544240 3450
544241 3450
57132 3457
285053 3457
75499 3476
66042 3476
402500 3476
402501 3476
428488 3476
771768 3476
475010 3491
475011 3491
803463 3491
803464 3491
803465 3491
74384 3493
135509 3493
439670 3493
452772 3493
538883 3493
785925 3493
21197 3494
151220 3494
439778 3494
816178 3494
508272 3494
113855 3502
280145 3502
293926 3503
280154 3502
50090 3512
434945 3512
443681 3512
443684 3512
443685 3512
118093 3542
46415 3542
743055 3542
743056 3542
743059 3542
69946 3545
256808 2058
452814 2058
528018 3545
177253 3545
792969 2058
171542 3566
44768 2194
456858 2194
621549 3566
621550 2194
90626 3604
94512 3604
117555 3604
248369 3604
121679 3604
660433 3604
258739 3628
473542 3628
639989 4104
93926 3638
43448 3638
188712 3638
191854 3638
474681 3638
546082 3638
42799 3656
478007 3656
565952 3656
66121 3664
135413 3664
383531 3664
383604 3664
453884 3664
519415 3664
126709 3672
116187 3691
170239 3691
215602 3691
281777 3691
703594 3691
703596 3691
140362 3719
45155 3719
515059 3781
521045 3760
538295 3783
746568 3783
134495 3811
233985 3811
529253 3811
823734 3811
134578 3812
529546 3812
529547 3812
378373 3812
529548 3812
529549 3812
133857 3831
199964 3830
492127 3830
535233 3830
535237 3830
139731 3864
140140 3865
219906 3864
456468 3865
654427 3864
555917 1206
142647 3322
100671 3896
366679 4361
558516 3897
558529 3897
102702 3996
201220 3996
376608 3996
608880 3996
654448 3999
654449 3999
654450 3999
654451 3999
654452 3999
183457 4028
280126 4028
616808 4787
660695 4028
847423 4028
847425 4787
236998 4038
293028 4038
348155 4038
512575 4038
619407 4038
103688 4049
188408 4049
188474 4049
447565 4629
622946 4049
110075 4629
634950 4092
634951 4092
853104 4092
853106 4092
853108 4092
212671 4114
282342 4114
377581 4114
644409 4114
644413 4114
262745 4114
376018 4165
444858 4165
528479 4165
468442 4165
573417 4165
788398 4165
248124 4237
26032 4237
454488 4237
498084 4237
498087 4237
812935 4237
270321 4299
270324 4299
270328 4299
692845 4299
624432 4299
692855 4299
255567 4304
623303 4304
386519 4304
517443 4304
693224 4304
849281 4304
310901 4344
575253 4344
372711 4349
440841 4349
682348 4254
287612 4358
287663 4358
403011 4357
461319 4358
466174 4358
706813 4358
308968 4407
723674 4407
749618 4407
749620 4407
749622 4407
331659 4411
672501 4412
736013 4411
736014 4412
143796 4470
550983 4470
550986 4470
624431 4470
831281 4470
831284 4470
364786 4507
409613 4507
752326 4507
752327 4507
752329 4507
752330 4507
878801 4517
405657 4573
627850 4573
773318 4573
773321 4573
773323 4573
773324 4573
411005 4579
475653 4579
775793 4579
896132 4579
896136 4579
922435 4579
787882 4622
787884 4622
787886 4622
787887 4622
787888 4622
458654 4650
795493 4650
795494 4650
795495 4650
900834 4650
900837 4650
259755 1374
698396 1374
698398 4651
796258 4651
796259 4651
796260 4651
632934 4799
720199 4799
720200 4799
720202 4799
720203 4799
882911 4799
702207 4858
730344 4858
800264 4858
800267 4858
754702 4858
878338 4858
729584 4879
864037 4879
885169 4879
885171 4879
528961 4958
21873 4958
919542 4958
919543 4958
919544 4958
919547 4958
14515 127
261141 4277
483583 127
545615 3084
687027 2752
426459 136
778644 136
778645 136
14840 155
80356 3549
281717 155
281718 155
703928 155
366834 196
453729 196
679671 196
884910 196
77914 204
388741 204
729177 204
744339 204
14259 205
151101 205
272380 205
569329 205
4568 206
440318 206
440321 206
902826 206
41163 257
145445 257
477558 278
494003 278
30049 429
29410 429
30943 429
258083 429
240427 448
501448 448
374414 448
897624 448
897625 448
147599 449
292458 449
237115 449
565476 449
809084 449
336532 473
466764 473
799330 473
799331 473
799332 473
124310 505
611291 505
670374 505
745412 505
532992 2620
7281 506
182551 506
204417 506
204437 506
251918 524
255904 524
355743 4490
501260 524
205602 542
586763 542
638607 542
638608 542
638610 542
133525 578
350233 578
122831 587
122832 587
122833 587
361011 592
15905 613
73845 613
202746 613
335415 613
638993 613
389 620
55405 620
396370 658
83788 660
97180 660
434558 660
459155 660
459162 660
373 788
19693 788
58049 3713
233496 788
463749 803
604268 803
604273 803
669300 803
263890 838
689438 838
482248 903
511564 971
815731 971
15734 980
16827 980
131233 980
131242 980
131245 980
95843 1032
137302 1032
137308 3030
137321 1032
1935 1089
140272 1089
547420 1089
142071 1096
142073 1096
339980 1096
548710 1096
299699 1112
304385 1112
140699 1114
566304 1114
192359 1155
630213 1155
270572 1155
851521 1155
295278 1159
369260 1159
713500 1159
168275 1186
366957 1186
150741 1188
10725 1188
150753 1188
447 1198
33908 1198
34997 1198
332697 1198
43485 1285
99544 1285
550334 1285
831151 1285
370246 1286
283835 1300
332404 3191
757488 1322
366058 1355
489474 1355
809180 1355
439872 1367
483867 1367
652778 1367
615683 1387
8098 1403
173385 1403
477176 1403
605099 1403
605101 1403
94857 1404
173582 1404
173583 1404
173587 1404
183055 1463
183066 1463
183113 1820
230877 1464
183939 4045
521962 1483
620842 4045
620844 1483
530947 1513
542577 1513
653862 1513
659880 1513
828320 1513
41146 1544
91241 1544
627678 1544
660187 1555
660188 1555
861388 1555
178865 2997
178868 1577
103165 1577
103310 2997
103365 2997
456744 1580
458166 1580
479419 1580
635300 1580
853275 1580
42503 1599
100465 104
569516 1599
668039 1599
7271 1640
104326 4002
242551 1638
205608 1660
205609 1660
427715 1660
638508 1660
217165 1669
454610 1669
513672 1669
648822 1669
250096 4239
677241 1704
677242 4130
677243 4239
677244 4239
9898 1722
16428 1722
158634 1722
213395 1722
213415 1722
48984 1755
361854 1755
467041 4105
467043 1755
467044 1755
383621 1766
435139 1766
143585 1768
109128 1772
508082 1772
735225 1772
886362 1772
886363 1772
3992 1803
36885 1803
229241 1803
126588 1803
277217 1825
288550 1825
302081 1825
411335 1825
719352 1825
356979 1827
356980 1827
356981 1827
48889 1832
233466 1838
11580 1857
11924 1857
28573 1857
74608 1857
235126 1857
68006 1921
239463 1921
666728 1921
859147 1921
93935 1928
240121 628
324334 628
550913 628
12057 1947
216248 1947
241532 1947
242098 1955
669817 1955
27626 1958
82811 1958
99689 1958
189156 4082
284763 4082
5847 1980
38981 1980
227460 1980
248340 3883
658499 1982
240817 1984
106034 1984
244465 1984
263083 2001
397840 2001
483472 2001
806743 2001
90352 2011
245434 2011
675590 2011
20170 2019
42340 2019
42975 2019
298019 2019
49405 2023
373242 2023
51203 2051
250187 2051
367901 2051
402362 2051
402363 2051
28042 2053
235963 2053
250876 2053
252665 2052
28054 2054
250912 2054
291628 2054
677687 2054
711077 2054
792968 2058
460002 2058
28198 2059
28201 2059
113316 2059
251776 2059
251777 2059
30276 2169
260331 2073
260333 2073
220112 2073
260336 2169
358572 2159
358576 2159
748997 2159
260332 2169
260335 2169
260337 2169
36334 2172
135694 2233
212319 2233
539424 2233
644303 2233
229581 2258
288603 2258
405497 2258
25819 2264
270246 2264
270329 4300
270338 2264
270402 2264
193052 2268
441141 2268
441145 2268
174087 2294
693498 2294
65761 2337
202310 2337
443387 2337
424258 2337
267655 2349
619667 2349
619668 2349
317363 2357
487755 2357
620635 2357
624707 2357
90293 2358
98260 2358
475052 2358
475054 2358
475055 2358
536530 2363
119597 2377
488091 2377
916705 2377
916706 2377
752 2380
281250 2380
281256 2380
281258 2380
315911 2435
333622 2435
565106 2435
735330 2435
835800 2435
539984 2466
827386 2466
827387 2466
827389 2466
118282 3680
597569 2474
597574 2474
16798 2484
291223 2484
288661 2484
291231 2484
291242 2484
229727 2489
330633 2489
369367 2489
756165 2489
756166 2489
104490 2497
213146 2497
236695 2497
242124 2497
394471 2497
108134 2530
320587 2530
428723 2530
51499 2539
251097 2539
18570 2548
978 2548
310829 2548
63833 781
310830 2548
18584 2549
297297 2549
319114 2549
21823 2549
715324 2549
18737 2558
249728 2558
303270 2558
406366 2558
298110 2558
19840 2603
326848 2603
682365 2639
306926 2651
35381 2658
46295 2658
216991 2658
308049 2658
383416 2658
941 2684
96685 2684
134320 2684
196947 2684
121673 2684
245250 2687
533415 2719
1586 2724
95493 3728
297472 2724
300243 2724
497568 3728
1720 2740
107521 2740
528323 2740
727723 2740
727724 2740
36087 2748
317656 2748
317659 2748
405911 2748
728971 2748
36736 14
312145 2775
319660 14
319662 14
319663 14
326212 2819
326215 2819
33650 2832
284314 2832
123360 3828
534562 3828
38175 2910
363311 2910
340491 2923
253760 2940
649178 2940
680456 2940
255594 2943
496385 2943
627726 2103
151843 2965
244183 2965
671690 2965
4487 2970
78686 2970
437476 2970
8993 2975
97220 2974
31144 2974
291318 2975
349224 2974
39203 2977
369551 2977
639615 2977
756224 2977
756226 2977
90593 2984
315638 2984
466240 2984
466241 2984
352583 2986
352588 2986
352589 2986
1858 3015
74366 3015
439559 3015
439562 3015
309612 3022
723883 3022
723885 3022
267456 3022
723888 3022
566219 3030
56689 3062
394456 3062
394459 3062
34727 3067
56741 3067
67694 3067
243109 3067
243110 3067
444111 3089
38446 3099
77906 3099
364989 3099
38824 3117
366847 3117
401078 3117
4979 3117
579277 3117
633462 3120
844637 3120
235161 3120
852739 3120
911716 3120
216124 3123
368997 3123
368999 3123
114897 3130
145400 3130
145402 3130
756532 3148
214273 3188
409328 3188
645344 3188
645345 3188
40277 3192
376376 3192
376378 3192
376380 3192
376383 3192
42962 3214
172937 3995
198326 3214
633095 3214
633096 3214
548608 3241
145782 3256
825923 3256
825924 3256
505619 3256
404449 3273
627697 3273
772714 3273
216550 3278
647676 3278
647681 3278
647688 3278
647689 3278
189335 3280
189360 3280
437333 3280
624734 3280
624735 3280
56596 3339
396339 3339
251501 3339
396351 3339
57535 3345
341251 3344
341252 3345
706260 3344
397258 3349
301903 3353
55893 3366
69594 3366
325806 3366
393391 3366
401192 3366
51320 3375
4402 3375
402602 3375
402603 3375
404782 3375
104931 3386
236648 3386
611232 3386
621152 3386
245744 3399
321073 3399
449113 3399
370419 3404
659938 3404
659939 3404
861277 3404
861278 3404
149044 3940
104123 2224
519989 3415
573004 3940
105414 3426
652658 3426
703973 1282
292558 3426
858864 3426
80544 3427
80972 3427
453817 3427
454643 3427
41581 3438
140469 3438
361358 4500
429595 3438
59314 3445
26604 3445
499723 3448
428448 3453
182811 3460
31162 3460
619693 3460
619694 3460
619696 3460
313079 3470
433316 3470
149517 989
366274 4103
424389 4103
566359 3478
566361 4103
63536 3498
260736 3498
108514 4566
437403 3498
487514 4566
116731 3718
403361 3504
493529 3504
493530 3718
493531 3504
65878 3511
228972 3511
443569 3511
397484 3511
393465 3519
783338 3519
831540 3519
831541 3519
897752 3519
75053 3536
204420 3536
204421 3536
204422 3536
638188 3536
78755 3538
451481 3538
436100 3538
678795 3538
791625 3538
242947 3563
671005 3563
316055 3578
625375 3578
448841 3586
790695 3586
790696 3586
790697 3586
81684 3594
462700 3594
462701 3594
462702 3594
797465 3594
93402 3620
470860 3620
470861 3620
470862 3620
470863 3620
524035 3631
821724 3631
763710 3631
821725 3631
821726 3631
90399 3632
130581 3632
9062 3632
473986 3632
715999 3632
93876 3641
104934 3641
475403 3641
475404 3641
647446 3641
140041 3645
214796 3645
546670 3645
585711 3645
183616 3654
308315 3654
477614 3654
95159 3667
95797 3667
95799 3667
126311 3667
332184 3667
115049 3675
179282 3675
179722 3675
484426 3675
484432 3675
606336 2288
82974 3741
503949 3712
503951 3712
359613 3712
503954 3712
252822 2082
680426 3741
680427 3741
554358 3763
126982 3798
244005 3798
127305 3801
507167 3801
21756 3801
561601 3801
97511 3806
145570 3806
268646 3806
10835 3806
836999 3806
531596 3817
531598 3817
531600 3817
135235 3819
135240 3819
237231 3819
243192 3819
284754 3819
383472 3828
482246 3828
215682 3497
649984 3843
649985 3843
723372 4406
858123 3843
750837 3847
179787 3864
144162 3873
144499 3873
549186 3873
549188 3873
549189 3873
34928 3880
550730 3880
550731 3880
550736 3880
550738 3880
43497 3883
179555 3883
59790 3883
396864 3883
98986 3886
99293 809
553057 3886
553058 3886
553059 3886
99959 3900
57881 3900
452430 3900
409056 3900
559437 3900
494032 3922
264931 3931
567639 3931
567640 3931
567642 3931
151634 3946
189186 3946
187243 3946
468400 3946
554061 3946
169828 3947
276707 3947
488133 3947
607269 3947
773957 3947
151905 3950
107659 3950
825769 3950
839410 3950
109317 3962
165754 3962
151327 3967
198365 4095
496728 4095
637119 4095
637120 3967
599289 3971
842132 3971
842134 3971
842135 3971
337439 3988
503883 3988
606719 3988
606723 3988
102518 3989
607235 3989
607236 3989
607238 3989
844195 3989
102789 4000
135544 4000
312797 4000
610630 4000
127946 4000
177371 4002
373254 4002
373264 4002
611217 4002
715090 4003
179376 4010
612852 4010
612853 4010
612854 4010
845863 4010
183051 4027
616175 4027
616176 4027
616178 4027
616179 4027
230851 4056
45026 4056
625245 4056
625337 4056
199488 4025
283343 4087
254692 4087
634226 4025
115238 4107
641712 4107
641713 4107
641714 4107
855452 4107
644333 4112
644335 4112
856483 4112
856485 4112
229605 4148
656595 4148
656596 4148
656598 4148
656599 4148
487256 4151
537219 4151
439456 4151
808367 4151
826623 4151
658167 4157
811607 4157
860722 4157
860723 4157
235459 4189
663853 2153
663855 4189
663857 4182
663859 4184
242176 4215
359688 4215
670415 4215
670416 4215
246393 4230
407236 4230
530298 4230
774345 4230
673907 4230
494438 2083
811593 4232
811595 4232
336937 4259
562510 4259
549451 4259
106534 4294
428574 4294
690995 4294
690997 4294
690998 2356
276472 4321
659957 4321
861264 4321
861265 4321
861267 4321
286942 4360
286943 4360
396841 4360
404288 4360
404290 4360
292646 4373
711361 4373
711363 4373
711370 4373
711373 4373
318443 4425
481938 4425
621193 4425
729838 4425
729839 4425
318840 4428
49627 4428
730308 4428
730309 4915
794429 4428
334976 4450
334979 4450
339541 4458
549392 4458
739495 4458
739497 4458
739499 4458
740069 4463
740074 4463
340889 4466
244977 4465
529527 4466
740571 4465
823804 4466
376206 4527
376211 4527
758791 4527
758792 4527
758789 4527
376521 4528
758947 4528
926413 4528
926414 4528
926415 4528
389754 4545
389756 4545
481499 4545
765358 4545
765359 4545
617286 4553
365421 4553
847489 4553
847491 4553
847492 4553
391579 4578
409953 4578
462202 4578
776207 4578
776210 4578
423706 4587
423707 4587
423708 4587
423710 4587
777631 4587
426167 4591
778573 4591
778574 4591
778575 4591
507666 4591
456994 4646
794819 4646
794820 4646
794821 4646
794822 4646
512209 4662
774571 4662
817272 4662
817276 4662
844543 4674
844525 4674
808293 4685
808294 4685
808296 4685
491141 4689
592744 4689
810090 4689
810091 4689
904350 4689
528944 4721
783691 4721
823549 4721
823550 4721
907201 4721
605811 4771
843676 4771
911560 4771
911561 4771
926017 4771
636113 4802
745803 4802
793929 4802
680745 4802
853455 4802
720670 4873
823021 4873
604684 4873
907069 4873
925100 4873
727669 4876
884707 4876
884708 4876
884709 4876
919987 4876
916125 4968
926973 4968
929460 4968
929461 4968
929462 4968
918767 4973
918769 4974
918772 4974
918776 4973
927597 4974
928191 4982
929822 4982
929823 4982
930297 4982
930298 4982
708490 4997
803032 4997
3076 9
452855 12
792865 12
792866 12
900176 12
96563 64
43801 64
355325 64
567085 64
179572 87
251059 87
106542 87
209838 87
668038 104
543810 122
543811 122
643837 176
643838 176
262628 200
202686 200
687820 200
687831 200
96973 1941
576746 207
576748 207
479787 252
479587 252
608669 252
844822 252
249868 265
107321 265
716455 265
252534 291
110050 291
3594 382
27592 382
27593 382
27594 382
312 384
27629 384
27633 384
452607 384
8628 436
31574 436
61941 503
84492 503
460102 503
858068 515
866854 515
916799 515
18286 516
39524 516
370895 516
370896 516
356926 527
919996 536
487491 4981
927911 536
929731 536
561959 630
842176 630
842178 630
842179 630
94401 53
27760 651
224528 651
479453 651
343 680
198181 681
57973 681
709772 681
39199 716
62121 716
96988 716
421507 716
248859 760
189274 760
248860 760
150996 1700
662197 775
662199 775
662201 775
493580 796
38353 797
88108 797
34697 814
4620 814
192434 814
90395 821
312602 821
113408 849
320508 849
508802 849
508804 849
9806 947
121133 947
127948 947
4708 947
353301 1617
746563 1617
746564 954
536717 961
572187 2589
838055 2589
853246 2288
3956 1051
139634 1051
139635 1051
139638 1051
11249 1084
143767 1084
340293 1126
328665 1126
8045 1162
147983 1162
42305 1189
42458 1189
151070 1189
6135 1207
143467 1207
151925 1207
574603 1207
100138 1215
403695 1215
453957 1215
560136 1215
174588 1221
553045 1221
607824 1221
477732 1221
6177 1233
585405 1233
219310 4126
447078 1281
615092 1281
331309 1332
383261 3269
735614 1332
735615 1332
554848 1334
399570 1341
528564 1341
394810 4556
476504 2473
340848 1374
1494 2692
252616 1391
312076 2692
108778 1395
214798 1395
765013 1395
765055 1395
11519 1416
62202 1416
74348 1416
6059 1440
178384 1440
178389 1440
177323 1440
140831 1446
614638 1446
143 1497
185757 1497
185758 1497
627432 1497
38957 1503
368467 1199
754908 1503
754910 1503
372524 1532
6880 1551
201869 116
201871 116
103083 1554
617529 1554
216450 1611
291149 3223
710238 3223
710239 1611
135804 1622
26955 1622
650253 1622
650256 1622
7473 1676
4075 1676
79108 1676
207717 1676
110164 1823
755555 1681
756969 1681
891420 1681
251300 1684
283431 1684
678062 1684
460295 1686
796345 1686
617644 1686
553 1742
217531 1742
263870 1742
26360 1785
227907 1785
227912 1785
227914 1785
227906 1799
315043 1799
315045 1799
9936 1804
270668 1804
270669 1804
230868 1819
230871 1819
845402 1819
377879 1841
377881 1841
11557 1852
234000 1852
234001 1852
662680 1852
4667 1863
4674 1863
310547 1863
228537 1865
235490 1865
235491 1865
326211 1876
326219 1876
199902 1880
332812 2663
407109 2663
639023 1880
126180 1889
134706 1889
529908 1889
483597 1900
739785 1900
806862 1900
615462 1910
615463 1910
615465 1910
239293 1918
239296 1918
239298 1918
215647 1926
649918 1836
649919 1926
649921 1926
665603 4828
699427 1931
838644 1931
915916 1931
54552 1934
84846 1934
290265 1934
634152 1934
214303 1950
289216 1950
289217 1950
5812 1963
243097 1963
675268 1963
675273 1963
5813 1965
229873 1965
243102 1964
243107 1965
32443 1966
243165 3993
243842 1976
243846 1976
767828 2786
244567 1989
272055 2018
665949 2018
695744 2018
248559 2024
509275 2026
764426 2026
893337 2026
248938 2032
248963 2032
254877 2074
292880 2074
711555 2074
711557 2074
243979 2080
263118 2080
377470 2080
811592 2083
562655 2093
32225 2097
137877 2097
697214 2097
876700 2097
132341 2100
700769 2103
663858 4180
663860 4182
61971 2117
439345 2117
439347 2117
439349 2117
689149 2123
689150 2123
874416 2123
917442 2123
688894 2157
688895 2157
688896 2157
30502 2211
57113 2211
263393 2211
263404 2211
305990 2216
266384 2248
266391 2248
110656 2252
924097 2252
924098 2252
924099 2252
30795 2257
268898 2257
268899 2257
850539 2257
529371 2272
15958 2290
62444 2290
274706 2290
228544 2313
145602 2313
657841 2313
657843 2313
699838 2317
699839 2317
699840 2317
366131 2321
4149 2323
35577 2323
65908 2323
31483 2331
276459 2331
698324 2331
698326 2331
277339 2339
277341 2339
277347 2339
43291 2342
522359 2342
179758 2354
193927 2354
713379 2354
713382 2354
212706 2364
327306 2364
327311 2364
558246 2364
37711 2378
281241 2378
281246 2378
242266 2391
212816 2391
507216 2391
75774 1116
42512 1116
460203 2392
460204 2392
15044 2398
282636 2398
282637 2398
15711 2401
31488 2401
20172 2401
26103 2456
180862 2456
288774 2456
617272 2456
16752 2483
70737 2482
291054 2482
445105 2482
16908 2488
71502 2488
291620 2488
291622 2488
292564 2504
292576 2504
292577 2504
17471 2513
293260 2513
357308 2465
293265 2465
17869 2520
294975 2520
294976 2520
294978 2520
271177 2571
271203 4307
471419 2571
607043 4307
19123 2581
299422 2581
716602 2581
299423 2581
19249 2586
299827 2586
703957 2586
299828 2586
259315 2592
259316 2592
259317 2592
52479 2595
199535 2595
105011 2595
404312 2620
772626 2620
102952 2633
512799 2633
615702 2633
632088 2633
894 2675
310342 2675
310343 2675
310346 2675
39505 2683
2011 2683
370847 2683
370852 2683
4849 2688
311321 2688
39714 2691
311829 2691
312080 2692
310765 2695
312394 2695
1288 2700
175974 2700
196699 2700
312868 2700
283986 2707
313249 2707
344404 2729
440316 2750
482015 2750
479856 2750
806255 2750
36328 2756
318271 2756
729720 2756
729721 2756
36359 2758
144657 2758
562384 2758
562385 2758
77573 2760
268386 2760
4959 2760
731303 2788
283342 2803
325395 2803
429963 2803
333864 4440
134163 2894
397567 2894
34021 2897
55533 2897
259722 2897
334288 2897
113896 2904
151984 2904
244189 2904
57724 2905
335214 2905
335218 2905
716104 2195
396842 2931
146811 2944
254179 2944
621413 2944
31597 2720
4351 2962
31607 2964
230259 2964
348141 2964
658517 2964
51778 2975
404266 2975
40806 2979
226799 2979
378675 2979
378677 2979
460951 4270
460952 4269
618206 2997
40368 3196
376705 3002
63616 3005
353116 3005
353376 3011
353402 3011
353433 3011
191492 3037
465632 3037
675764 3037
798677 3037
373925 3138
373927 3040
373930 3040
4299 3050
38361 3050
51182 3050
26598 3050
38072 3081
150199 3081
570529 3081
39042 3122
126186 3122
345208 3122
275904 3122
39132 3126
39415 3139
370472 3139
370473 3139
756646 3139
39469 3142
63652 3142
128502 3142
370671 3142
235865 3153
318445 4426
318447 3153
143798 4426
148836 3165
186755 3165
301401 3165
409159 3165
99994 3173
410999 3173
559607 3173
775781 3173
462027 3175
797094 3175
797095 3175
797099 3175
256980 3197
366997 3197
376703 3197
674031 3209
674032 3209
674033 3209
40721 3215
90976 3215
483172 3215
483177 3215
378448 3216
378456 3216
378462 3216
41004 3221
380358 3221
755900 3221
760520 3221
248349 3233
381974 3233
381975 3233
230298 3242
355496 3242
747227 3242
747228 3242
270630 3244
287026 3244
561912 3244
140391 3248
243293 3248
670297 3248
235104 3253
455863 3253
644962 3253
794275 3253
388882 3274
388885 4203
388886 3274
532673 3282
244263 3283
389743 3283
392175 3305
392176 3305
55638 3321
4634 3320
133319 3320
394252 3320
54511 3341
396483 3341
396484 3341
396485 3341
56804 3342
392166 3342
396570 3342
396575 3342
77393 3351
524111 3351
734455 3362
56017 3370
227216 3369
118709 3377
182299 3377
619003 3382
439454 3402
785808 3402
785809 3402
898520 3402
96074 3410
98804 3410
312834 3410
516343 3410
61121 3431
104118 3431
270981 3431
141107 3772
36967 3434
422261 3434
776930 3434
758160 3439
758162 3439
64210 3451
149578 3451
107957 3451
426781 3451
285081 3458
408415 3458
429209 3458
142432 3464
334317 3464
431539 3464
442558 3477
774819 3477
895958 3477
895959 3477
76766 3484
310590 3484
436808 3484
436810 3484
76879 3485
295669 3485
437250 3485
437251 3485
79096 3497
391417 3497
649992 3497
63705 333
441232 3501
441234 3501
441235 333
628037 3507
364230 3507
850775 3507
913193 3507
52688 3508
2064 3508
442615 3508
442622 3508
324260 3528
340759 3528
55652 3529
243450 3529
341085 3529
670777 3529
455074 3558
455075 3558
793812 3558
456435 3564
456437 3564
456438 3564
182850 3565
272370 3565
619690 3565
619691 3565
433193 3567
782227 3567
782228 3567
462969 3567
113925 3575
209935 3575
320778 3575
325836 3575
83690 3576
86965 3576
459086 3576
463566 3576
42520 201
358227 201
358232 3582
458827 201
401358 3583
551901 1884
850109 3583
850111 1884
151370 3585
587893 3585
600409 3585
42564 3593
333041 3593
737451 3593
78410 3601
230112 1535
658944 1535
129672 3612
270379 3612
511653 3612
601148 3612
279997 3614
702206 3614
468609 3614
878330 3614
751125 3618
424333 3618
194484 3624
533428 3624
632851 3624
632855 3624
620843 3644
113156 3651
477052 3651
113754 3655
253923 3655
445867 3655
94499 3660
480472 4671
805735 4671
805736 4671
292985 3673
681604 3673
91158 3676
340727 3676
484534 3676
484536 3676
372383 3698
757266 3698
891870 3698
891871 3698
95323 3707
490870 3707
490876 3707
490877 3707
116487 3716
249070 3716
677112 3716
677114 3716
151452 3723
576411 3723
128043 3732
267372 3732
498255 3732
498263 3732
468578 3752
468586 3752
468589 3752
800242 3752
141874 3778
550434 3778
328217 3779
607822 3779
735274 3779
844390 3779
125977 3782
108647 3782
778969 3782
170292 3788
135031 3815
99162 3815
99221 3815
531226 3815
453892 1899
453893 1899
280598 3878
702262 3878
142401 3890
141740 3890
545564 3890
554365 3890
100265 3904
212236 3904
408402 4577
774867 4577
100272 3905
327416 3905
344673 3905
561304 3905
145702 3920
395385 3920
768099 3920
768100 3920
373174 4369
373177 3923
757848 4369
254320 3923
270437 3928
193933 3928
692625 3928
692626 3928
142140 3929
144229 3929
315795 3929
567366 3929
151398 3961
186825 3961
587956 3961
707165 3961
287429 3965
588997 4764
169956 3972
313411 3972
599826 3972
599827 3972
171451 2909
603678 3975
603679 2909
44666 3983
297093 3983
459375 3983
605043 3983
181222 4031
617307 4031
617309 4031
404096 4031
188440 4051
359872 4051
386498 4051
749692 4051
238442 4059
497471 4059
812670 4059
812671 4059
230210 4064
547131 4064
552822 4064
551848 4071
249760 4071
884296 4071
884298 4071
270269 4078
643523 4617
856252 4078
856253 4078
196544 4083
205227 4083
633590 4083
239572 4086
634046 4086
748676 4086
357790 4095
213095 4116
279458 4116
645380 4117
638488 3893
221037 4146
452063 4146
792204 4146
792205 4146
229718 4149
332414 4149
657045 4149
657047 4149
228937 4167
10780 4167
448613 4167
790638 4167
105639 4169
492869 4169
811153 4169
811154 4169
243524 4213
332427 4213
556600 4213
405591 4213
245190 4220
245199 4220
671528 4220
671536 4220
245369 4225
245372 4224
672003 4224
672004 4224
678459 4243
678460 4243
678461 4243
257681 4262
683909 4262
683910 4262
683912 4262
235382 4263
299214 4263
372975 4263
511681 4263
259729 2273
592851 2273
684789 4264
684790 4264
260479 4272
442707 4272
684320 4272
867949 4272
356751 4276
404313 4276
748135 4276
339619 4281
579963 4281
576387 2982
839459 2982
506290 4295
694991 4295
427742 4295
815693 4295
268320 4296
108282 4296
691009 4296
759577 4296
271594 4310
174088 4310
853899 4310
853900 4310
106596 4317
695212 4317
695213 4317
695214 4317
469822 3070
652758 4322
788183 4322
800705 4322
451751 4637
490684 4325
699814 4325
106801 4329
348543 4329
176077 4329
708462 4329
706616 4354
285301 4354
288584 4362
303320 4362
428867 4362
477449 4362
289934 4368
320442 4368
45466 4368
731144 4368
757850 4369
892029 4369
280452 4386
280455 4684
808241 4684
808249 4386
301358 4389
350456 4389
496113 4389
744824 4389
302530 1623
719188 1623
719189 1623
719190 4390
308409 4404
364181 4404
648002 4404
759819 4404
308568 4405
312761 4405
723288 4405
693057 4405
308601 4406
723374 4406
723375 4406
312405 4419
107681 4439
734521 4439
734522 4439
223858 4424
383665 4424
729066 4424
729068 4424
729840 4426
885108 4426
107675 4438
178583 4438
734509 4438
734510 4438
235952 4445
736405 4445
736406 4445
736407 4445
341843 4469
341846 4469
341848 4469
341849 4469
741860 4472
887828 4472
887829 4472
685072 4474
873001 4474
873002 4474
873005 4474
490895 4500
771940 4500
907126 4500
369833 4515
755950 4515
755952 4515
891481 4515
275990 4522
372244 4522
756864 4522
756866 4522
372118 4526
297677 4526
396862 4526
769104 4526
395615 4557
482055 4557
652360 4557
652367 4557
429971 4595
780875 4595
110642 4595
897207 4595
392291 4603
782327 4601
782328 4601
782330 4603
344789 4604
564332 4604
782479 4604
337773 4604
440816 4618
566358 4618
688517 4618
688518 4618
445287 4625
788722 4625
788726 4625
899203 4625
622937 4629
790115 4629
794732 4645
794741 4645
467291 4655
799455 4655
799457 4655
799458 4655
469987 4656
470006 4656
801318 4656
801327 4656
474367 4661
803095 4661
803098 4661
803099 4661
474974 4664
803248 4664
803249 4664
902759 4663
479748 4673
513466 4673
806070 4673
806071 4673
498279 4698
510373 4698
813219 4698
813221 4698
499925 4699
813362 4699
813363 4699
905001 4699
188855 4701
188856 4701
906604 4701
552068 4735
831828 4735
831834 4735
909189 4735
553039 407
832015 4737
832016 4940
909248 4940
559541 4746
833802 4745
833803 4746
833804 4746
835817 4750
835819 4750
570516 4754
837643 4754
837644 4754
837645 4754
586928 4761
840424 4761
840426 4761
840427 4761
844528 4774
844530 4774
844536 4774
699992 4793
877585 4793
877586 4793
877587 4793
628817 4795
851122 4795
851126 4795
913268 4795
631843 4797
655836 4797
766164 4797
859848 4797
661769 4827
861786 4827
861790 4827
861791 4827
497965 4830
839062 4830
677136 4830
678330 4834
752396 4834
916730 4834
916731 4834
885076 4878
885078 4877
535782 4884
10224 4884
885962 4884
885963 4884
792623 4911
900154 4911
900155 4911
923385 4911
800777 4921
800786 4921
902250 4921
923813 4921
820094 4935
906478 4935
906480 4935
906481 4935
874351 4953
917419 4953
927308 4953
917420 4953
227279 4955
880367 4955
227280 4955
627758 4955
923125 4978
928543 4978
929882 4978
929883 4978
27776 4995
140007 39
104146 39
633907 39
391259 65
428750 65
765998 65
55147 66
392601 66
392603 66
299631 115
660290 115
276977 2338
601146 133
639174 133
854784 133
112805 156
655520 156
317980 167
649694 167
729501 167
42997 177
241443 177
667911 177
91068 178
142187 178
483843 178
239462 188
666727 179
259004 183
685349 183
685350 183
138827 184
276865 184
549213 184
313512 3013
460021 208
726492 3013
133741 209
534494 209
534496 209
37360 210
350175 210
350176 210
292890 229
712012 229
830385 229
276820 230
365381 230
439435 230
438760 239
331256 239
785540 239
332948 240
372755 240
738032 240
487508 253
633926 253
132172 287
526754 287
526757 287
242594 292
475709 292
638107 292
484449 312
626733 4249
856246 328
856247 193
926547 193
42239 329
37584 329
448014 329
441233 333
277127 337
522486 337
388648 337
1472 347
313994 347
313995 347
205705 369
306441 369
638681 369
633284 370
511762 395
693384 397
308930 408
545074 408
648278 408
209736 415
643087 415
856175 415
210029 1997
640890 1997
640891 418
112890 428
327045 428
477410 428
176067 458
452177 458
607994 458
507465 460
137392 463
546699 463
829654 463
377016 59
759217 59
281619 471
358004 471
309134 538
736337 538
100682 550
345877 550
656307 550
79345 569
454994 569
793723 569
842613 573
842614 573
434928 583
783390 583
1572 585
49990 585
204617 2282
256004 2282
682381 2282
737038 4886
3040 659
57185 659
424635 659
57964 680
57965 680
758978 683
234162 2410
661842 2410
661843 2410
94935 3643
475602 688
475604 688
80595 1899
350 735
64811 735
64814 735
193387 750
631852 1538
851989 1538
177965 4050
623294 4050
849284 754
58195 1485
398588 1484
459032 1484
134419 3809
529069 773
823725 773
38067 774
362685 4409
750876 4409
333809 781
724528 781
224872 782
653686 782
859195 782
124547 2502
270358 783
501788 2502
213134 784
644206 784
555424 809
832785 809
388884 820
132011 844
304420 844
527483 844
93892 848
93893 848
40481 862
377461 862
266558 2500
530229 925
717980 2500
647158 967
647160 967
228071 981
507502 981
132990 1020
401937 1020
532059 1020
53966 1038
388427 1038
53987 1038
378011 1086
58780 1132
58799 1132
329273 1132
144870 1144
144872 1144
278400 1145
700206 1145
877695 1145
221597 1154
653392 1154
653393 1154
117611 786
503041 786
503042 1181
754909 1199
891188 1199
501136 1235
556751 1235
556753 1235
717839 1282
788513 1282
56605 1283
369258 1283
423464 1283
382904 1290
431775 1298
514384 1331
758215 1331
312542 1363
486682 1363
341089 1390
727166 1390
3886 1402
172934 1402
603457 1402
266953 1405
822571 1405
309633 1405
469557 1136
121637 1439
699855 1439
97798 1443
222229 1443
532507 1443
40913 1444
86024 1444
379166 1444
205711 1448
634425 1448
3363 1450
38483 1450
180630 1450
160421 1470
528200 1470
592914 1470
847155 1496
30170 1526
259277 1526
259279 1526
798844 1525
816727 1525
3193 1541
3205 1541
193438 1541
104169 1586
430893 1590
781912 1590
897389 1590
788784 1592
441405 1593
442531 1593
787194 1593
250833 2999
677592 1601
471704 2999
482014 1600
482017 1600
213406 1604
204210 1640
490725 1661
327926 1663
341335 1663
7367 1664
206186 1664
638851 1664
75200 1667
434930 1667
434931 2373
247381 1678
317150 1678
865340 1678
132909 1699
258597 1699
532221 1699
106328 1703
686129 1703
686131 1703
760189 1709
760190 1709
760191 1709
239893 4198
553405 4198
553500 4198
563707 1750
396044 1762
768447 1762
332501 1773
50467 1776
227213 1776
272319 1791
444770 1791
876230 1791
230728 1816
657755 1816
860619 1816
384725 1817
593373 1817
732094 1817
222480 1823
652670 1823
263905 1830
461552 1830
461553 1830
305430 1833
369071 1833
659137 1833
241410 1842
667777 1842
667778 1842
686719 1854
873564 1854
734952 1854
647784 1866
289095 1866
885189 1866
236098 1872
236101 1872
334694 1881
726445 1881
11718 1886
236911 1886
236914 1887
236918 1887
420999 1890
39315 1901
243779 1973
406702 4575
774297 1988
173278 2076
266509 2076
690020 2076
28325 2082
133115 2082
31747 2101
394564 2101
394646 2101
32474 2102
40511 2102
377671 2102
469189 2107
800318 2107
800320 2107
16326 2141
235850 2141
663646 2141
485202 2151
807603 4927
807604 4927
659723 1911
861181 1911
915487 2163
630235 2164
851591 2164
913382 2164
188769 2173
626120 2173
800648 2173
275175 2190
462269 2190
697923 2190
233843 2191
261630 2191
187168 2204
852643 2204
487736 2224
542428 2224
282013 2240
703847 2240
878730 2240
79014 2241
281612 2241
627595 2243
627596 2243
30673 2250
266470 1915
367902 1915
358863 2273
74026 2283
104570 2283
370074 2283
4255 2284
320544 2284
647637 2284
474425 2285
50128 4918
803068 2285
783109 2298
897678 2298
897680 2298
155346 2302
168119 2302
598791 2302
24751 2303
275163 2303
809997 2311
904337 2311
904338 2311
63151 2315
298200 2315
716660 2315
121564 2335
105758 2335
504562 2335
276975 2338
790063 2346
623897 2346
899485 2346
249374 2355
462454 2355
462460 2355
396058 4558
505442 2381
768480 2381
637366 2382
359700 4498
370376 4521
445949 2399
98145 2412
538707 2412
538709 2412
440067 2425
786240 2425
285102 2440
244868 2440
79406 2457
790861 2457
790862 2457
16438 2475
290299 2475
290300 2475
291045 2483
291050 2483
353498 2500
392163 2503
766744 2503
893992 2503
50736 2531
704974 2531
502975 2545
814306 2545
814308 2545
227572 2562
655062 2562
772398 2564
248645 2564
895352 2564
207874 2566
350682 2566
639927 2566
49901 3272
230125 3272
384353 3272
241853 2574
644381 3018
140553 2800
325321 2584
565071 2584
19265 2587
299847 2587
299848 2587
566766 2588
566767 2588
563338 2612
536120 2612
129355 2613
290901 2613
525492 2613
529160 2635
40876 2654
295375 2654
695739 2673
278053 1606
699661 1606
666719 2689
103347 2696
364262 2696
752473 2696
1557 2720
1560 2723
44995 2723
210395 2723
560796 2743
3150 2743
790540 4630
83442 3520
458817 2751
450947 3520
318113 2755
729418 2755
318128 2755
4249 2771
319546 2771
319549 2771
36723 2774
319642 2774
319646 2774
403547 2776
289075 2800
307013 2800
664118 2845
666913 2845
114553 2862
276355 2862
506258 2862
331930 2869
285265 2869
245526 2871
397521 2871
673250 2871
229658 2877
401719 2877
657987 2877
423870 2880
482676 2880
777798 2880
33953 2886
538436 2886
87124 2893
429223 2893
152081 2901
311876 2901
397842 4806
855248 4949
914108 4949
55541 2937
335818 2937
393940 2937
179362 4009
297585 2950
546204 4009
116629 2969
493314 2969
811276 2969
87147 2978
463791 2978
463799 2978
31445 2983
38850 2983
351131 2983
37674 3010
123273 3010
353241 3010
726494 3013
26538 3014
76882 3014
354405 3014
49174 3019
49342 3019
355506 3019
250212 3028
662971 3028
862302 3028
139144 3036
32433 3038
356690 3038
356691 3038
37785 3041
356851 3041
748552 3041
49321 3043
356997 3043
356999 3043
357765 3048
358406 3051
749104 3051
699812 3063
273392 4106
727306 4106
45431 3077
559237 3077
499225 3082
499236 3082
801039 3082
38334 3091
293654 3091
38368 3095
364569 3095
364572 3095
28599 3106
365852 3106
365853 3106
220476 3111
38778 3114
84501 3114
183431 3114
38836 3118
261667 3118
366919 3118
39119 3125
301655 3125
369055 3125
492358 3152
776095 3160
896219 3160
896220 3160
150110 3176
332255 804
736523 3176
119030 3177
487014 3177
487015 3177
611778 3179
376699 3196
759046 3196
40409 3199
177969 3199
623302 3199
40693 3206
378345 3206
378352 3206
128592 3207
515420 3207
515430 3207
330974 4331
736663 3228
736664 4331
283842 108
599198 3229
599877 3246
627939 3246
850684 3246
482558 3247
829663 3247
759104 3247
326445 4434
733992 3257
733993 4434
470931 3258
800874 3258
800875 3258
50425 3265
288792 3265
382306 3265
35724 3267
382364 3267
403349 3268
404131 3268
48938 3269
383263 3269
439462 3275
637265 3275
785772 3275
107588 3281
400468 3281
560144 3281
475532 3290
803598 3290
881755 3290
120887 3298
490860 3298
90804 3315
466734 3315
466736 3315
631484 3321
395364 3334
215671 3357
562098 3357
649973 3357
439338 3359
748070 3359
748073 3359
400910 3365
202251 3413
636591 3413
636592 3413
235592 3419
455523 3419
147633 3425
565524 3425
565525 3425
130072 3432
512899 3432
530294 3432
62697 3441
423922 3441
423925 3441
426549 3449
778586 3449
145006 3954
244786 3456
301949 3456
368853 3456
252524 3463
679255 3463
193908 3469
603696 3469
851156 3469
76258 3480
784185 3480
68033 3486
297520 3486
715888 3486
4566 3496
503141 3496
440265 3496
427309 3500
427318 3500
780732 3500
784100 3513
898070 3513
898071 3513
70494 3515
188669 3515
625868 3515
59364 3518
444904 3518
444905 3518
458819 3520
73959 3530
449468 3530
764990 3530
69065 3532
78168 3532
450366 3532
77692 3535
450836 3535
450838 3535
80344 3548
104889 3548
453393 3548
145421 3551
248377 3551
563235 3551
128448 3552
98107 3552
507646 3552
82762 3560
42725 3560
123063 3560
89915 3573
119299 3573
458041 3573
83199 884
458416 3574
458418 884
83946 3577
84800 3577
459378 3577
49826 3580
460164 3580
460165 3580
84751 3584
191082 3584
460495 3584
85109 3587
116621 3587
268537 3587
85500 3592
461470 3591
796816 3591
464126 3599
464127 3599
290721 3601
464751 3601
280781 3609
857077 3609
857397 3613
910453 3613
632640 3615
852326 3615
913493 3615
800376 3617
90111 3634
475603 3643
113120 3650
804322 3650
113843 3657
478064 3657
729036 3657
287129 3671
345034 3671
238096 3674
114938 3678
485369 3678
485370 3678
114982 3679
485617 3679
569424 3679
435871 3683
46816 3683
783938 3683
119268 3689
487460 3689
487463 3689
119573 3693
488034 3693
488037 3693
119621 3694
245266 3694
671229 3694
282843 3700
282847 3700
282848 3700
81517 3702
489792 3702
489802 3702
121364 3706
115290 3708
491027 3708
810018 3708
492362 3711
4655 3715
116791 3715
383210 3715
116659 3717
493421 3717
493422 3717
127820 3722
453339 3722
666962 3724
431652 3724
180785 3727
117857 3740
503390 3740
814485 3740
295957 3742
662361 3742
862019 3742
290691 3744
326786 3744
123144 3750
228770 3750
430255 3750
139918 3756
507673 3756
128485 3757
295093 3757
713180 3757
751598 3762
505103 3762
751600 3762
129999 3770
130177 3770
355029 3770
122334 3772
512912 3772
650070 3773
853856 3773
858106 3773
91398 3775
515603 3775
515608 3775
515685 3777
289525 3777
96301 3784
249272 3784
676815 3784
43260 3790
521068 3790
134269 3808
528490 3808
528491 3808
134492 3810
7707 3810
529239 3810
97795 3818
178718 3818
470858 3818
135241 3820
328335 3820
532660 3820
671437 3825
824405 3825
926564 3825
133726 3826
534475 3826
534478 3826
133782 3829
534622 3829
825624 3829
132726 3839
537144 3839
132797 3840
537337 3840
453434 3840
136635 3848
9090 3848
541114 3848
138219 3851
541477 3851
541480 3851
135820 3852
541548 3852
827906 3852
138491 3854
543388 3854
828602 3854
480841 3859
805675 3859
903310 3859
193363 3869
289907 3869
431811 3869
101482 3877
600580 3877
98980 3884
1940 3884
558906 3884
400553 3902
560804 3902
140376 3903
144594 3903
170347 3903
564543 3919
147709 3925
147865 3925
147886 3925
150840 3934
177457 3934
657385 3934
320093 3936
569892 3936
464385 3943
859159 3943
430503 3954
182125 3958
153104 3959
144956 3959
840333 3959
496126 3960
588778 3964
588780 3964
163418 3973
673519 3973
164958 3976
214875 3976
601628 3976
107989 3978
747315 3978
747316 3978
101646 3979
298407 3979
603527 3979
605010 3982
175831 3986
606619 3986
624356 3987
368258 3987
849546 3987
169765 3990
105215 3990
581913 3990
102742 3998
610609 3998
610610 3998
302473 4009
179546 4013
311967 4013
613329 4013
179871 4015
364194 4015
614212 4015
177911 4018
242065 4018
269592 4018
179995 4021
615483 4021
615484 4021
183409 4036
481542 4036
619022 4036
180255 4039
193229 4039
397820 4039
614812 4041
620942 4041
31502 4043
620674 4043
620675 4043
232314 4047
611074 4052
845370 4052
611077 4052
625073 4055
625074 4055
192813 4065
628144 4065
628145 4065
131287 4074
333452 2640
503698 4074
104030 4079
469805 4079
632197 4079
320086 4088
730723 4088
454808 4097
705648 4097
793728 4097
637877 4099
640378 4105
453083 4106
494484 4110
811619 4110
811627 4110
645381 4116
214320 4118
293566 4118
646496 4118
216774 4126
648051 4126
215273 4133
650619 4133
851049 4133
221836 737
366736 3115
651077 737
216037 4135
651135 4135
651136 4135
221580 4141
653386 4141
229384 4150
657237 4820
860307 4820
398113 4170
520450 4170
235473 4178
378683 4178
497178 4636
528163 4636
238038 4195
570344 4195
570348 4195
239257 4199
114094 4199
239270 4199
240440 4200
315244 4200
728401 4200
769499 4204
770403 4204
894645 4204
295290 4206
713448 4206
248846 4207
248848 4207
248849 4207
301789 4214
669688 4214
245184 4219
671525 4219
671526 4219
864856 4832
672008 4464
672009 4225
243900 4226
404614 4226
113781 4228
543104 4228
673355 4228
246280 4229
271523 4229
396730 4229
244714 4231
292381 4231
674295 4231
247962 4233
597814 4233
675666 4233
453707 4238
356349 4238
250857 4240
677558 4240
677559 4240
252586 4245
679300 4245
866693 4245
255229 4251
681954 4251
681955 4251
251343 4255
682903 4256
867570 4256
683734 4261
683736 4261
684993 4267
684994 4267
576189 4273
292751 4273
464654 4273
261231 4275
686218 4275
686220 4275
687784 4279
687785 4280
617487 4283
720014 4283
847573 4283
688888 4285
688889 4285
364248 4286
617882 4286
618262 4286
536125 3483
558643 4293
826101 3483
269953 4298
692422 4298
692423 4298
637729 4302
606177 4302
854367 4302
277023 4319
2045 4319
501862 4319
569387 4320
679896 4320
866826 4320
277617 4323
544927 4323
827463 4323
512285 4324
817241 4324
817242 4324
699898 4327
699901 4327
278662 4328
701017 4328
701020 4328
280393 4330
702405 4330
702406 4330
283649 4340
704754 4340
878980 4333
282763 4335
332268 4335
282764 4335
284663 4343
506943 4343
705055 4343
705133 4345
284844 4346
698351 4346
698352 4346
506128 4350
815463 4350
283921 4352
107023 4352
706454 4352
332179 4363
584968 4363
705132 4363
287004 4364
332344 4364
373640 4364
291572 4371
566286 4371
710389 4371
274169 4379
714183 4379
881478 4379
626295 4381
895921 4381
895922 4381
305171 4395
721606 4395
883262 4395
311297 4414
725016 4414
725017 4414
740073 4415
887474 4415
531197 4416
615014 4416
824455 4416
537781 4417
826533 4417
826534 4417
37487 4420
315489 4420
349957 4420
313941 4421
726758 4421
726763 4421
350010 4422
564211 4422
60834 4422
321055 4432
322874 4432
553001 4432
344374 4435
734008 4435
308292 4442
688166 4442
735834 4442
335259 4451
531443 4451
834702 4451
339876 4459
739681 4459
739682 4459
739788 4461
739789 4461
342178 4467
420663 4467
420667 4467
340552 4468
740842 4487
740843 4468
450521 4473
741879 4473
348313 4477
512041 4477
828811 4477
744037 4482
744208 4483
351126 4485
613955 4485
613956 4485
352935 4487
745871 4487
353537 4489
746618 4489
746619 4489
372084 4490
747338 4490
356925 4493
748592 4493
748597 4493
357260 4494
748794 4494
889659 4494
358783 4496
748962 4496
748963 4496
370372 4498
363468 4504
477043 4504
751828 4504
368632 4513
754974 4513
891210 4513
369771 4518
756228 4518
370370 4521
756577 4521
372134 4524
757138 4524
840378 4524
384765 4543
594727 4543
763729 4543
391122 4546
765814 4546
765817 4546
400804 4563
770751 4563
770752 4563
399579 4564
770812 4564
894966 4564
771393 4567
771391 4568
403458 4569
688341 4569
772098 4569
404896 4572
772996 4572
772998 4572
453265 4575
469841 4048
411518 4580
775862 4580
775863 4580
423500 4588
576695 4588
672051 4588
430479 4596
217543 4596
745994 4596
429522 4598
429525 4598
429540 4598
29640 4605
782543 4605
897520 4605
434773 4607
562887 4607
783072 4607
45583 4609
527946 4609
784969 4609
443922 4620
443923 4620
443924 4620
444915 4624
788659 4624
899226 4624
445337 4626
475338 4626
803750 4626
453127 4638
792802 4638
900181 4638
453921 4639
793339 4639
900294 4640
455952 4643
794136 4643
794137 4643
464103 4653
714490 4868
798385 4653
473754 4659
280501 4659
781613 4659
477745 4667
804615 4667
804616 4667
478316 4668
468351 4668
807460 4668
484765 4682
533205 4684
487446 4686
808456 4686
808457 4686
491541 4691
648604 4691
701142 4691
491588 4692
810516 4693
674368 4693
505154 4705
815242 4705
815243 4704
512068 4710
817207 4710
905970 4710
667070 4711
916068 4711
526233 4719
822550 4719
906969 4719
129576 4723
534588 4723
825137 4723
273949 4725
825648 4725
467264 4725
541580 4728
556587 4728
827962 4728
548084 4730
830494 4730
830496 4730
553563 4739
832019 4739
832020 4739
398076 4743
567362 4743
833666 4743
581598 4760
526337 4760
839713 4760
605358 4770
843447 4770
911495 4770
612269 4777
845823 4777
845826 4777
613704 4780
709996 4780
784816 4780
121501 4792
662328 4792
861995 4792
392571 4815
663306 4815
859727 4815
863076 4828
863077 4828
681340 4835
867151 4697
683626 4837
867808 4837
867811 4837
685481 4838
873232 2844
873233 4838
696857 4848
745055 4848
876694 4848
700422 4855
877785 4855
877787 4855
798386 4868
881556 4868
719222 4872
882759 4872
882762 4872
722349 4874
883472 2254
883473 2254
463513 4904
896618 4904
896620 4904
110483 3524
898031 4910
899500 3524
446595 4912
819864 4912
906429 4912
798942 4999
901738 4999
803919 4922
846436 4922
902951 4922
805658 4926
903302 4926
903303 4924
515476 4929
904544 4929
904546 4929
816415 4933
899404 4933
905750 4933
821004 4936
881739 4936
906654 4936
823715 4937
823716 4937
823717 4937
844299 4945
911667 4945
911668 4945
851551 4947
913359 4947
913360 4947
858427 4951
858428 4951
858429 4951
876280 4954
66290 4954
21872 4954
894126 4962
74750 4962
834041 4962
412665 4969
87871 4969
927071 4969
918770 4973
919103 4975
927690 4975
927691 4975
928780 4983
929939 4983
929940 4983
458099 4989
650648 4989
301818 4989
939356 4999
740135 2
887454 2
217056 3
648615 3
3034 4
57101 4
97627 5
529211 5
372142 8
757372 8
61436 3435
422530 3435
179370 117
612842 117
635229 17
492257 20
810875 20
471719 21
801481 21
629257 22
16825 23
291317 23
919216 25
289644 26
435638 26
574122 250
13790 28
278129 28
434920 31
783296 31
540022 34
185699 35
621145 35
106560 1706
692791 1706
37483 37
437282 37
642052 41
812446 41
401236 47
728334 47
551695 4733
831623 4733
500862 49
813668 49
344868 50
741983 50
336597 51
496937 51
336783 52
517136 52
479455 53
11716 54
236907 54
207660 60
639996 60
104295 99
540336 99
761225 67
751683 67
701447 68
718081 68
695968 69
876459 69
543390 70
828607 70
187274 4410
822657 4410
469507 72
800363 72
465966 73
798931 73
462694 74
665622 74
388818 75
764487 75
372860 76
372863 76
369203 77
110413 77
308561 78
723260 78
106997 79
391200 79
222172 80
652323 80
104205 81
634182 81
171017 82
600068 82
43433 83
546004 83
138674 84
21392 84
40697 85
378380 85
785270 88
617698 107
847692 107
706390 108
29453 2661
308734 2661
8682 111
32984 111
50780 113
308854 113
439043 124
785636 124
351950 125
745288 125
281041 126
703628 126
308726 128
790545 128
254109 129
682446 129
852083 858
812932 858
179284 425
612631 425
114533 142
76887 150
492079 4695
810704 4695
808165 157
34036 2899
334355 2899
103707 4053
624822 160
89275 161
475822 161
289931 164
708639 164
633656 165
444641 168
725029 168
363717 169
751988 169
345901 170
742044 170
626808 171
505157 173
569157 173
184679 174
626834 174
183897 175
378696 175
213523 180
270391 180
306472 181
77722 185
450862 185
438589 187
785420 187
479877 188
216527 189
456478 189
700821 190
867744 190
117252 191
489122 191
453367 197
365610 202
589157 202
930567 211
930568 211
835895 212
909887 212
759242 213
892379 213
722212 214
883423 214
704480 215
878901 215
691824 216
875204 216
350804 217
720576 217
365481 218
752814 218
299101 219
490360 219
679354 220
241463 221
668003 221
536144 222
91998 223
489170 223
513490 225
817834 225
189269 226
624859 226
130036 227
512811 227
666323 231
863344 231
354803 233
464007 233
321897 234
734358 234
107033 235
710539 235
246212 236
673773 236
113940 2092
477891 2092
718467 242
882635 242
680520 243
866949 243
558113 244
833278 244
256749 4254
424306 254
777895 254
109653 268
741075 268
658644 270
867620 270
372796 288
757675 288
296614 289
714467 289
362196 293
751505 293
118801 296
486639 296
332718 298
737722 298
733856 299
710827 300
574112 303
838618 303
562077 304
562157 304
785078 305
349255 4481
743875 4481
436147 314
784195 314
170209 316
609630 316
20115 317
276652 319
699190 319
68184 326
866079 330
866080 330
787467 331
898864 331
457874 332
795189 332
713197 334
896263 334
684839 948
872916 335
227421 338
448280 338
731372 348
885513 348
98065 1847
538468 1847
746088 352
746090 352
856151 355
914233 355
205635 356
639321 356
197247 357
633251 357
819630 359
105496 362
654549 362
832929 365
740371 365
637802 371
357851 372
452781 390
792612 390
446414 399
789462 399
239917 409
279050 409
71837 410
446884 410
747533 419
889320 419
325442 1845
732011 1845
473897 422
802809 422
429179 434
780489 434
276900 435
698788 435
397149 438
769976 438
43403 3616
228448 3616
352717 453
746139 453
308738 454
80262 457
453160 457
766525 465
893930 465
136220 466
536446 466
449317 469
599616 4767
842183 4767
46680 478
354859 478
257948 479
389251 482
764787 482
728241 483
309675 484
723940 484
573428 489
667259 489
102778 490
610779 490
221960 492
370205 497
666240 497
132735 502
233133 502
657622 509
78185 3569
456883 3569
368165 512
581538 512
731106 513
307227 520
307228 514
795057 518
28865 518
241409 519
667769 519
395398 1763
768120 1763
781619 535
897322 535
389953 537
8681 539
32982 539
296170 568
714047 568
62226 571
447811 571
212785 3938
642923 3938
289173 604
707721 604
33216 608
428832 608
848565 635
912718 635
18812 637
298248 637
556733 652
833066 652
3023 653
56944 653
590766 657
622963 657
3044 661
57190 661
129894 751
512318 751
98870 675
551828 675
142368 708
553657 708
821499 717
349221 720
744145 720
566270 738
215677 739
649979 739
722157 741
883430 741
10192 742
66994 742
151464 744
576432 744
297661 747
715666 747
352314 1946
814905 1946
530044 767
859586 767
196314 1509
637595 1509
308635 776
456103 776
631448 780
624648 785
849711 785
343261 787
238869 787
736524 804
806923 1210
512984 822
817759 822
445717 831
789020 831
587549 840
62411 841
424628 841
264184 4290
689726 4290
427086 850
778766 850
604855 3913
843291 855
685396 2491
427830 857
800119 868
483513 871
212999 883
644652 883
43258 1468
521053 1468
151433 893
886112 893
264663 909
389477 909
734454 933
886215 933
547091 934
171480 940
602327 940
502149 948
641129 2368
523389 951
821415 951
195711 952
307364 952
121577 953
201622 953
217913 955
649473 955
916079 1720
128852 968
525159 968
32573 973
409444 973
637707 976
883289 976
77944 979
448305 979
657839 2162
860671 983
849656 984
544921 1932
566363 989
15125 992
282789 992
809202 999
904144 999
370197 1000
749682 1000
637883 1008
149196 1009
587559 1009
98006 1016
132696 1016
523271 1034
786397 1034
272766 1036
695763 1036
651765 3086
858647 3086
770488 3107
270334 1045
788062 1050
898989 1050
331906 1072
735460 1072
660800 1074
457379 1121
740279 1127
887499 1127
819457 1130
38359 1137
320127 1137
552032 1138
425024 1143
778313 1143
713188 4867
881222 4867
424809 1149
778212 1149
105634 1151
659866 1151
4911 1153
744641 1153
20464 1158
303363 1158
789081 1161
899308 1161
393527 1164
816382 1164
39607 1166
149610 1166
520223 1168
730941 1168
364012 1169
756978 1169
478904 1353
804973 1353
754216 1183
294229 1239
712336 1239
257062 1245
567209 1245
793650 1249
900376 1249
461030 1250
796686 1250
214772 1268
841435 1268
160590 1273
818082 1273
599344 1275
884545 1291
919945 1291
215218 1303
645341 1303
143781 1304
560192 1304
588160 1308
580861 1311
839545 1311
104776 4069
644097 1312
325477 1324
732085 1324
612690 1329
164012 1336
709007 1343
253818 3966
522440 3966
866688 1348
916738 1348
129805 1349
512043 1349
827622 1352
911379 1352
313568 1370
520695 1375
820472 1375
738975 1376
917166 2844
449576 3531
332242 4446
736514 4446
456780 2389
794717 2389
181080 1394
615616 1394
732190 1400
358407 1406
768121 1408
454063 4641
793393 4641
3376 1453
180841 1453
95920 1627
131555 1466
856254 1471
541202 1472
827777 1472
48560 3264
263483 3264
859216 1477
914979 1477
397232 1486
658958 1486
249126 2036
685117 1490
873091 1490
127 1491
141 1491
520925 1493
181266 1493
721494 1494
759767 1494
72777 1495
825101 1495
11640 1498
235579 1498
210380 1500
643218 1500
272618 1506
695140 1506
764208 4544
636535 1510
138072 1514
473223 1514
191 1515
188828 1515
530645 1517
532064 1517
218 1519
189996 1519
357704 1527
748822 1527
66041 1533
444012 1533
764280 1562
893216 1562
549525 3875
650217 1578
366182 1584
753970 1584
646741 1589
856824 1589
61194 1594
421865 1594
544095 1596
334249 2998
608159 2998
74897 1603
456259 1603
212778 1607
642894 1607
300368 1608
538823 1608
541608 1614
883311 1614
1975 1618
626066 1618
725840 3294
282134 1626
704149 1626
512313 1627
730090 1629
306247 1650
722348 1650
434468 1654
783253 1654
523032 1670
821371 1670
132881 1672
537669 1672
206529 1673
361948 1682
652383 1682
117409 1698
502672 1698
662200 1700
875562 1702
917836 1702
370683 1705
756678 1705
46367 1708
502620 1708
393943 1710
900451 1710
315731 1712
727708 1712
133702 1714
534439 1714
535 1718
213242 1718
196545 1732
633597 1732
634291 1735
852953 1735
147421 1739
492492 1739
902866 1740
902868 1740
483746 1747
806833 1747
404192 2578
759929 2578
363998 2579
751736 2579
818286 1759
247722 1765
916343 1765
171978 1788
603320 1788
492087 1807
142601 1810
271289 1810
11396 1828
199282 1828
4768 1831
621328 1831
322509 1834
845813 1834
649920 1836
233476 1860
710310 1860
277074 1861
698637 1861
75900 1874
358107 1874
431236 4597
486676 4597
307462 1878
723041 1878
894123 1882
922005 1882
396733 1883
600416 1883
449012 4633
790804 4633
276821 1898
699536 1898
239434 1919
11884 1925
239746 1925
521502 1941
352275 1949
365531 1949
290039 1951
657394 1951
512087 2048
800623 2048
747944 2022
747946 2022
636855 2029
299813 2038
717064 2038
290400 2040
709232 2040
27909 2044
214426 2044
424081 2049
778060 2049
630870 2064
851711 2064
882711 2068
280777 2075
702910 2075
447085 2078
789886 2078
515809 2081
818530 2081
514071 2087
818093 2087
483742 2095
806831 2095
260739 2106
685880 2106
105070 2112
648629 2112
235217 2121
663957 2121
245923 2126
673607 2126
30037 2140
17892 2140
636884 2144
660647 2144
264390 2152
542801 2152
761444 2154
68746 2156
754931 2156
423963 2160
860672 2162
711990 2166
880926 2166
455124 2171
30371 2175
261428 2175
815861 2189
50205 2199
424997 2199
694308 2201
875927 2201
715557 2779
881876 2779
610307 2217
619847 2217
94735 2218
814907 2222
298080 2234
716168 2234
444621 2237
406705 2249
677168 2249
698574 2255
381820 2263
761353 2263
803741 4592
803742 4592
31028 2269
272051 2269
824694 2271
907531 2271
127959 2274
718425 2274
27432 2277
250410 2277
778825 2280
743785 2286
911740 2286
761012 2289
630742 2292
99822 2295
472817 2295
194527 2309
641593 2312
305248 2316
722301 2316
184079 2318
661326 2318
305550 2322
721427 2322
630084 2326
851527 2326
263362 2336
356163 2336
238641 2341
874643 2347
917518 2347
107548 2350
730675 2350
875018 2356
117984 2360
489066 2360
369279 2362
785286 2362
239740 2366
308550 2366
372267 2367
757216 2367
783731 2373
330850 2383
735616 2383
751856 2385
890616 2385
253803 2386
680662 2386
897923 2387
928442 2387
280376 2390
805670 2390
1730 2397
315837 2397
15137 2400
282810 2400
656028 2416
142286 2443
381251 2443
782219 2444
897450 2444
368691 2459
755043 2459
235185 2461
440086 2461
118373 2462
486130 2462
16071 2463
289167 2463
69032 2464
450057 2464
38089 2467
362753 2467
707673 2468
321696 2470
506048 2470
452653 2487
788168 2487
755200 3912
891260 3912
17030 2498
292152 2498
245665 2506
672281 2506
41352 2509
398155 2509
90836 3259
630008 3259
421261 2522
797824 2522
366499 2529
79318 2532
219405 2532
534725 2534
681594 2534
435208 2535
379142 2541
704685 2541
18606 2551
297453 2551
18629 2552
133979 2552
125156 2555
148917 2555
747773 2563
642773 2569
856087 2569
18997 2575
812263 2591
835080 2591
891683 2596
921428 2596
282971 2597
821943 2597
220468 2598
545463 2598
212740 2599
212741 2599
343234 2602
458855 2602
569966 2605
837613 2605
260170 3759
687438 3759
43243 2611
374008 2611
534495 2614
825608 2614
450574 4634
791273 2619
471037 2735
508947 2735
354346 2623
487738 2623
196287 2624
204183 2624
279809 2627
332086 2627
20727 2632
303896 2632
396923 2640
20927 2641
304588 2641
238638 2644
630337 2644
765170 2648
893589 2648
481983 2652
238706 2655
718375 2920
882615 2920
891938 2667
296448 2667
29578 2669
309909 2669
471741 2686
182052 2698
626148 2698
807353 2715
433118 4613
785742 2732
92558 2733
428573 2733
317804 2749
420921 2762
386387 2762
270278 2763
299207 2763
539880 2764
85988 2765
86299 2765
52320 2766
405618 2766
40158 2767
375783 2767
539695 2768
38379 2769
364774 2769
290984 2772
709620 2772
754374 2773
492759 2773
320423 2777
731244 2777
36881 2780
320065 2780
236191 2781
663297 2781
35813 2783
320752 2783
321481 2787
520864 2787
147112 2789
567196 2789
496221 2846
824387 2846
124691 2856
277905 2856
327262 2866
734520 2866
255843 2882
550824 2882
405888 2885
773537 2885
286602 2888
705931 2888
569644 2889
612416 2900
877633 2900
205494 2907
638492 2907
699640 4854
218918 4854
68098 2917
327253 2917
600406 2925
842551 2925
284329 2927
704936 2927
144795 3918
564438 3918
472714 4731
830823 4731
631415 2942
287414 2945
707576 2945
732014 2952
89118 2956
97488 2958
36029 2960
347902 2960
309959 2967
537546 2967
607417 4537
8990 2973
349213 2973
714719 2976
377173 2976
82572 2995
82645 2995
723662 2996
883835 2996
43785 3001
66283 3006
905346 3006
44656 3007
604986 3007
488055 3008
538793 3009
826950 3009
104192 3017
634087 3017
597756 3024
841613 3024
391758 3025
502093 3025
532900 3026
209485 3026
357997 3029
356063 3031
288013 3033
734196 3035
49309 3042
351732 3042
428953 3044
937371 3044
698118 3046
698119 3046
762538 3047
746368 3054
37841 3055
358560 3055
37846 3059
358643 3059
358642 3057
358723 3060
397631 3061
587530 3061
21616 3064
173383 3064
193681 3071
631503 3071
37923 3073
361001 3073
509626 3074
361519 3076
38037 3078
108303 3078
531072 3079
782664 3079
38310 3090
364283 3090
27632 3094
622109 3094
364957 3096
43388 3097
38443 3098
364986 3098
364998 3100
609944 3103
139998 3110
561252 3110
38755 3112
366593 3112
38781 3115
697644 3121
270294 3127
270333 3127
39222 3131
369631 3131
39252 3132
369779 3132
39262 3133
369965 3133
571259 3135
838023 3135
562946 3136
758420 3138
39441 3141
370573 3141
97925 3143
536159 3143
263877 4287
689384 4287
39499 3150
370821 3150
39557 3154
125313 3154
149608 3155
570332 3155
483696 3158
271010 3159
694489 3159
567737 3161
799837 3161
830458 3162
95935 3163
512492 3163
469632 3166
800503 3166
21062 3167
372429 3167
39788 3169
372675 3169
39801 3171
372749 3171
179939 3178
614417 3178
516000 3180
818610 3180
296773 3184
809028 3184
757140 3189
490892 3190
669656 3190
555800 3191
443525 3194
40351 3195
376576 3195
40502 3202
377642 3202
438577 3203
893107 3203
191785 3211
625326 3211
21080 3218
74968 3218
303013 3219
866863 3219
475556 3227
817178 3227
358694 3231
749513 3231
41233 3232
381326 3232
281570 3238
703393 3238
843984 3239
73661 3240
193147 3240
642055 3243
305408 3249
721331 3249
615757 4786
649025 3255
857818 3255
740758 3266
887602 3266
259921 3270
685278 3270
435874 3277
841449 3277
815973 3279
905621 3279
41287 3287
390157 3287
390206 3288
53539 3289
391117 3289
804094 3291
915416 3291
609623 3292
844949 3292
41322 3293
392858 3293
53641 3296
391369 3296
392015 3299
55399 3314
393607 3314
548816 3316
830815 3316
428983 3326
548649 3329
830784 3329
576484 4758
839118 4758
768001 3337
396212 3338
281283 3360
406548 3360
229672 3361
678132 3361
717677 3368
882392 3368
263100 3371
688531 3371
56072 3372
162059 3372
851276 3373
851277 3373
51504 3378
403688 3378
59117 3381
448944 3381
51990 3383
404771 3383
52642 3388
406304 3388
268304 3389
690977 3389
455860 3391
47637 3403
408683 3403
280121 3408
702247 3408
667883 3409
863780 3409
251230 3412
677885 3412
267531 3414
446525 3416
789485 3416
149544 3417
566381 3417
640233 3420
895673 3420
777115 3421
777116 3421
409681 3423
833614 3424
811331 3424
61289 3433
422019 3433
46350 3452
427056 3452
269617 3454
631266 3454
100063 3465
367872 3465
558168 3466
67337 3468
433226 3468
59480 3471
433998 3471
498607 3474
736162 3474
245968 3487
673641 3487
42055 3488
438103 3488
185513 3489
620434 3489
61959 3490
439335 3490
486650 3495
807999 3495
74667 3499
440465 3499
213007 3505
644668 3505
444201 3514
435894 3516
783926 3516
77279 3517
451195 3517
42225 3521
447261 3521
748479 3522
931078 3522
188601 3523
625703 3523
74234 3531
77342 3537
451337 3537
880434 3539
918975 3539
78768 3540
451485 3540
121615 3546
85308 3549
646537 3550
856736 3550
80870 3554
454435 3554
79358 3557
455017 3557
242085 3559
311314 3559
81425 3562
270357 3562
149263 3579
574123 3579
96775 3588
520856 3588
85316 3589
461177 3589
248106 3592
66111 3595
463418 3595
131322 3596
526152 3596
87195 3597
463846 3597
78334 3600
464694 3600
625934 3603
88340 3607
466981 3607
130066 3608
512877 3608
606982 3610
921377 3610
93437 3622
471063 3622
618414 3625
847932 3625
771006 3630
895025 3630
126573 3633
506748 3633
90138 3635
262893 3635
65176 3637
474201 3637
90891 3640
475273 3640
183687 3642
621642 3642
89290 3646
345087 3646
89351 3647
106515 3647
471718 3648
801479 3648
113101 3649
476714 3649
561354 3661
95631 3735
502432 3735
118501 3682
301172 3682
118932 3686
486907 3686
203112 3687
119155 3688
487224 3688
119508 3692
73993 3696
488276 3696
749162 3699
81505 3701
489762 3701
113906 3709
492086 3709
492641 3713
125250 3726
496933 3726
115352 3730
497747 3730
627202 3731
127974 3733
127997 3733
502478 3736
290656 3738
709523 3738
296396 3743
714802 3743
213170 3745
768925 3745
126790 3746
505701 3746
373802 3747
545769 3747
710726 3748
506632 3749
123227 3751
506910 3751
507389 3754
126247 3758
508116 3758
637539 3761
854017 3761
66134 3764
511706 3764
121987 3765
429149 3765
121993 3766
357746 3766
122012 3767
511828 3767
653375 3768
859035 3768
122190 3769
512447 3769
122285 3771
512741 3771
130409 3774
513629 3774
403668 3780
772281 3780
295043 3785
675495 3785
277919 3787
473050 3787
137786 3791
540140 3791
96999 3792
521720 3792
97144 3794
522369 3794
646867 4811
856840 4811
127025 3799
430753 3799
127203 3800
524085 3800
529072 3809
134796 3814
530139 3814
824511 3816
907477 3816
133255 3821
533394 3821
535232 3831
133898 3832
535508 3832
132516 3837
536760 3837
134960 3841
538276 3841
807276 3842
756100 3846
831315 3846
138164 3850
541384 3850
139248 3856
543959 3856
139289 3857
544022 3857
139590 3860
545509 3860
764095 3862
915543 3862
136898 3863
545976 3863
427734 3867
639342 3867
144159 3872
549168 3872
138849 3874
549238 3874
627641 3875
549874 3876
343383 3885
539072 3885
671037 3888
553452 3889
733541 3894
676679 3899
143600 3901
233862 3901
317884 3907
729246 3907
143587 3908
562364 3908
294657 3909
294674 3909
144877 3911
562882 3911
843292 3913
483237 3917
147720 3926
565630 3926
146952 3927
68721 3927
486203 3939
648838 3939
616643 3941
847349 3941
139457 3942
573960 3942
151183 3944
574149 3944
659553 3945
575881 3948
151511 3949
576513 3949
588172 3963
593344 3968
159991 3969
589101 3969
600239 3974
724901 3977
884152 3977
172562 3980
604333 3980
662402 3981
662403 3981
174432 3984
605425 3984
6186 3985
605540 3985
179534 3991
613288 3991
243170 3993
608646 3995
177776 4001
610820 4001
713801 4006
201402 4006
345626 4007
742047 4007
179343 4008
430448 4008
179410 4011
436604 4011
827863 4012
908333 4012
179841 4014
358803 4014
179969 4017
180644 4017
924096 4020
324352 4022
731989 4022
520589 4026
183459 4029
616812 4029
183336 4030
617016 4030
480370 4033
805511 4033
50101 4034
618361 4034
182546 4035
618531 4035
522581 4037
821498 4037
403459 4040
772107 4040
184047 4046
620965 4046
182763 4048
624823 4053
350933 4054
745014 4054
886696 4058
481507 4060
806123 4060
663854 4181
193985 4062
627893 4062
193987 4063
627894 4063
193025 4066
628730 4066
103891 4068
628967 4067
628966 4068
644095 4069
193273 4070
629288 4070
253094 4072
680077 4072
722347 4073
195493 4076
631549 4076
195507 4077
289180 4077
195960 4080
632284 4080
451222 4081
723670 4081
104096 4084
633645 4084
104164 4085
634022 4085
200064 4091
375673 4091
72481 4093
72759 4093
202544 4094
636721 4094
390238 4096
765616 4096
202889 4098
203105 4098
205159 4100
638129 4100
204605 4101
638239 4101
642816 4108
643574 4109
644373 4113
108714 4115
826880 4120
908101 4120
104962 4123
647662 4123
104977 4124
469746 4124
216646 4125
647814 4125
297710 4127
716255 4127
218712 4131
623610 4131
217932 4132
650488 4132
794970 4136
794972 4136
271387 4137
694780 4137
222351 4138
225802 4139
575361 4139
653369 4140
228248 4143
655411 4143
227990 4144
466384 4144
229063 4145
656219 4145
207364 4147
656532 4147
228782 4152
574059 4152
228473 4153
657774 4153
362850 4154
496127 4154
657911 4155
176416 4156
747005 4156
230149 4158
565113 4158
659451 4159
861163 4159
315459 4166
659256 4168
232460 4171
660591 4171
105657 4172
660795 4172
233717 4173
661369 4173
644490 4174
644491 4174
453515 4175
522309 4191
821077 4191
237921 4192
664282 4192
239166 4193
664293 4193
237946 4194
664868 4194
238212 4196
238549 4197
523307 4197
240252 4202
666504 4202
764551 4203
241462 4208
332838 4208
767891 4209
894265 4209
669090 4212
246596 4216
785652 4217
244600 4218
671439 4218
874948 4227
917674 4227
248601 4234
675724 4234
248997 4235
675942 4235
250355 4241
518302 4241
250643 4242
677792 4242
35079 4244
678857 4244
679353 4246
271164 4248
255496 4250
681672 4250
255741 4252
682170 4252
255008 4253
682237 4253
806032 4258
475707 4260
475708 4260
685108 4268
258903 4271
685420 4271
260782 4274
685899 4274
545617 4277
263112 4282
688559 4282
688879 4284
770259 4288
894814 4288
751217 4289
885920 4289
312544 4291
263743 4297
299385 4297
692861 4300
182157 4303
693101 4303
352059 4305
745393 4305
431978 4306
781902 4306
771392 4308
694331 4309
924775 4311
928909 4311
271910 4312
694568 4312
272063 4313
694817 4313
271723 4314
695132 4314
695172 4315
272347 4318
695646 4318
699881 4326
431250 4332
281677 4334
703461 4334
284255 4341
456990 4341
284513 4342
704966 4342
285059 4348
705179 4348
284693 4353
706574 4353
284100 4355
286918 4365
326165 4365
502493 4370
814062 4370
292086 4372
710420 4372
251002 4374
711972 4374
294264 4375
712554 4375
294284 4376
712594 4376
295237 4377
713428 4377
295057 4378
713698 4378
296427 4380
714406 4380
297559 4382
604672 4382
298195 4384
715808 4384
298553 4387
716922 4387
368603 4391
669416 4391
302852 4392
719413 4392
302898 4393
719452 4393
303638 4394
720389 4394
306594 4396
721765 4396
396526 4397
365539 4398
752856 4398
52752 4399
484218 4399
307605 4400
722658 4400
722761 4401
383850 4402
746312 4402
308185 4408
656055 4408
310890 4418
726058 4418
315775 4423
709514 4423
318824 4427
685757 4427
212827 4431
910709 4431
326606 4433
407380 4433
709579 4436
880129 4436
321583 4437
734251 4437
804549 4441
903105 4441
186183 4443
557695 4443
328573 4444
736328 4444
140641 4448
664373 4448
334449 4449
737551 4449
335551 4453
738652 4453
336583 4454
738777 4454
336435 4455
739059 4455
739419 4457
91572 4460
726090 4460
339884 4462
339887 4462
341614 4464
107883 4471
741497 4471
341386 4475
743123 4475
348326 4479
743296 4479
733671 4751
910059 4480
350782 4484
744947 4484
351829 4486
745185 4486
352787 4488
746252 4488
355815 4491
494136 4491
355631 4492
652646 4492
67436 4495
748834 4495
108023 4497
749551 4497
360857 4499
750051 4499
360994 4501
750587 4501
362845 4502
750799 4502
362406 4503
751595 4503
363776 4506
752301 4506
366174 4508
753956 4508
334284 4509
754191 4509
754213 4510
754214 4511
366513 4512
754321 4512
904366 4514
369576 4516
554347 4516
370495 4519
756360 4519
596701 4520
841411 4520
371828 4523
757121 4523
372082 4525
665229 4525
352082 4529
759338 4529
887209 4530
920480 4530
378847 4532
759780 4532
379400 4533
760173 4533
380375 4534
760414 4534
381243 4536
761036 4536
380926 4537
761082 4538
381816 4541
761349 4541
392512 4547
766739 4547
393073 4548
767214 4548
393629 4549
393631 4549
393991 4551
767449 4551
394343 4552
767647 4552
767773 4554
768479 4558
397222 4562
769208 4562
396692 4560
768900 4560
395638 4561
768948 4561
401044 4565
771123 4565
402625 4570
567957 4570
162104 4571
772677 4571
381471 4574
773584 4574
420728 4581
420731 4581
420679 4582
776078 4582
420770 4583
776137 4583
420859 4584
776283 4584
422253 4585
776986 4585
422681 4586
777172 4586
424702 4589
778183 4589
426280 4590
778533 4590
427258 4593
779269 4593
429475 4594
780599 4594
431858 4599
781995 4599
433183 4600
782320 4600
803134 4606
902729 4606
367925 4610
907873 4610
438043 4611
785179 4611
439206 4612
785693 4612
785741 4613
439197 4614
785859 4614
665704 4616
748071 4616
856250 4617
787880 4621
444861 4623
788508 4623
445924 4627
789038 4627
446573 4628
789578 4628
448018 4630
448799 4631
791277 4634
109071 4635
791368 4635
699846 4637
698950 4851
422856 4851
458038 4649
795325 4649
462745 4652
797623 4652
466341 4654
798991 4654
472400 4657
801898 4657
472867 4658
802284 4658
474007 4660
109273 4660
476938 4666
804353 4666
35186 4669
804861 4669
479914 4670
805606 4670
806031 4672
482115 4675
806400 4675
483191 4676
806934 4676
483844 4677
806967 4677
110628 4678
920557 4678
484567 4679
807322 4679
453092 4680
807626 4680
485818 4681
807729 4681
487672 4687
808545 4687
490464 4688
809874 4688
491341 4690
810161 4690
810518 4692
493630 4696
787226 4697
502081 4700
813834 4700
503149 4702
814353 4702
503220 4703
814555 4703
507492 4706
815946 4706
511730 4709
817082 4709
544974 4712
829423 4712
520740 4713
820480 4713
524084 4714
821749 4714
524119 4715
821862 4715
524361 4716
821865 4716
524784 4717
524785 4717
526257 4718
822528 4718
527990 4720
823210 4720
530543 4722
686641 4722
534586 4724
825633 4724
537394 4726
826524 4726
545651 4729
829272 4729
190244 4732
831351 4732
552989 4734
831774 4734
557991 4740
800285 4740
558807 4741
833519 4741
558664 4742
833573 4742
909519 4744
909520 4744
560782 4747
834154 4747
562340 4748
834613 4748
335590 4749
834706 4749
568156 4751
569711 4752
837220 4752
570479 4753
837529 4753
571021 4755
837816 4755
90428 4756
838281 4756
575863 4757
839097 4757
579481 4759
791500 4759
587448 4762
840509 4762
591062 4763
787552 4763
588996 4764
841286 4765
318584 4766
841343 4766
646416 4768
778160 4768
603130 4769
842919 4769
610786 4775
845381 4775
610993 4776
845390 4776
610592 4778
845893 4778
614433 4779
846407 4779
615261 4781
846818 4781
615408 4782
846884 4782
617364 4788
847595 4788
618926 4789
848096 4789
619909 4791
848536 4791
625753 4794
850124 4794
631187 4796
851795 4796
845925 4798
828560 4798
852499 4800
635446 4801
853263 4801
637283 4803
853928 4803
637587 4804
854223 4804
638499 4805
854510 4805
855249 4806
737222 4807
886720 4807
641689 4808
855454 4808
641952 4809
855572 4809
646570 4810
10855 4810
648476 4812
857632 4812
654521 4813
859485 4813
654829 4814
859603 4814
656255 4816
860025 4816
392630 4817
860137 4817
656812 4818
860195 4818
657159 4819
860303 4819
657907 4821
658124 4822
661959 4822
658514 4823
860822 4823
659063 4824
860946 4824
659272 4825
683958 4825
660660 4826
861484 4826
669772 4829
747930 4829
676654 4833
865875 4833
682130 4836
867362 4836
686337 4839
873478 4839
687678 4840
873860 4840
540118 4841
873965 4841
688644 4842
688460 4842
689749 4843
874578 4843
689952 4844
689953 4844
692563 4845
875395 4845
693388 4846
875588 4846
695265 4847
876273 4847
697954 4849
876963 4849
698808 4850
877201 4850
877462 4852
699917 4853
877512 4853
701094 4856
877943 4856
701484 4857
878170 4857
702410 4859
705789 4859
542430 4860
878496 4860
704147 4861
878819 4861
879139 4863
705815 4864
879225 4864
712746 4865
881102 4865
712940 4866
602388 4866
805647 4869
868007 4869
716450 4870
882118 4957
716860 4871
882213 4871
723702 4875
777669 4875
730237 4880
885180 4880
732479 4881
885738 4881
732618 4883
885765 4883
735814 4885
852154 4885
738639 4887
738640 4887
739279 4888
805050 4888
742955 4889
742957 4889
743727 4890
888193 4890
746081 4892
888902 4892
749881 4893
890029 4893
751897 4894
751898 4894
630604 4895
752194 4895
754483 4896
891086 4896
759946 4897
892608 4897
761270 4898
499918 4898
767301 4899
894137 4899
522824 4900
894795 4900
771301 4901
893692 4901
773209 4903
895620 4903
645472 4905
896658 4905
780986 4906
897225 4906
781942 4907
781943 4907
788502 4908
788503 4908
607184 4909
607185 4909
793628 4913
900345 4913
793933 4914
900496 4914
900561 4915
795264 4916
900757 4916
796255 4917
901008 4917
799960 4919
902056 4919
800592 4920
902224 4920
808434 4928
903952 4928
811783 4930
904661 4930
814150 4931
879039 4931
815755 4932
905595 4932
816954 4934
905884 4934
828216 4938
908451 4938
829123 4939
829125 4939
835371 4941
909770 4941
836393 4942
909958 4942
837357 4943
910190 4943
838623 4944
838624 4944
845389 4946
911908 4946
854345 4948
913908 4948
856399 4950
914290 4950
873672 4952
886247 4952
880959 4956
919133 4956
919347 4957
883321 4959
919615 4959
883792 4960
919715 4960
885177 4961
920090 4961
895217 4963
922220 4963
900901 4964
900902 4964
901615 4965
923686 4965
910689 4966
392606 4966
799241 4967
921487 4976
928152 4976
922655 4977
928425 4977
927798 4980
929658 4980
929726 4981
313595 4988
931979 4988
148199 4991
934209 4991
934643 4992
63879 4993
936354 4993
937411 4994
939285 4996
868060 4996
